/*!40101 SET @OLD_CHARACTER_SET_CLIENT=@@CHARACTER_SET_CLIENT */;
/*!40101 SET @OLD_CHARACTER_SET_RESULTS=@@CHARACTER_SET_RESULTS */;
/*!40101 SET @OLD_COLLATION_CONNECTION=@@COLLATION_CONNECTION */;
/*!40101 SET NAMES utf8mb4 */;
/*!40014 SET @OLD_UNIQUE_CHECKS=@@UNIQUE_CHECKS, UNIQUE_CHECKS=0 */;
/*!40014 SET @OLD_FOREIGN_KEY_CHECKS=@@FOREIGN_KEY_CHECKS, FOREIGN_KEY_CHECKS=0 */;
/*!40101 SET @OLD_SQL_MODE=@@SQL_MODE, SQL_MODE='NO_AUTO_VALUE_ON_ZERO' */;
/*!40111 SET @OLD_SQL_NOTES=@@SQL_NOTES, SQL_NOTES=0 */;

DROP TABLE IF EXISTS `account`;
CREATE TABLE `account` (
  `id` varchar(36) NOT NULL,
  `username` varchar(255) NOT NULL,
  `password` varchar(255) NOT NULL,
  `email` varchar(255) NOT NULL,
  `refreshToken` varchar(255) DEFAULT NULL,
  `access_token` varchar(2048) DEFAULT NULL,
  `permissionId` varchar(25) DEFAULT NULL,
  `isSystem` tinyint NOT NULL DEFAULT '0',
  PRIMARY KEY (`id`),
  UNIQUE KEY `IDX_41dfcb70af895ddf9a53094515` (`username`),
  UNIQUE KEY `IDX_4c8f96ccf523e9a3faefd5bdd4` (`email`),
  KEY `FK_620e1e5b7e59e234df73ace64d2` (`permissionId`),
  CONSTRAINT `FK_620e1e5b7e59e234df73ace64d2` FOREIGN KEY (`permissionId`) REFERENCES `permission` (`permissionId`)
) ENGINE=InnoDB DEFAULT CHARSET=utf8mb4 COLLATE=utf8mb4_0900_ai_ci;

DROP TABLE IF EXISTS `attach`;
CREATE TABLE `attach` (
  `id` varchar(36) NOT NULL,
  `filename` varchar(255) NOT NULL,
  `link` varchar(255) NOT NULL,
  `createDate` datetime(6) NOT NULL DEFAULT CURRENT_TIMESTAMP(6),
  `lastModifyDate` datetime(6) NOT NULL DEFAULT CURRENT_TIMESTAMP(6) ON UPDATE CURRENT_TIMESTAMP(6),
  `thesisId` varchar(255) DEFAULT NULL,
  `scientificResearchId` varchar(25) DEFAULT NULL,
  `createUserUserId` varchar(25) NOT NULL,
  `lastModifyUserUserId` varchar(25) DEFAULT NULL,
  PRIMARY KEY (`id`),
  KEY `FK_4ccde73bf1fca4f854aaa3320de` (`thesisId`),
  KEY `FK_61349bcf4ceecca472d987834b7` (`scientificResearchId`),
  KEY `FK_425a674c4492aaae54b9d64d7d5` (`createUserUserId`),
  KEY `FK_c5b9fdbae9036f4cfdfa88787a1` (`lastModifyUserUserId`),
  CONSTRAINT `FK_425a674c4492aaae54b9d64d7d5` FOREIGN KEY (`createUserUserId`) REFERENCES `user` (`userId`),
  CONSTRAINT `FK_4ccde73bf1fca4f854aaa3320de` FOREIGN KEY (`thesisId`) REFERENCES `thesis` (`id`),
  CONSTRAINT `FK_61349bcf4ceecca472d987834b7` FOREIGN KEY (`scientificResearchId`) REFERENCES `scientific_research` (`scientificResearchId`),
  CONSTRAINT `FK_c5b9fdbae9036f4cfdfa88787a1` FOREIGN KEY (`lastModifyUserUserId`) REFERENCES `user` (`userId`)
) ENGINE=InnoDB DEFAULT CHARSET=utf8mb4 COLLATE=utf8mb4_0900_ai_ci;

DROP TABLE IF EXISTS `component_score`;
CREATE TABLE `component_score` (
  `id` varchar(36) NOT NULL,
  `componentName` varchar(255) NOT NULL,
  `weight` int NOT NULL,
  `weightScore` decimal(5,2) NOT NULL,
  `scoreId` varchar(36) NOT NULL,
  PRIMARY KEY (`id`),
  KEY `FK_288b37c17f6ee7d40b18a33f231` (`scoreId`),
  CONSTRAINT `FK_288b37c17f6ee7d40b18a33f231` FOREIGN KEY (`scoreId`) REFERENCES `score` (`id`)
) ENGINE=InnoDB DEFAULT CHARSET=utf8mb4 COLLATE=utf8mb4_0900_ai_ci;

DROP TABLE IF EXISTS `conversation`;
CREATE TABLE `conversation` (
  `id` varchar(36) NOT NULL,
  `createDate` datetime(6) NOT NULL DEFAULT CURRENT_TIMESTAMP(6),
  `thesisId` varchar(255) DEFAULT NULL,
  `scientificResearchId` varchar(25) DEFAULT NULL,
  PRIMARY KEY (`id`),
  KEY `FK_0727e41227b0c7178787e5bf043` (`thesisId`),
  KEY `FK_e2f46fd655109b834b04f232f80` (`scientificResearchId`),
  CONSTRAINT `FK_0727e41227b0c7178787e5bf043` FOREIGN KEY (`thesisId`) REFERENCES `thesis` (`id`),
  CONSTRAINT `FK_e2f46fd655109b834b04f232f80` FOREIGN KEY (`scientificResearchId`) REFERENCES `scientific_research` (`scientificResearchId`)
) ENGINE=InnoDB DEFAULT CHARSET=utf8mb4 COLLATE=utf8mb4_0900_ai_ci;

DROP TABLE IF EXISTS `cycle`;
CREATE TABLE `cycle` (
  `id` varchar(36) NOT NULL,
  `cycleName` varchar(255) NOT NULL,
  `cycleId` varchar(255) NOT NULL,
  `startYear` int NOT NULL,
  `endYear` int NOT NULL,
  PRIMARY KEY (`id`),
  UNIQUE KEY `IDX_d645bb289f47342d79128c0555` (`cycleId`)
) ENGINE=InnoDB DEFAULT CHARSET=utf8mb4 COLLATE=utf8mb4_0900_ai_ci;

DROP TABLE IF EXISTS `faculty`;
CREATE TABLE `faculty` (
  `facultyId` varchar(25) NOT NULL,
  `facultyName` varchar(255) NOT NULL,
  PRIMARY KEY (`facultyId`)
) ENGINE=InnoDB DEFAULT CHARSET=utf8mb4 COLLATE=utf8mb4_0900_ai_ci;

DROP TABLE IF EXISTS `feature`;
CREATE TABLE `feature` (
  `featureId` varchar(25) NOT NULL,
  `featureName` varchar(255) NOT NULL,
  `keyRoute` varchar(255) DEFAULT NULL,
  `icon` varchar(255) DEFAULT NULL,
  `parentFeatureId` varchar(25) DEFAULT NULL,
  `orderNo` int NOT NULL DEFAULT '0',
  PRIMARY KEY (`featureId`),
  KEY `FK_106003759b25c6dba67e0456fbd` (`parentFeatureId`),
  CONSTRAINT `FK_106003759b25c6dba67e0456fbd` FOREIGN KEY (`parentFeatureId`) REFERENCES `feature` (`featureId`)
) ENGINE=InnoDB DEFAULT CHARSET=utf8mb4 COLLATE=utf8mb4_0900_ai_ci;

DROP TABLE IF EXISTS `follower`;
CREATE TABLE `follower` (
  `id` varchar(36) NOT NULL,
  `scientificResearchId` varchar(25) DEFAULT NULL,
  `thesisId` varchar(255) DEFAULT NULL,
  PRIMARY KEY (`id`),
  UNIQUE KEY `IDX_1596f5a66edd3294c7c8873b85` (`scientificResearchId`,`thesisId`),
  KEY `FK_a7f831ef260ad257b7ac4d47fb7` (`thesisId`),
  CONSTRAINT `FK_a7f831ef260ad257b7ac4d47fb7` FOREIGN KEY (`thesisId`) REFERENCES `thesis` (`id`),
  CONSTRAINT `FK_f3b72a02f1b5d905c12cd6be566` FOREIGN KEY (`scientificResearchId`) REFERENCES `scientific_research` (`scientificResearchId`) ON DELETE CASCADE
) ENGINE=InnoDB DEFAULT CHARSET=utf8mb4 COLLATE=utf8mb4_0900_ai_ci;

DROP TABLE IF EXISTS `follower_detail`;
CREATE TABLE `follower_detail` (
  `id` varchar(36) NOT NULL,
  `followerId` varchar(36) DEFAULT NULL,
  `userId` varchar(25) DEFAULT NULL,
  PRIMARY KEY (`id`),
  UNIQUE KEY `IDX_d439a20a2a123509e7bb85178d` (`followerId`,`userId`),
  KEY `FK_1464a425f2627a21874a4fdad03` (`userId`),
  CONSTRAINT `FK_1464a425f2627a21874a4fdad03` FOREIGN KEY (`userId`) REFERENCES `user` (`userId`),
  CONSTRAINT `FK_71036233f8c57d117aa7874e4ee` FOREIGN KEY (`followerId`) REFERENCES `follower` (`id`) ON DELETE CASCADE
) ENGINE=InnoDB DEFAULT CHARSET=utf8mb4 COLLATE=utf8mb4_0900_ai_ci;

DROP TABLE IF EXISTS `major`;
CREATE TABLE `major` (
  `majorId` varchar(25) NOT NULL,
  `majorName` varchar(255) NOT NULL,
  `orderNo` int NOT NULL,
  `facultyId` varchar(25) DEFAULT NULL,
  PRIMARY KEY (`majorId`),
  KEY `FK_ac4bdd43e2f613aca140c937fbe` (`facultyId`),
  CONSTRAINT `FK_ac4bdd43e2f613aca140c937fbe` FOREIGN KEY (`facultyId`) REFERENCES `faculty` (`facultyId`)
) ENGINE=InnoDB DEFAULT CHARSET=utf8mb4 COLLATE=utf8mb4_0900_ai_ci;

DROP TABLE IF EXISTS `major_cycle`;
CREATE TABLE `major_cycle` (
  `majorId` varchar(25) NOT NULL,
  `cycleId` varchar(255) NOT NULL,
  PRIMARY KEY (`majorId`,`cycleId`),
  KEY `IDX_58d38fcfd52539c4cbd46fcaa7` (`majorId`),
  KEY `IDX_bcbe46b291b73fddc1e80cd186` (`cycleId`),
  CONSTRAINT `FK_58d38fcfd52539c4cbd46fcaa71` FOREIGN KEY (`majorId`) REFERENCES `major` (`majorId`) ON DELETE CASCADE ON UPDATE CASCADE,
  CONSTRAINT `FK_bcbe46b291b73fddc1e80cd1862` FOREIGN KEY (`cycleId`) REFERENCES `cycle` (`cycleId`) ON DELETE CASCADE ON UPDATE CASCADE
) ENGINE=InnoDB DEFAULT CHARSET=utf8mb4 COLLATE=utf8mb4_0900_ai_ci;

DROP TABLE IF EXISTS `message`;
CREATE TABLE `message` (
  `id` varchar(36) NOT NULL,
  `content` varchar(255) NOT NULL,
  `isSeen` tinyint NOT NULL DEFAULT '0',
  `createDate` datetime(6) NOT NULL DEFAULT CURRENT_TIMESTAMP(6),
  `lastModifyDate` datetime(6) NOT NULL DEFAULT CURRENT_TIMESTAMP(6) ON UPDATE CURRENT_TIMESTAMP(6),
  `senderId` varchar(25) DEFAULT NULL,
  `conversationId` varchar(36) NOT NULL,
  PRIMARY KEY (`id`),
  KEY `FK_bc096b4e18b1f9508197cd98066` (`senderId`),
  KEY `FK_7cf4a4df1f2627f72bf6231635f` (`conversationId`),
  CONSTRAINT `FK_7cf4a4df1f2627f72bf6231635f` FOREIGN KEY (`conversationId`) REFERENCES `conversation` (`id`),
  CONSTRAINT `FK_bc096b4e18b1f9508197cd98066` FOREIGN KEY (`senderId`) REFERENCES `user` (`userId`)
) ENGINE=InnoDB DEFAULT CHARSET=utf8mb4 COLLATE=utf8mb4_0900_ai_ci;

DROP TABLE IF EXISTS `notification`;
CREATE TABLE `notification` (
  `id` varchar(36) NOT NULL,
  `content` varchar(255) NOT NULL,
  `url` varchar(255) NOT NULL,
  `isRead` tinyint NOT NULL DEFAULT '0',
  `createDate` datetime(6) NOT NULL DEFAULT CURRENT_TIMESTAMP(6),
  `type` enum('success','error','warning','info') NOT NULL,
  `toUserId` varchar(25) DEFAULT NULL,
  `createUserId` varchar(25) NOT NULL,
  PRIMARY KEY (`id`),
  UNIQUE KEY `IDX_bd275d190f98424d8cc7a33790` (`toUserId`,`createUserId`,`content`),
  KEY `FK_9cad92f9fea8341a1115e6d288e` (`createUserId`),
  CONSTRAINT `FK_9cad92f9fea8341a1115e6d288e` FOREIGN KEY (`createUserId`) REFERENCES `user` (`userId`),
  CONSTRAINT `FK_af00ff08918ea1e83aa3db736be` FOREIGN KEY (`toUserId`) REFERENCES `user` (`userId`)
) ENGINE=InnoDB DEFAULT CHARSET=utf8mb4 COLLATE=utf8mb4_0900_ai_ci;

DROP TABLE IF EXISTS `participant`;
CREATE TABLE `participant` (
  `id` varchar(36) NOT NULL,
  `conversationId` varchar(36) NOT NULL,
  `userId` varchar(25) DEFAULT NULL,
  PRIMARY KEY (`id`),
  KEY `FK_c03594530101ba8d1cf05bb137b` (`conversationId`),
  KEY `FK_b915e97dea27ffd1e40c8003b3b` (`userId`),
  CONSTRAINT `FK_b915e97dea27ffd1e40c8003b3b` FOREIGN KEY (`userId`) REFERENCES `user` (`userId`),
  CONSTRAINT `FK_c03594530101ba8d1cf05bb137b` FOREIGN KEY (`conversationId`) REFERENCES `conversation` (`id`)
) ENGINE=InnoDB DEFAULT CHARSET=utf8mb4 COLLATE=utf8mb4_0900_ai_ci;

DROP TABLE IF EXISTS `permission`;
CREATE TABLE `permission` (
  `permissionId` varchar(25) NOT NULL,
  `permissionName` varchar(255) NOT NULL,
  `createDate` datetime(6) NOT NULL DEFAULT CURRENT_TIMESTAMP(6),
  `lastModifyDate` datetime(6) NOT NULL DEFAULT CURRENT_TIMESTAMP(6) ON UPDATE CURRENT_TIMESTAMP(6),
  `createUserId` varchar(25) NOT NULL,
  `lastModifyUserId` varchar(25) DEFAULT NULL,
  PRIMARY KEY (`permissionId`),
  KEY `FK_fff5202c3478ac5a9a5bc54d888` (`createUserId`),
  KEY `FK_92b78fb3c97fd84064b88b4b1fe` (`lastModifyUserId`),
  CONSTRAINT `FK_92b78fb3c97fd84064b88b4b1fe` FOREIGN KEY (`lastModifyUserId`) REFERENCES `user` (`userId`),
  CONSTRAINT `FK_fff5202c3478ac5a9a5bc54d888` FOREIGN KEY (`createUserId`) REFERENCES `user` (`userId`)
) ENGINE=InnoDB DEFAULT CHARSET=utf8mb4 COLLATE=utf8mb4_0900_ai_ci;

DROP TABLE IF EXISTS `permission_feature`;
CREATE TABLE `permission_feature` (
  `id` varchar(36) NOT NULL,
  `permissionId` varchar(25) NOT NULL,
  `featureId` varchar(25) NOT NULL,
  `permissionDetail` json DEFAULT NULL,
  PRIMARY KEY (`id`),
  UNIQUE KEY `IDX_fcffb72b0d8e69311a702f1d13` (`permissionId`,`featureId`),
  KEY `FK_c83ecd1127d15bb8133766f43ed` (`featureId`),
  CONSTRAINT `FK_b82798bdda5af9189d8753cf7c2` FOREIGN KEY (`permissionId`) REFERENCES `permission` (`permissionId`),
  CONSTRAINT `FK_c83ecd1127d15bb8133766f43ed` FOREIGN KEY (`featureId`) REFERENCES `feature` (`featureId`) ON DELETE CASCADE
) ENGINE=InnoDB DEFAULT CHARSET=utf8mb4 COLLATE=utf8mb4_0900_ai_ci;

DROP TABLE IF EXISTS `project`;
CREATE TABLE `project` (
  `projectId` varchar(25) NOT NULL,
  `projectName` varchar(255) NOT NULL,
  `description` varchar(999) NOT NULL,
  `numberOfMember` int NOT NULL,
  `executionTime` varchar(255) DEFAULT NULL,
  `startDate` datetime DEFAULT NULL,
  `finishDate` datetime DEFAULT NULL,
  `level` enum('Cơ sở','Thành phố','Bộ','Quốc gia','Quốc tế') NOT NULL,
  `budget` decimal(15,2) DEFAULT NULL,
  `createDate` datetime(6) NOT NULL DEFAULT CURRENT_TIMESTAMP(6),
  `lastModifyDate` datetime(6) NOT NULL DEFAULT CURRENT_TIMESTAMP(6) ON UPDATE CURRENT_TIMESTAMP(6),
  `statusStatusId` varchar(25) NOT NULL,
  `instructorUserId` varchar(25) DEFAULT NULL,
  `facultyFacultyId` varchar(25) NOT NULL,
  `createUserUserId` varchar(25) NOT NULL,
  `lastModifyUserUserId` varchar(25) NOT NULL,
  PRIMARY KEY (`projectId`),
  KEY `FK_7d17ba5929d836acd6b024c59ec` (`statusStatusId`),
  KEY `FK_a1cda2ff660ec512cc610ef3389` (`instructorUserId`),
  KEY `FK_4e46159a491837f208d7d648f52` (`facultyFacultyId`),
  KEY `FK_58ef3091dbb7268a15671db8208` (`createUserUserId`),
  KEY `FK_7c3bf3a6633f5246fcc72585b3d` (`lastModifyUserUserId`),
  CONSTRAINT `FK_4e46159a491837f208d7d648f52` FOREIGN KEY (`facultyFacultyId`) REFERENCES `faculty` (`facultyId`),
  CONSTRAINT `FK_58ef3091dbb7268a15671db8208` FOREIGN KEY (`createUserUserId`) REFERENCES `user` (`userId`),
  CONSTRAINT `FK_7c3bf3a6633f5246fcc72585b3d` FOREIGN KEY (`lastModifyUserUserId`) REFERENCES `user` (`userId`),
  CONSTRAINT `FK_7d17ba5929d836acd6b024c59ec` FOREIGN KEY (`statusStatusId`) REFERENCES `status` (`statusId`),
  CONSTRAINT `FK_a1cda2ff660ec512cc610ef3389` FOREIGN KEY (`instructorUserId`) REFERENCES `user` (`userId`)
) ENGINE=InnoDB DEFAULT CHARSET=utf8mb4 COLLATE=utf8mb4_0900_ai_ci;

DROP TABLE IF EXISTS `scientific_research`;
CREATE TABLE `scientific_research` (
  `scientificResearchId` varchar(25) NOT NULL,
  `scientificResearchName` varchar(255) NOT NULL,
  `description` varchar(999) NOT NULL,
  `numberOfMember` int NOT NULL,
  `executionTime` varchar(255) DEFAULT NULL,
  `startDate` datetime DEFAULT NULL,
  `finishDate` datetime DEFAULT NULL,
  `level` enum('Cơ sở','Thành phố','Bộ','Quốc gia','Quốc tế') NOT NULL,
  `budget` decimal(15,2) DEFAULT NULL,
  `createDate` datetime(6) NOT NULL DEFAULT CURRENT_TIMESTAMP(6),
  `lastModifyDate` datetime(6) NOT NULL DEFAULT CURRENT_TIMESTAMP(6) ON UPDATE CURRENT_TIMESTAMP(6),
  `statusId` varchar(25) NOT NULL,
  `instructorId` varchar(25) DEFAULT NULL,
  `createUserId` varchar(25) NOT NULL,
  `lastModifyUserId` varchar(25) DEFAULT NULL,
  `scientificResearchGroupId` varchar(25) DEFAULT NULL,
  `isDisable` tinyint NOT NULL DEFAULT '0',
  PRIMARY KEY (`scientificResearchId`),
  KEY `FK_c10e8268403f26f85389ddeba57` (`statusId`),
  KEY `FK_78990b02097b534850f414f7cbe` (`instructorId`),
  KEY `FK_fc0a019b4f0b911794fe632d1c0` (`createUserId`),
  KEY `FK_39d1e2e187c2df4936bfef3dc3e` (`scientificResearchGroupId`),
  KEY `FK_28617167ec735fae89e97bd55ec` (`lastModifyUserId`),
  CONSTRAINT `FK_28617167ec735fae89e97bd55ec` FOREIGN KEY (`lastModifyUserId`) REFERENCES `user` (`userId`),
  CONSTRAINT `FK_39d1e2e187c2df4936bfef3dc3e` FOREIGN KEY (`scientificResearchGroupId`) REFERENCES `scientific_research_group` (`scientificResearchGroupId`),
  CONSTRAINT `FK_78990b02097b534850f414f7cbe` FOREIGN KEY (`instructorId`) REFERENCES `user` (`userId`),
  CONSTRAINT `FK_c10e8268403f26f85389ddeba57` FOREIGN KEY (`statusId`) REFERENCES `status` (`statusId`),
  CONSTRAINT `FK_fc0a019b4f0b911794fe632d1c0` FOREIGN KEY (`createUserId`) REFERENCES `user` (`userId`)
) ENGINE=InnoDB DEFAULT CHARSET=utf8mb4 COLLATE=utf8mb4_0900_ai_ci;

DROP TABLE IF EXISTS `scientific_research_group`;
CREATE TABLE `scientific_research_group` (
  `scientificResearchGroupId` varchar(25) NOT NULL,
  `scientificResearchGroupName` varchar(255) NOT NULL,
  `startYear` int DEFAULT NULL,
  `finishYear` int DEFAULT NULL,
  `createDate` datetime(6) NOT NULL DEFAULT CURRENT_TIMESTAMP(6),
  `lastModifyDate` datetime(6) NOT NULL DEFAULT CURRENT_TIMESTAMP(6) ON UPDATE CURRENT_TIMESTAMP(6),
  `statusId` varchar(25) NOT NULL,
  `facultyId` varchar(25) NOT NULL,
  `createUserId` varchar(25) NOT NULL,
  `lastModifyUserId` varchar(25) NOT NULL,
  PRIMARY KEY (`scientificResearchGroupId`),
  KEY `FK_b23081208aa0215c68987ee9f36` (`statusId`),
  KEY `FK_652fc13882eae35e1a7657ffaf9` (`facultyId`),
  KEY `FK_470561d45c375b7337c3f5078c5` (`createUserId`),
  KEY `FK_2c3cf27851879657159b3042ff3` (`lastModifyUserId`),
  CONSTRAINT `FK_2c3cf27851879657159b3042ff3` FOREIGN KEY (`lastModifyUserId`) REFERENCES `user` (`userId`),
  CONSTRAINT `FK_470561d45c375b7337c3f5078c5` FOREIGN KEY (`createUserId`) REFERENCES `user` (`userId`),
  CONSTRAINT `FK_652fc13882eae35e1a7657ffaf9` FOREIGN KEY (`facultyId`) REFERENCES `faculty` (`facultyId`),
  CONSTRAINT `FK_b23081208aa0215c68987ee9f36` FOREIGN KEY (`statusId`) REFERENCES `status` (`statusId`)
) ENGINE=InnoDB DEFAULT CHARSET=utf8mb4 COLLATE=utf8mb4_0900_ai_ci;

DROP TABLE IF EXISTS `scientific_research_user`;
CREATE TABLE `scientific_research_user` (
  `id` varchar(36) NOT NULL,
  `group` int DEFAULT NULL,
  `isLeader` tinyint DEFAULT NULL,
  `isApprove` tinyint NOT NULL DEFAULT '0',
  `scientificResearchId` varchar(25) NOT NULL,
  `userId` varchar(25) CHARACTER SET utf8mb4 COLLATE utf8mb4_0900_ai_ci NOT NULL,
  PRIMARY KEY (`id`),
  UNIQUE KEY `IDX_2046248502667b4724a6949ce7` (`scientificResearchId`,`userId`),
  KEY `FK_c3c88c149d38cae94f251c34a0d` (`userId`),
  CONSTRAINT `FK_b1b009671cf1cae0ea0ac26e89b` FOREIGN KEY (`scientificResearchId`) REFERENCES `scientific_research` (`scientificResearchId`) ON DELETE CASCADE,
  CONSTRAINT `FK_c3c88c149d38cae94f251c34a0d` FOREIGN KEY (`userId`) REFERENCES `user` (`userId`)
) ENGINE=InnoDB DEFAULT CHARSET=utf8mb4 COLLATE=utf8mb4_0900_ai_ci;

DROP TABLE IF EXISTS `score`;
CREATE TABLE `score` (
  `id` varchar(36) NOT NULL,
  `examScore` decimal(5,2) NOT NULL,
  `testScore` decimal(5,2) NOT NULL,
  `finalScore10` decimal(5,2) NOT NULL,
  `finalScore4` decimal(5,2) NOT NULL,
  `finalScoreLetter` varchar(255) NOT NULL,
  `result` tinyint NOT NULL DEFAULT '0',
  `subjectId` varchar(25) NOT NULL,
  `studentId` varchar(25) NOT NULL,
  `semesterId` varchar(25) DEFAULT NULL,
  PRIMARY KEY (`id`),
  KEY `FK_7b79ad7cb92c537750b37fa2b80` (`subjectId`),
  KEY `FK_c4f50c0b1826dbb9140b122225b` (`studentId`),
  KEY `FK_65637a0ee307f010c57a66f55ec` (`semesterId`),
  CONSTRAINT `FK_65637a0ee307f010c57a66f55ec` FOREIGN KEY (`semesterId`) REFERENCES `semester` (`semesterId`),
  CONSTRAINT `FK_7b79ad7cb92c537750b37fa2b80` FOREIGN KEY (`subjectId`) REFERENCES `subject` (`subjectId`),
  CONSTRAINT `FK_c4f50c0b1826dbb9140b122225b` FOREIGN KEY (`studentId`) REFERENCES `user` (`userId`)
) ENGINE=InnoDB DEFAULT CHARSET=utf8mb4 COLLATE=utf8mb4_0900_ai_ci;

DROP TABLE IF EXISTS `semester`;
CREATE TABLE `semester` (
  `semesterId` varchar(25) NOT NULL,
  `semesterName` int NOT NULL,
  `cycleId` varchar(36) DEFAULT NULL,
  `academicYear` int NOT NULL,
  PRIMARY KEY (`semesterId`),
  KEY `FK_82fd11669b9e7c61d78ec29ffbd` (`cycleId`),
  CONSTRAINT `FK_82fd11669b9e7c61d78ec29ffbd` FOREIGN KEY (`cycleId`) REFERENCES `cycle` (`id`)
) ENGINE=InnoDB DEFAULT CHARSET=utf8mb4 COLLATE=utf8mb4_0900_ai_ci;

DROP TABLE IF EXISTS `status`;
CREATE TABLE `status` (
  `statusId` varchar(25) NOT NULL,
  `statusName` varchar(255) NOT NULL,
  `type` enum('Tiến độ đề tài NCKH','Tiến độ khóa luận','Tiến độ nhóm đề tài NCKH') NOT NULL,
  `orderNo` int NOT NULL,
  `createDate` datetime(6) NOT NULL DEFAULT CURRENT_TIMESTAMP(6),
  `lastModifyDate` datetime(6) NOT NULL DEFAULT CURRENT_TIMESTAMP(6) ON UPDATE CURRENT_TIMESTAMP(6),
  `createUserId` varchar(25) NOT NULL,
  `lastModifyUserId` varchar(25) DEFAULT NULL,
  PRIMARY KEY (`statusId`),
  KEY `FK_05b0993644de94cace31da9a375` (`createUserId`),
  KEY `FK_0d8bedd11892d58ccb7025f65d6` (`lastModifyUserId`),
  CONSTRAINT `FK_05b0993644de94cace31da9a375` FOREIGN KEY (`createUserId`) REFERENCES `user` (`userId`),
  CONSTRAINT `FK_0d8bedd11892d58ccb7025f65d6` FOREIGN KEY (`lastModifyUserId`) REFERENCES `user` (`userId`)
) ENGINE=InnoDB DEFAULT CHARSET=utf8mb4 COLLATE=utf8mb4_0900_ai_ci;

DROP TABLE IF EXISTS `study_frame`;
CREATE TABLE `study_frame` (
  `id` varchar(36) NOT NULL,
  `frameId` varchar(255) NOT NULL,
  `frameName` varchar(255) NOT NULL,
  `description` varchar(255) NOT NULL,
  `orderNo` int DEFAULT NULL,
  `creditHour` varchar(255) DEFAULT NULL,
  `parentFrameId` varchar(36) DEFAULT NULL,
  PRIMARY KEY (`id`),
  UNIQUE KEY `IDX_5ce806b2dfaea24134972b9aca` (`frameId`),
  KEY `FK_acf9124d5141d828e0d453962fa` (`parentFrameId`),
  CONSTRAINT `FK_acf9124d5141d828e0d453962fa` FOREIGN KEY (`parentFrameId`) REFERENCES `study_frame` (`id`)
) ENGINE=InnoDB DEFAULT CHARSET=utf8mb4 COLLATE=utf8mb4_0900_ai_ci;

DROP TABLE IF EXISTS `studyFrame_cycle`;
CREATE TABLE `studyFrame_cycle` (
  `frameId` varchar(255) NOT NULL,
  `cycleId` varchar(255) NOT NULL,
  PRIMARY KEY (`frameId`,`cycleId`),
  KEY `IDX_75069690be32b262ea91af37ed` (`frameId`),
  KEY `IDX_1e74b2df17c8585275a0e4c166` (`cycleId`),
  CONSTRAINT `FK_1e74b2df17c8585275a0e4c1660` FOREIGN KEY (`cycleId`) REFERENCES `cycle` (`cycleId`) ON DELETE CASCADE ON UPDATE CASCADE,
  CONSTRAINT `FK_75069690be32b262ea91af37ede` FOREIGN KEY (`frameId`) REFERENCES `study_frame` (`frameId`) ON DELETE CASCADE ON UPDATE CASCADE
) ENGINE=InnoDB DEFAULT CHARSET=utf8mb4 COLLATE=utf8mb4_0900_ai_ci;

DROP TABLE IF EXISTS `studyFrame_major`;
CREATE TABLE `studyFrame_major` (
  `frameId` varchar(36) NOT NULL,
  `majorId` varchar(25) NOT NULL,
  PRIMARY KEY (`frameId`,`majorId`),
  KEY `IDX_8530644d851ff60f61d7dec172` (`frameId`),
  KEY `IDX_5efacb4fb353f14097404c3a04` (`majorId`),
  CONSTRAINT `FK_5efacb4fb353f14097404c3a049` FOREIGN KEY (`majorId`) REFERENCES `major` (`majorId`) ON DELETE CASCADE ON UPDATE CASCADE,
  CONSTRAINT `FK_8530644d851ff60f61d7dec1725` FOREIGN KEY (`frameId`) REFERENCES `study_frame` (`id`) ON DELETE CASCADE ON UPDATE CASCADE
) ENGINE=InnoDB DEFAULT CHARSET=utf8mb4 COLLATE=utf8mb4_0900_ai_ci;

DROP TABLE IF EXISTS `subject`;
CREATE TABLE `subject` (
  `subjectId` varchar(25) NOT NULL,
  `subjectName` varchar(255) NOT NULL,
  `creditHour` int NOT NULL,
  `isCompulsory` tinyint NOT NULL,
  `createDate` datetime(6) NOT NULL DEFAULT CURRENT_TIMESTAMP(6),
  `lastModifyDate` datetime(6) NOT NULL DEFAULT CURRENT_TIMESTAMP(6) ON UPDATE CURRENT_TIMESTAMP(6),
  `subjectBefore` varchar(25) DEFAULT NULL,
  `subjectEqualId` varchar(25) DEFAULT NULL,
  `createUserId` varchar(25) NOT NULL,
  `lastModifyUserId` varchar(25) DEFAULT NULL,
  PRIMARY KEY (`subjectId`),
  KEY `FK_2233a5b6041532ba1e3c7ddb1f9` (`subjectEqualId`),
  KEY `FK_3614cc2b4ba3a59c2ac6c527f18` (`lastModifyUserId`),
  KEY `FK_18e6f5676b94650c9e321f43ecf` (`createUserId`),
  KEY `FK_8650ed16f14a2b1a75c42abee7e` (`subjectBefore`),
  CONSTRAINT `FK_18e6f5676b94650c9e321f43ecf` FOREIGN KEY (`createUserId`) REFERENCES `user` (`userId`),
  CONSTRAINT `FK_2233a5b6041532ba1e3c7ddb1f9` FOREIGN KEY (`subjectEqualId`) REFERENCES `subject` (`subjectId`),
  CONSTRAINT `FK_3614cc2b4ba3a59c2ac6c527f18` FOREIGN KEY (`lastModifyUserId`) REFERENCES `user` (`userId`),
  CONSTRAINT `FK_8650ed16f14a2b1a75c42abee7e` FOREIGN KEY (`subjectBefore`) REFERENCES `subject` (`subjectId`)
) ENGINE=InnoDB DEFAULT CHARSET=utf8mb4 COLLATE=utf8mb4_0900_ai_ci;

DROP TABLE IF EXISTS `subject_major`;
CREATE TABLE `subject_major` (
  `subjectId` varchar(25) NOT NULL,
  `majorId` varchar(25) NOT NULL,
  PRIMARY KEY (`subjectId`,`majorId`),
  KEY `IDX_09a78f468bb4fdad4973b811ca` (`subjectId`),
  KEY `IDX_316bfcb285a12848b11bfab91d` (`majorId`),
  CONSTRAINT `FK_09a78f468bb4fdad4973b811ca4` FOREIGN KEY (`subjectId`) REFERENCES `subject` (`subjectId`) ON DELETE CASCADE ON UPDATE CASCADE,
  CONSTRAINT `FK_316bfcb285a12848b11bfab91d4` FOREIGN KEY (`majorId`) REFERENCES `major` (`majorId`) ON DELETE CASCADE ON UPDATE CASCADE
) ENGINE=InnoDB DEFAULT CHARSET=utf8mb4 COLLATE=utf8mb4_0900_ai_ci;

DROP TABLE IF EXISTS `subject_semester`;
CREATE TABLE `subject_semester` (
  `id` varchar(36) NOT NULL,
  `subjectId` varchar(25) NOT NULL,
  `semesterSemesterId` varchar(25) DEFAULT NULL,
  PRIMARY KEY (`id`),
  KEY `FK_ab547ecc3f2d9c13aa2f418a90d` (`subjectId`),
  KEY `FK_7232777ccdb3d2297270fd5f566` (`semesterSemesterId`),
  CONSTRAINT `FK_7232777ccdb3d2297270fd5f566` FOREIGN KEY (`semesterSemesterId`) REFERENCES `semester` (`semesterId`),
  CONSTRAINT `FK_ab547ecc3f2d9c13aa2f418a90d` FOREIGN KEY (`subjectId`) REFERENCES `subject` (`subjectId`)
) ENGINE=InnoDB DEFAULT CHARSET=utf8mb4 COLLATE=utf8mb4_0900_ai_ci;

DROP TABLE IF EXISTS `subject_studyFrame`;
CREATE TABLE `subject_studyFrame` (
  `subjectId` varchar(25) NOT NULL,
  `frameId` varchar(255) NOT NULL,
  PRIMARY KEY (`subjectId`,`frameId`),
  KEY `IDX_5e7a10b5ccd4819c0bad1af7e0` (`subjectId`),
  KEY `IDX_14bf44cbdddb5878284a7284fa` (`frameId`),
  CONSTRAINT `FK_14bf44cbdddb5878284a7284fa5` FOREIGN KEY (`frameId`) REFERENCES `study_frame` (`frameId`) ON DELETE CASCADE ON UPDATE CASCADE,
  CONSTRAINT `FK_5e7a10b5ccd4819c0bad1af7e06` FOREIGN KEY (`subjectId`) REFERENCES `subject` (`subjectId`) ON DELETE CASCADE ON UPDATE CASCADE
) ENGINE=InnoDB DEFAULT CHARSET=utf8mb4 COLLATE=utf8mb4_0900_ai_ci;

DROP TABLE IF EXISTS `thesis`;
CREATE TABLE `thesis` (
  `id` varchar(255) NOT NULL,
  `title` varchar(255) NOT NULL,
  `description` varchar(255) NOT NULL,
  `startDate` datetime NOT NULL,
  `endDate` datetime NOT NULL,
  `registrationCount` int DEFAULT '0',
  `createDate` datetime(6) NOT NULL DEFAULT CURRENT_TIMESTAMP(6),
  `lastModifyDate` datetime(6) NOT NULL DEFAULT CURRENT_TIMESTAMP(6) ON UPDATE CURRENT_TIMESTAMP(6),
  `supervisor` varchar(25) DEFAULT NULL,
  `createUserId` varchar(25) NOT NULL,
  `lastModifyUserId` varchar(25) NOT NULL,
  `facultyId` varchar(25) NOT NULL,
  `statusId` varchar(25) NOT NULL,
  PRIMARY KEY (`id`),
  KEY `FK_db0f0bd84f63f142a81c6bae189` (`supervisor`),
  KEY `FK_eb0514273f5828c2442f6969765` (`createUserId`),
  KEY `FK_adba45dee345fb523e21f7979ff` (`lastModifyUserId`),
  KEY `FK_d975d6c7fa2d393c25387616c4a` (`facultyId`),
  KEY `FK_8572d98f216b5d2633bb5bba246` (`statusId`),
  CONSTRAINT `FK_8572d98f216b5d2633bb5bba246` FOREIGN KEY (`statusId`) REFERENCES `status` (`statusId`),
  CONSTRAINT `FK_adba45dee345fb523e21f7979ff` FOREIGN KEY (`lastModifyUserId`) REFERENCES `user` (`userId`),
  CONSTRAINT `FK_d975d6c7fa2d393c25387616c4a` FOREIGN KEY (`facultyId`) REFERENCES `faculty` (`facultyId`),
  CONSTRAINT `FK_db0f0bd84f63f142a81c6bae189` FOREIGN KEY (`supervisor`) REFERENCES `user` (`userId`),
  CONSTRAINT `FK_eb0514273f5828c2442f6969765` FOREIGN KEY (`createUserId`) REFERENCES `user` (`userId`)
) ENGINE=InnoDB DEFAULT CHARSET=utf8mb4 COLLATE=utf8mb4_0900_ai_ci;

DROP TABLE IF EXISTS `thesis_user`;
CREATE TABLE `thesis_user` (
  `id` varchar(36) NOT NULL,
  `isApprove` tinyint NOT NULL DEFAULT '0',
  `thesisId` varchar(255) NOT NULL,
  `userId` varchar(25) NOT NULL,
  PRIMARY KEY (`id`),
  KEY `FK_6ab848930f5f542f57f97cb9d77` (`thesisId`),
  KEY `FK_1254db3e18b6e9137cdcd48336b` (`userId`),
  CONSTRAINT `FK_1254db3e18b6e9137cdcd48336b` FOREIGN KEY (`userId`) REFERENCES `user` (`userId`),
  CONSTRAINT `FK_6ab848930f5f542f57f97cb9d77` FOREIGN KEY (`thesisId`) REFERENCES `thesis` (`id`)
) ENGINE=InnoDB DEFAULT CHARSET=utf8mb4 COLLATE=utf8mb4_0900_ai_ci;

DROP TABLE IF EXISTS `user`;
CREATE TABLE `user` (
  `userId` varchar(25) NOT NULL,
  `fullname` varchar(255) NOT NULL,
  `dateOfBirth` datetime DEFAULT NULL,
  `placeOfBirth` varchar(255) NOT NULL,
  `phone` varchar(255) NOT NULL,
  `email` varchar(255) NOT NULL,
  `isStudent` tinyint NOT NULL DEFAULT '1',
  `class` varchar(255) DEFAULT NULL,
  `stillStudy` tinyint DEFAULT NULL,
  `firstAcademicYear` int DEFAULT NULL,
  `lastAcademicYear` int DEFAULT NULL,
  `isActive` tinyint NOT NULL DEFAULT '0',
  `createDate` datetime(6) NOT NULL DEFAULT CURRENT_TIMESTAMP(6),
  `lastModifyDate` datetime(6) NOT NULL DEFAULT CURRENT_TIMESTAMP(6) ON UPDATE CURRENT_TIMESTAMP(6),
  `facultyId` varchar(25) DEFAULT NULL,
  `majorId` varchar(25) DEFAULT NULL,
  `accountId` varchar(36) DEFAULT NULL,
  `createUserId` varchar(25) DEFAULT NULL,
  `lastModifyUserId` varchar(25) DEFAULT NULL,
  `avatar` longtext,
  `nien_khoa` varchar(255) DEFAULT NULL,
  `sex` varchar(255) DEFAULT NULL,
  `dan_toc` varchar(255) DEFAULT NULL,
  `ton_giao` varchar(255) DEFAULT NULL,
  `quoc_tich` varchar(255) DEFAULT NULL,
  `cccd` varchar(255) DEFAULT NULL,
  `ho_khau_thuong_tru` varchar(255) DEFAULT NULL,
  `khu_vuc` varchar(255) DEFAULT NULL,
  `khoi` varchar(255) DEFAULT NULL,
  `bac_he_dao_tao` varchar(255) DEFAULT NULL,
  `ma_cvht` varchar(255) DEFAULT NULL,
  `ho_ten_cvht` varchar(255) DEFAULT NULL,
  `email_cvht` varchar(255) DEFAULT NULL,
  `dien_thoai_cvht` varchar(255) DEFAULT NULL,
  `ma_cvht_ng2` varchar(255) DEFAULT NULL,
  `ho_ten_cvht_ng2` varchar(255) DEFAULT NULL,
  `email_cvht_ng2` varchar(255) DEFAULT NULL,
  `dien_thoai_cvht_ng2` varchar(255) DEFAULT NULL,
  `ma_truong` varchar(255) DEFAULT NULL,
  `ten_truong` varchar(255) DEFAULT NULL,
  `hoc_vi` varchar(255) DEFAULT NULL,
  `GPA` float DEFAULT NULL,
  PRIMARY KEY (`userId`),
  KEY `FK_848c0779e2423d52fd964bbb793` (`facultyId`),
  KEY `FK_6d529e7f25a03e0e903a314967f` (`majorId`),
  KEY `FK_a4cde10a17f5669f01dc6d0e1f5` (`createUserId`),
  KEY `FK_70212d123eef058b66011e1a337` (`lastModifyUserId`),
  KEY `FK_68d3c22dbd95449360fdbf7a3f1` (`accountId`),
  CONSTRAINT `FK_68d3c22dbd95449360fdbf7a3f1` FOREIGN KEY (`accountId`) REFERENCES `account` (`id`),
  CONSTRAINT `FK_6d529e7f25a03e0e903a314967f` FOREIGN KEY (`majorId`) REFERENCES `major` (`majorId`),
  CONSTRAINT `FK_70212d123eef058b66011e1a337` FOREIGN KEY (`lastModifyUserId`) REFERENCES `user` (`userId`),
  CONSTRAINT `FK_848c0779e2423d52fd964bbb793` FOREIGN KEY (`facultyId`) REFERENCES `faculty` (`facultyId`),
  CONSTRAINT `FK_a4cde10a17f5669f01dc6d0e1f5` FOREIGN KEY (`createUserId`) REFERENCES `user` (`userId`)
) ENGINE=InnoDB DEFAULT CHARSET=utf8mb4 COLLATE=utf8mb4_0900_ai_ci;

DROP TABLE IF EXISTS `user_register_subject`;
CREATE TABLE `user_register_subject` (
  `id` varchar(36) NOT NULL,
  `registerDate` timestamp NOT NULL DEFAULT CURRENT_TIMESTAMP,
  `lastModifyDate` datetime(6) NOT NULL DEFAULT CURRENT_TIMESTAMP(6) ON UPDATE CURRENT_TIMESTAMP(6),
  `userId` varchar(25) NOT NULL,
  `subjectId` varchar(25) NOT NULL,
  `semesterId` varchar(25) NOT NULL,
  PRIMARY KEY (`id`),
  KEY `FK_78e632973d535c71cb1e2575dfb` (`userId`),
  KEY `FK_745a275c9843778fe60be0f8616` (`subjectId`),
  KEY `FK_596e51fe5482d4018ac9ee24843` (`semesterId`),
  CONSTRAINT `FK_596e51fe5482d4018ac9ee24843` FOREIGN KEY (`semesterId`) REFERENCES `semester` (`semesterId`),
  CONSTRAINT `FK_745a275c9843778fe60be0f8616` FOREIGN KEY (`subjectId`) REFERENCES `subject` (`subjectId`),
  CONSTRAINT `FK_78e632973d535c71cb1e2575dfb` FOREIGN KEY (`userId`) REFERENCES `user` (`userId`)
) ENGINE=InnoDB DEFAULT CHARSET=utf8mb4 COLLATE=utf8mb4_0900_ai_ci;

INSERT INTO `account` (`id`, `username`, `password`, `email`, `refreshToken`, `access_token`, `permissionId`, `isSystem`) VALUES
('032646b8-5249-11ef-89f2-1aa268f50191', 'admin', '$2a$12$6xZZ0gM9IYgbgtu6iQL9g.M8PyNtGub.NSy.HGI3pwMMHGB1Mfi5G', 'admin@gmail.com', '', 'eyJhbGciOiJIUzI1NiIsInR5cCI6IkpXVCJ9.eyJpZCI6IjAzMjY0NmI4LTUyNDktMTFlZi04OWYyLTFhYTI2OGY1MDE5MSIsInJvbGUiOiJBRE1JTiIsImlhdCI6MTcyNjQ5MTAyNywiZXhwIjoxNzI2NDk4MjI3fQ.CUTcekFwfTNUvapLwIIbYqFO1omFdAGRTZqnZSpiDfY', 'ADMIN', 1);
INSERT INTO `account` (`id`, `username`, `password`, `email`, `refreshToken`, `access_token`, `permissionId`, `isSystem`) VALUES
('3aa47d8e-6cbe-4d03-b49e-871358e5eb58', 'hethong1', '12345678', 'hethong1@gmail.com', NULL, NULL, 'ADMIN', 1);
INSERT INTO `account` (`id`, `username`, `password`, `email`, `refreshToken`, `access_token`, `permissionId`, `isSystem`) VALUES
('82711848-333f-4d95-bed6-dbfe466f12c4', '10991', '$2a$12$6xZZ0gM9IYgbgtu6iQL9g.M8PyNtGub.NSy.HGI3pwMMHGB1Mfi5G', 'thanhsang@sgu.edu.vn', NULL, 'eyJhbGciOiJIUzI1NiIsInR5cCI6IkpXVCJ9.eyJpZCI6IjgyNzExODQ4LTMzM2YtNGQ5NS1iZWQ2LWRiZmU0NjZmMTJjNCIsInJvbGUiOiJBRE1JTiIsImlhdCI6MTcyNjc1MTQ1MCwiZXhwIjoxNzI2NzU4NjUwfQ.WqfXYnYyMhua4FRMyaw5iR6jJXiK7zr97en4HB6mH8c', 'GIANGVIEN', 0);
INSERT INTO `account` (`id`, `username`, `password`, `email`, `refreshToken`, `access_token`, `permissionId`, `isSystem`) VALUES
('8e8f3701-c6c4-4770-b761-26972aa1788d', '3120410465', '$2b$10$mnjA/dRApvhmBC4diFqbwe7ucr15zbkJS7wVijq5MrTD0rvSe.HtO', 'ngaopham.123456@gmail.com', NULL, 'eyJhbGciOiJodHRwOi8vd3d3LnczLm9yZy8yMDAxLzA0L3htbGRzaWctbW9yZSNobWFjLXNoYTI1NiIsInR5cCI6IkpXVCJ9.eyJodHRwOi8vc2NoZW1hcy54bWxzb2FwLm9yZy93cy8yMDA1LzA1L2lkZW50aXR5L2NsYWltcy9uYW1laWRlbnRpZmllciI6Ii03MjYyMjU5MDgzMzQ3NTM3NDIyIiwiaHR0cDovL3NjaGVtYXMueG1sc29hcC5vcmcvd3MvMjAwNS8wNS9pZGVudGl0eS9jbGFpbXMvbmFtZSI6IjMxMjA0MTA0NjUiLCJodHRwOi8vc2NoZW1hcy5taWNyb3NvZnQuY29tL2FjY2Vzc2NvbnRyb2xzZXJ2aWNlLzIwMTAvMDcvY2xhaW1zL2lkZW50aXR5cHJvdmlkZXIiOiJBU1AuTkVUIElkZW50aXR5IiwiQXNwTmV0LklkZW50aXR5LlNlY3VyaXR5U3RhbXAiOiJlOTQ2OTQ0NC1kYzBmLTRlNDEtOGFhMy01MWI4MDE5NjU0ZDMiLCJodHRwOi8vc2NoZW1hcy5taWNyb3NvZnQuY29tL3dzLzIwMDgvMDYvaWRlbnRpdHkvY2xhaW1zL3JvbGUiOiJTSU5IVklFTiIsInNlc3Npb24iOiItNTc5MzMyMzI5NDgyMzEzNzAwNyIsImR2cGMiOiItNzY0ODQ2NjQ1NTk2NTQzNDQ3OCIsIm5hbWUiOiJQaOG6oW0gTmjhuq10IFTDom4iLCJwYXNzdHlwZSI6IjAiLCJ1Y3YiOiIxMzk5MDkwMTE1IiwicHJpbmNpcGFsIjoibmdhb3BoYW0uMTIzNDU2QGdtYWlsLmNvbSIsIndjZiI6IjAiLCJuYmYiOjE3MjU5MzU4NjgsImV4cCI6MTcyNTk0MzA2OCwiaXNzIjoiZWR1c29mdCIsImF1ZCI6ImFsbCJ9.iN3j2ArK3_ih4HKkTy3JUn0ah6N2tG82r3RZ0c9noPM', 'SINHVIEN', 0),
('a2446627-9558-49e1-925b-5648992b1faf', '3121410146', '$2b$10$da781SRnH7bwCIA8FGEhm.9BnuNEG6Yn7q5p/y66o0GJOxTiyLZ3O', 'datnguyenthanh1605@gmail.com', NULL, 'eyJhbGciOiJodHRwOi8vd3d3LnczLm9yZy8yMDAxLzA0L3htbGRzaWctbW9yZSNobWFjLXNoYTI1NiIsInR5cCI6IkpXVCJ9.eyJodHRwOi8vc2NoZW1hcy54bWxzb2FwLm9yZy93cy8yMDA1LzA1L2lkZW50aXR5L2NsYWltcy9uYW1laWRlbnRpZmllciI6Ii03NjM1ODc1MzUxMjk1MDEzMjQ4IiwiaHR0cDovL3NjaGVtYXMueG1sc29hcC5vcmcvd3MvMjAwNS8wNS9pZGVudGl0eS9jbGFpbXMvbmFtZSI6IjMxMjE0MTAxNDYiLCJodHRwOi8vc2NoZW1hcy5taWNyb3NvZnQuY29tL2FjY2Vzc2NvbnRyb2xzZXJ2aWNlLzIwMTAvMDcvY2xhaW1zL2lkZW50aXR5cHJvdmlkZXIiOiJBU1AuTkVUIElkZW50aXR5IiwiQXNwTmV0LklkZW50aXR5LlNlY3VyaXR5U3RhbXAiOiJia2VFWjtyXSokKTw-QGAlTmZ5NCZSIiwiaHR0cDovL3NjaGVtYXMubWljcm9zb2Z0LmNvbS93cy8yMDA4LzA2L2lkZW50aXR5L2NsYWltcy9yb2xlIjoiU0lOSFZJRU4iLCJzZXNzaW9uIjoiLTYxNzY4NDY3MzkzMjE1OTIxNzIiLCJkdnBjIjoiLTc2NDg0NjY0NTU5NjU0MzQ0NzgiLCJuYW1lIjoiTmd1eeG7hW4gVGjDoG5oIMSQ4bqhdCIsInBhc3N0eXBlIjoiMCIsInVjdiI6IjEzNzQzNzY5ODYiLCJwcmluY2lwYWwiOiJkYXRuZ3V5ZW50aGFuaDE2MDVAZ21haWwuY29tIiwid2NmIjoiMCIsIm5iZiI6MTcyNzI4NTU3NSwiZXhwIjoxNzI3MjkyNzc1LCJpc3MiOiJlZHVzb2Z0IiwiYXVkIjoiYWxsIn0.jHLsQLiNYKGDqLGmYETkAUYAgvlQk5ie3EoyvQYucgA', 'SINHVIEN', 0),
('aebdeeb0-5c22-4e70-8c7f-5d2a0d482a0c', '3120410515', '$2b$10$TzbIx4D2rcbtZRH8fMb3WOrcZCSaJkYfQPrmZ4uRWvbKJ0Qke2a86', 'themnxx2512@gmail.com', NULL, 'eyJhbGciOiJodHRwOi8vd3d3LnczLm9yZy8yMDAxLzA0L3htbGRzaWctbW9yZSNobWFjLXNoYTI1NiIsInR5cCI6IkpXVCJ9.eyJodHRwOi8vc2NoZW1hcy54bWxzb2FwLm9yZy93cy8yMDA1LzA1L2lkZW50aXR5L2NsYWltcy9uYW1laWRlbnRpZmllciI6Ii05MDM4Nzk4ODQyOTQxODY4OTY3IiwiaHR0cDovL3NjaGVtYXMueG1sc29hcC5vcmcvd3MvMjAwNS8wNS9pZGVudGl0eS9jbGFpbXMvbmFtZSI6IjMxMjA0MTA1MTUiLCJodHRwOi8vc2NoZW1hcy5taWNyb3NvZnQuY29tL2FjY2Vzc2NvbnRyb2xzZXJ2aWNlLzIwMTAvMDcvY2xhaW1zL2lkZW50aXR5cHJvdmlkZXIiOiJBU1AuTkVUIElkZW50aXR5IiwiQXNwTmV0LklkZW50aXR5LlNlY3VyaXR5U3RhbXAiOiIyOTU5NzExNTMxOTgyMTMyMDM2IiwiaHR0cDovL3NjaGVtYXMubWljcm9zb2Z0LmNvbS93cy8yMDA4LzA2L2lkZW50aXR5L2NsYWltcy9yb2xlIjoiU0lOSFZJRU4iLCJzZXNzaW9uIjoiLTc1NjA5MDcyNTYyODczODU1MjgiLCJkdnBjIjoiLTc2NDg0NjY0NTU5NjU0MzQ0NzgiLCJuYW1lIjoiTmd1eeG7hW4gVGjhu4sgUGjGsMahbmcgVGjDuXkiLCJwYXNzdHlwZSI6IjAiLCJ1Y3YiOiI2OTQ5Mzg0OTMiLCJwcmluY2lwYWwiOiJ0aGVtbnh4MjUxMkBnbWFpbC5jb20iLCJ3Y2YiOiIwIiwibmJmIjoxNzI1OTgyMTg5LCJleHAiOjE3MjU5ODkzODksImlzcyI6ImVkdXNvZnQiLCJhdWQiOiJhbGwifQ.nxT1A5RdRom0iaChCJCxwASqSHBXa5hTI5ic7jHhbEA', 'SINHVIEN', 0),
('af70a02b-a9f5-48d8-b11e-fcf384e0249c', '3121410092', '$2b$10$KnG4RiDfGOEn.LRUMCNdd.faO41DsLAj40M.z6ahsH9Jljfn/6myC', 'chuongle.nt1@gmail.com', NULL, 'eyJhbGciOiJodHRwOi8vd3d3LnczLm9yZy8yMDAxLzA0L3htbGRzaWctbW9yZSNobWFjLXNoYTI1NiIsInR5cCI6IkpXVCJ9.eyJodHRwOi8vc2NoZW1hcy54bWxzb2FwLm9yZy93cy8yMDA1LzA1L2lkZW50aXR5L2NsYWltcy9uYW1laWRlbnRpZmllciI6Ii01NDE1NDY2MTkxODc3OTgyMjUzIiwiaHR0cDovL3NjaGVtYXMueG1sc29hcC5vcmcvd3MvMjAwNS8wNS9pZGVudGl0eS9jbGFpbXMvbmFtZSI6IjMxMjE0MTAwOTIiLCJodHRwOi8vc2NoZW1hcy5taWNyb3NvZnQuY29tL2FjY2Vzc2NvbnRyb2xzZXJ2aWNlLzIwMTAvMDcvY2xhaW1zL2lkZW50aXR5cHJvdmlkZXIiOiJBU1AuTkVUIElkZW50aXR5IiwiQXNwTmV0LklkZW50aXR5LlNlY3VyaXR5U3RhbXAiOiJia2VFWjtyXSokKTw-QGAlTmZ5NCZSIiwiaHR0cDovL3NjaGVtYXMubWljcm9zb2Z0LmNvbS93cy8yMDA4LzA2L2lkZW50aXR5L2NsYWltcy9yb2xlIjoiU0lOSFZJRU4iLCJzZXNzaW9uIjoiLTg3NDU2NzAwMDE4NDU0MzAxNjMiLCJkdnBjIjoiLTc2NDg0NjY0NTU5NjU0MzQ0NzgiLCJuYW1lIjoiTMOqIFZp4bq_dCBDaMawxqFuZyIsInBhc3N0eXBlIjoiMCIsInVjdiI6IjIzNzgwMDY5NSIsInByaW5jaXBhbCI6ImNodW9uZ2xlLm50MUBnbWFpbC5jb20iLCJ3Y2YiOiIwIiwibmJmIjoxNzI3Mjg1OTI5LCJleHAiOjE3MjcyOTMxMjksImlzcyI6ImVkdXNvZnQiLCJhdWQiOiJhbGwifQ.ywYkPinY0TBL0PaS2vp2zlvPKQowU1Txr-3nCtNRdmg', 'SINHVIEN', 0),
('bed46dc4-a1bc-4ddd-864a-9f5ea2445538', '3120410003', '$2b$10$miYkcSKyBlcvvnk4IwoJD.N64Hgx2bQ40S/Ql84VNxY6FAOFwgV3W', 'lethanhhai586@gmail.com', '8A835E782D94E35DC7EC8CC8A5483046E3AEE632D05A8C716582E9089AFE35D41568180DA2C848E4', 'eyJhbGciOiJodHRwOi8vd3d3LnczLm9yZy8yMDAxLzA0L3htbGRzaWctbW9yZSNobWFjLXNoYTI1NiIsInR5cCI6IkpXVCJ9.eyJodHRwOi8vc2NoZW1hcy54bWxzb2FwLm9yZy93cy8yMDA1LzA1L2lkZW50aXR5L2NsYWltcy9uYW1laWRlbnRpZmllciI6Ii04OTg4Njk4NDI4MDExMTAxNzgyIiwiaHR0cDovL3NjaGVtYXMueG1sc29hcC5vcmcvd3MvMjAwNS8wNS9pZGVudGl0eS9jbGFpbXMvbmFtZSI6IjMxMjA0MTAwMDMiLCJodHRwOi8vc2NoZW1hcy5taWNyb3NvZnQuY29tL2FjY2Vzc2NvbnRyb2xzZXJ2aWNlLzIwMTAvMDcvY2xhaW1zL2lkZW50aXR5cHJvdmlkZXIiOiJBU1AuTkVUIElkZW50aXR5IiwiQXNwTmV0LklkZW50aXR5LlNlY3VyaXR5U3RhbXAiOiI2MDU3MDYwNDExMzYzOTIyNjkiLCJodHRwOi8vc2NoZW1hcy5taWNyb3NvZnQuY29tL3dzLzIwMDgvMDYvaWRlbnRpdHkvY2xhaW1zL3JvbGUiOiJTSU5IVklFTiIsInNlc3Npb24iOiItNDkwMTQ2Nzc3MTU1ODA3MDgwNSIsImR2cGMiOiItNzY0ODQ2NjQ1NTk2NTQzNDQ3OCIsIm5hbWUiOiJMw6ogVGhhbmggSOG6o2kiLCJwYXNzdHlwZSI6IjAiLCJ1Y3YiOiIxMDg4NjcxMTM3IiwicHJpbmNpcGFsIjoibGV0aGFuaGhhaTU4NkBnbWFpbC5jb20iLCJ3Y2YiOiIwIiwibmJmIjoxNzI1OTU4NzA3LCJleHAiOjE3MjU5NjU5MDcsImlzcyI6ImVkdXNvZnQiLCJhdWQiOiJhbGwifQ.ODtJDfkt4TFQCA3bXP7wZBrvO-paaJKA6W1U89ZXWMU', 'SINHVIEN', 0),
('de36e01d-1c0f-49a6-a9b8-dca9af83b2e8', '3120410521', '$2b$10$70.DaPNJLxPkQAbnKyUrG.oHzuGt5bLpyfSU5wH0jF8LJ..2JHIty', 'thuyngocmaithyy@gmail.com', 'CB74947D4BBF91F9BDB25947BA2C1ED0D2EF8DE80A47F7875F9703F05B8943475C133B1AD37B3ED5', 'eyJhbGciOiJIUzI1NiIsInR5cCI6IkpXVCJ9.eyJpZCI6ImRlMzZlMDFkLTFjMGYtNDlhNi1hOWI4LWRjYTlhZjgzYjJlOCIsInJvbGUiOiJBRE1JTiIsImlhdCI6MTcyNjU4ODkwOCwiZXhwIjoxNzI2NTk2MTA4fQ.2dIYUIKaaUAssD1hqmllh8XwWevkDhNKQzRjAWW1LDw', 'SINHVIEN', 0);



INSERT INTO `component_score` (`id`, `componentName`, `weight`, `weightScore`, `scoreId`) VALUES
('000db34a-aaf4-4ad2-9c47-45711e04f6c8', 'Kiểm tra', 100, '9.10', '057ee66b-06d0-4e03-896a-83d4a33a2d19');
INSERT INTO `component_score` (`id`, `componentName`, `weight`, `weightScore`, `scoreId`) VALUES
('004741ff-50b1-4cc1-b822-625b3230c3ab', 'Kiểm tra', 40, '9.30', '29f8e76d-3e45-4227-992a-6e0e6f182a19');
INSERT INTO `component_score` (`id`, `componentName`, `weight`, `weightScore`, `scoreId`) VALUES
('0050919f-66bf-4c67-a769-d001d0ceead2', 'Kiểm tra', 40, '8.60', 'd902dfc4-2055-4b83-b759-8b99304fc7c6');
INSERT INTO `component_score` (`id`, `componentName`, `weight`, `weightScore`, `scoreId`) VALUES
('00819300-7120-488e-bea0-a85d93eb260b', 'Kiểm tra', 40, '7.60', '55c89e23-3c92-459e-9d38-676322ca2a08'),
('0086bc6d-245e-42f2-85ab-6a84cd37c632', 'Kiểm tra', 100, '10.00', '68ca2da9-189f-41a3-9b59-36e448c6148e'),
('00ada261-df95-47f9-8fd5-864bdc2fc950', 'Kiểm tra', 100, '7.10', '4a2b2566-3295-43c6-a319-d39179e37bb5'),
('00f80b5a-28e9-479b-b207-bbb98e4ad442', 'Kiểm tra', 40, '8.40', '0ca0e8f2-72eb-4b8b-83d0-0d77fdbc2b15'),
('0119a681-268a-4bfa-b9eb-cef38dffb3f3', 'Kiểm tra', 100, '6.90', '8e7e1adf-1ec0-4e06-b5a4-f106c4036128'),
('012b3481-8e39-42bf-81e4-0009856747a2', 'Điểm thi', 50, '7.00', '28ceec19-4636-432a-b505-4b1636d5d4fa'),
('0147fe4e-9f2a-4752-9b98-2f2575be2712', 'Kiểm tra', 50, '9.20', '159e33cb-de55-4af4-9350-f5fe5c8d030d'),
('015cb1bd-adaa-423f-a897-4a6a32f6f943', 'Kiểm tra', 40, '8.10', '6369edcb-24b8-46c9-bb58-f4831cc76da9'),
('016e4d29-0ee3-49df-ac0c-fa1a774503a2', 'Kiểm tra', 50, '4.90', '84a9a79a-d5e2-463f-bd0f-7d7eb66dc51e'),
('016ef8bf-1b62-44aa-ac73-ea5d25263295', 'Điểm thi', 50, '8.00', '523a67ea-e05a-410c-8c8a-0cc24669bdb6'),
('018fa625-8e8e-4153-88c4-820bbfa5b580', 'Điểm thi', 50, '7.00', 'dd460bd1-e744-4a62-b78f-30266d4ed7c4'),
('01d19862-fbe3-478b-9308-fb083041e731', 'Điểm thi', 50, '6.50', '259ebf2b-209e-4c4a-a29a-1ec0d9eb4c3b'),
('01d5b1e5-bfe8-4945-8d34-e0fa1e08f765', 'Điểm thi', 50, '7.00', '6e0b7448-7c03-47c5-b772-927958237ff0'),
('02004e3c-ae37-4adb-9314-f2b2eb4ee6f2', 'Kiểm tra', 50, '7.20', '1b151ce1-c06d-4961-904f-7de25624fa74'),
('0200b4cd-b907-4aae-9f4f-3eab8711f892', 'Điểm thi', 50, '6.40', 'df2663e4-bbdf-4880-b31f-525bcef54e0f'),
('0201879b-57df-49b2-af90-0d41b0ecf85a', 'Điểm thi', 60, '7.50', '04fd0f70-e672-4c88-a46d-a54c1bb350e7'),
('026403b7-6883-430a-8c52-3d66ffbfb0c1', 'Kiểm tra', 100, '9.50', 'bf8299b5-0161-4ba3-b273-c2980ea5923a'),
('02986d70-230b-45f7-901b-062e568d3eb6', 'Điểm thi', 50, '8.50', '23b15a62-e096-4b90-94f8-b9ccbb7f40e7'),
('02ab67e4-9482-4086-a639-afc57c547854', 'Điểm thi', 50, '7.00', '0a552a2c-146e-465e-af63-af7369bff0c7'),
('02af16b7-4a5f-418d-b1e7-73afded9648a', 'Điểm thi', 60, '7.80', '00f93af2-614c-4c63-bd4f-f0c3f57a9e9d'),
('02b4397c-0bc9-43c2-9d59-956bc51aaf21', 'Điểm thi', 60, '8.80', '5f7769c5-43ac-42a6-a98d-c7b1cbdfbf18'),
('03404393-0f81-44cf-845a-ecd2c28f6d5f', 'Kiểm tra', 50, '9.60', '3c5a580a-3ce8-4698-a0d3-54d66c7735a3'),
('036c8355-9b0d-44dd-8fd1-b7a837923777', 'Điểm thi', 50, '10.00', '462e8063-e94f-4533-a45b-70ff4aade083'),
('03b2812b-4c95-4278-95ae-04a25b957a3a', 'Kiểm tra', 40, '8.50', 'feed0896-b9f9-4c7c-82a5-ea23d01d05be'),
('03ceb1e5-7fc4-476c-8e61-5859cb707ff5', 'Điểm thi', 60, '7.30', 'da87a36f-a744-4c34-af73-4acc610d74d9'),
('03e7be83-ec9e-420b-b2a2-b37179d7d445', 'Điểm thi', 0, '0.00', '346af417-bd52-46d8-86fd-c50d8677e9ae'),
('0434fc25-bb7c-4128-9342-e3dd562f6269', 'Điểm thi', 50, '7.50', 'bacf0963-d4b9-4cc7-af02-acf3f627e6c6'),
('043a96ad-1123-4e10-8083-e6ade26843c9', 'Điểm thi', 50, '4.90', '64dd725d-c803-412d-900a-9a6b81fbd24e'),
('04480db7-610f-4f8c-9bb6-027d7e64b7ba', 'Kiểm tra', 50, '8.00', '7ebad5f5-b378-42d0-9104-8648eac6970f'),
('0451aa48-4a2b-4976-84f5-0801766cc64d', 'Điểm thi', 50, '7.30', 'd1e1a9ce-b587-4e3f-bd12-800126869397'),
('049ca60d-8e9a-4e71-b391-254d5b5fea6f', 'Điểm thi', 50, '4.50', 'b53676f6-8f49-4358-878e-96a0ac9c64e5'),
('04e31f41-7df0-4301-aa0c-3fbe987ddf01', 'Điểm thi', 60, '8.00', '8ba53673-9505-45e8-b982-80c6a2862d7e'),
('04e40cae-734d-4733-90f4-e65d59cafb86', 'Kiểm tra', 50, '8.00', '1947033a-ce8a-447e-847b-23789296da09'),
('05260a08-bbc3-4e6c-b314-6cb95f8158ea', 'Điểm thi', 50, '7.40', '65955b1d-d19f-43a5-b741-6bd2f9919428'),
('0530a8de-c8be-4773-ae07-156c4c47ceda', 'Điểm thi', 50, '7.60', 'c6e609f7-85f9-47c0-a785-8e2c37e747b3'),
('054afb16-487c-46da-9fd0-551c0d553c40', 'Điểm thi', 60, '6.50', '15efe327-a729-4f23-b106-de5b182d6bb4'),
('055ee231-a9c6-4250-ba92-ef06262d49cd', 'Điểm thi', 60, '8.30', 'bf03fc88-fe0b-4fc3-8399-1f36ca4f6e19'),
('0560b4ec-7bdd-49d0-93a2-a70907bf5011', 'Kiểm tra', 100, '6.90', '3e357bd1-8404-434c-b687-53e8c4c7a566'),
('05ad9f57-42c3-4cb9-9e4e-af836d720310', 'Kiểm tra', 50, '8.50', '1ab82d65-b2cd-4167-b997-6b73b32ad84a'),
('05cc3d15-e36f-4a9b-a3eb-b1050cbef348', 'Kiểm tra', 50, '8.20', '4cef573b-b31b-4e65-8c3f-e345e9275390'),
('05e40a70-09e5-4857-a28a-c0f7091e4bbc', 'Điểm thi', 50, '8.50', '03d1207d-0527-4da2-abb7-077de3d0f790'),
('05fe18ef-e2b0-47ea-b4e5-284b7068ed85', 'Điểm thi', 50, '5.00', '3c8613e8-b905-4c42-bf17-be57dc42301d'),
('06139ef5-1e93-44e1-b48a-1208bb8ccf17', 'Điểm thi', 50, '1.50', '61e0880f-f77f-4dab-9d1c-a37d6acb70bf'),
('062014a5-9d20-46a2-8a60-9e5e10a480c3', 'Kiểm tra', 50, '8.00', 'cabb2f62-d9af-4157-a727-b32497546fe7'),
('0631481a-ecc1-4604-b8aa-cd921d086110', 'Kiểm tra', 50, '9.10', '57eda2b3-f9fc-45cd-97ea-97b4d57e04cf'),
('06602fd0-7b4d-433b-99b6-c0a18b288686', 'Kiểm tra', 40, '6.60', 'b8877748-b9f2-42f7-a50b-5cb5da86c8f8'),
('0665a4bf-8306-4d48-abd9-fd3695310513', 'Kiểm tra', 40, '9.10', 'bf03fc88-fe0b-4fc3-8399-1f36ca4f6e19'),
('067feeb7-5c79-4f9b-bc43-0535eb8bbeb5', 'Kiểm tra', 50, '7.00', '0d7191a7-1522-4223-86ec-cb60a714fa7f'),
('06898f03-a527-4b90-a2cb-0bbabb27112e', 'Kiểm tra', 100, '9.50', '079c2862-4a15-4490-9737-e5592c7a5849'),
('06df97c1-d6f5-48a8-99e6-b0d8287f544f', 'Kiểm tra', 50, '10.00', '9f558f60-6f03-45c3-8ee5-ef6e772a110b'),
('071000fa-d417-46e6-ac80-6229ef429f4d', 'Điểm thi', 60, '8.30', '307a4e3d-3f4d-49cd-982c-46e5a020caf1'),
('07a29816-38a6-41af-b23d-a51a6738534c', 'Điểm thi', 60, '7.70', 'aab9f7ce-46d4-48a7-8eed-20222e42e717'),
('07ec9b37-0ab4-4fab-84bf-691496ae7839', 'Kiểm tra', 50, '7.20', '72c80176-9835-4178-90f3-8a3f15886b9b'),
('082044f0-9191-4a02-8068-440acefa819f', 'Điểm thi', 50, '8.30', '09d2ff93-43bb-40b5-a0b7-715d1ad98ecd'),
('0836ee4c-132b-4f01-950a-6d4d7eb47638', 'Kiểm tra', 40, '8.60', 'e895f48f-07ad-482d-8a41-2b5e793f5421'),
('083f2cc6-d60e-45dd-b095-bc9b6437e1af', 'Kiểm tra', 40, '9.00', 'f5afa2e1-45d4-424a-8673-55842697a7b5'),
('089f812b-ec2a-430a-ab4d-26970ae1201b', 'Kiểm tra', 50, '5.00', '9edd67b3-3688-4ccc-b107-f90e6e1d18ac'),
('08a00e77-6757-4cf7-907a-10adc3e9e879', 'Điểm thi', 50, '7.80', 'a9ab403f-675f-4d8d-8ff6-79fdbbcf85b4'),
('08bed631-3d7d-4782-95fa-054b4a7aa1ba', 'Điểm thi', 50, '5.50', 'afee4170-9908-4363-a833-03ca865e9844'),
('08eb3fa6-0795-43c8-8271-b72a024ea8d5', 'Điểm thi', 50, '7.50', '7d6b3fe6-2a5a-4645-9584-bbe2029fe679'),
('09516ba7-b573-4b3d-900f-e9e08ef9891a', 'Kiểm tra', 40, '9.30', '79880160-1682-4a32-8bd2-16f7916e6dfb'),
('09805c12-aff5-42b7-b9b1-d53ea6ccdfc4', 'Điểm thi', 50, '8.50', '689314cc-308f-4662-9cbe-b770fa82be25'),
('09867159-169f-4c78-bfd2-25d7dd7fd853', 'Điểm thi', 50, '8.40', '20103cfa-461c-4225-975b-2ec65224332d'),
('0a32a3d4-7e63-46c3-9022-5fe21812913f', 'Điểm thi', 60, '8.00', '62a5c954-218e-4e62-8db5-a2a29e4e7c2d'),
('0a39c599-8731-407c-aae8-d1a4d71c3ec7', 'Kiểm tra', 50, '8.50', '6e3393a2-8eba-42db-b05d-b2ad37e74c3d'),
('0abe156c-11af-47d4-a1f9-d8039a8b04a2', 'Điểm thi', 50, '7.40', '28e370b3-a1d3-401c-9637-b1fd92091705'),
('0ad9e898-26b8-487c-b960-5d593ea63e15', 'Điểm thi', 50, '4.90', '017fa1a2-bdc1-41a1-b425-285f922035d6'),
('0af1f44c-9009-4c79-af30-257fce142a1f', 'Kiểm tra', 40, '6.60', '71327654-7d78-4266-bc70-2f7c2bb33e2a'),
('0b30bdc5-4081-45e7-a833-16ec5471909a', 'Kiểm tra', 50, '10.00', '1137bbf8-8c7d-4d37-afde-b9acee21b646'),
('0bb07288-4bd9-4aaf-b87d-61a39fb59362', 'Kiểm tra', 40, '8.80', '1c888896-7ab5-4a7a-891a-f89b959084db'),
('0bee0c25-3335-4190-aba2-e5bc57057ad8', 'Điểm thi', 50, '7.30', 'be37f7a7-5841-46a0-a90f-f0e7f0f32808'),
('0bfff8fe-5e01-4c1f-aacd-f6988d4722b0', 'Kiểm tra', 50, '9.00', 'b53676f6-8f49-4358-878e-96a0ac9c64e5'),
('0c3ccf55-96cf-4ece-a0ab-0968799776ab', 'Điểm thi', 60, '9.00', '43f8c729-0e9b-4841-b045-b278cdf383a4'),
('0c46ca72-4f08-467e-99f4-50cdec082692', 'Kiểm tra', 100, '8.00', '197a99be-d387-46d4-803d-89b1f4c4bad6'),
('0c47a9d5-d843-43b1-8a67-bb89f5a7d83e', 'Kiểm tra', 50, '8.00', '04e5edd1-6b9a-44d2-be17-01074e327614'),
('0c5a02e0-e9a8-4593-9754-d23741544698', 'Kiểm tra', 50, '6.00', '0c80df04-a859-400b-a4e9-1e2d3fe45f2a'),
('0ccf8a8b-f1b8-47f4-887d-54bb8ca8b7cd', 'Điểm thi', 60, '8.80', 'e08ffeca-c0b4-46f9-9b47-408b55bebb21'),
('0ce2469d-16ab-4fa3-a71e-5cf4f652564d', 'Điểm thi', 50, '7.30', '7c23b165-6454-45cf-805d-44048bdce9b9'),
('0d2b85dd-25af-49ae-b13c-8c2e5305258b', 'Kiểm tra', 40, '9.80', 'e08ffeca-c0b4-46f9-9b47-408b55bebb21'),
('0d400254-a585-4e8d-a1b5-9a681d50b5f0', 'Kiểm tra', 50, '7.00', '7e688392-048b-48af-877e-fb1a955a89ca'),
('0e6f73be-d21f-49a0-a36a-9d4f2ab236f2', 'Điểm thi', 50, '9.10', 'a46324ae-d4a8-451d-aaf7-f24f4de847d7'),
('0ea74b02-ce66-4c60-8c30-dd12efc95c52', 'Kiểm tra', 50, '9.20', '0e58a880-9e6b-4f8c-ab84-a34abe35b8ba'),
('0f560d88-5910-404f-9e97-7df1da29675b', 'Điểm thi', 50, '6.00', 'bc398e7f-0f4b-454b-8d6b-ee6e8bb0bd77'),
('0faead0b-e874-4993-930d-662b10ae9754', 'Kiểm tra', 40, '8.40', '4ad0407e-ddf0-4e4f-b486-a196452422ca'),
('0ff74bcc-9882-42dd-b8d4-d7e40bcdd794', 'Điểm thi', 50, '7.90', '689207ec-875b-4765-b700-fcc586961a8d'),
('100be0de-cf34-4a98-b996-62be1d119bf7', 'Điểm thi', 50, '0.00', '370d5b6b-2eef-41df-a53a-c623dbd4b3b5'),
('1012401c-833b-43ad-a470-58f4405cef34', 'Điểm thi', 50, '6.50', 'd402f65a-b2fb-4f44-af0c-03278d7a6c36'),
('104895fa-bb59-4513-b7ce-22f49b562f1d', 'Điểm thi', 60, '8.00', '07fc6250-9090-4b31-90f4-77dfeee22f0c'),
('10e88b01-f4fe-4311-9e42-bd761e51b2de', 'Kiểm tra', 100, '5.30', '4cc01055-0752-4b05-806b-b043d16044cb'),
('10eb4c25-0fb3-4afb-b8c5-f97773b4a3b0', 'Điểm thi', 50, '7.00', 'd33bc61c-f20a-4677-ab9e-1f5916ce1594'),
('113595a3-1d69-4871-9f48-fdf88c762b86', 'Điểm thi', 60, '7.30', '0d250b4a-50f3-40f5-8944-55c6bb492a35'),
('121d7019-1e10-41a4-a53b-0eacf22cd5b3', 'Kiểm tra', 40, '7.60', '00f93af2-614c-4c63-bd4f-f0c3f57a9e9d'),
('124561be-f116-4b8a-adba-fea534fb4a6c', 'Điểm thi', 50, '6.00', 'f7a3a743-c873-4090-8686-5b440bc8807d'),
('12717e5b-4301-4044-af98-d078c939224e', 'Kiểm tra', 50, '4.90', 'b847cc86-69a9-4169-8814-2e4b8c43600a'),
('1297761b-27a2-4ce7-bafd-91cf1fc69d3b', 'Kiểm tra', 100, '10.00', '97456b14-9e00-42c7-8f4b-20f94105e8cf'),
('12acae7b-ea94-452c-affc-cf306a2cc7e6', 'Điểm thi', 50, '6.60', 'bd592d08-2112-4be1-9fe7-9ba03ccc2c8d'),
('1322f0bc-5f68-4165-97da-caad67f24e11', 'Kiểm tra', 50, '7.20', 'a8eed790-4857-41a1-b76b-9a72756cd2ec'),
('132f0834-0f8f-43c8-a699-8f08bbedc349', 'Điểm thi', 50, '4.50', '7fb1ed03-5123-477e-b412-270d9513d8d3'),
('13522eb9-587c-4351-925a-f2872e0bcbe1', 'Điểm thi', 50, '6.80', '1fd217ae-b4b8-4389-a763-30a04b2207f3'),
('137941e4-0920-484a-a4c2-c026b4628d9b', 'Điểm thi', 50, '7.30', '82b19366-3aab-41a9-86c0-e51cf918d8e0'),
('1381c27a-8282-41d4-b25e-9aae1c13c7b6', 'Điểm thi', 50, '8.30', '4f08b7fd-3c09-48cb-afdc-327aa1a5d315'),
('138d4f64-3a4e-4948-93b4-cf7640abd1c0', 'Kiểm tra', 50, '8.80', '579d229f-9cb8-4ed8-bb8c-4af41a369f21'),
('1418dd08-c0f4-4641-afe3-3c73e2d3680e', 'Kiểm tra', 50, '7.20', '462e8063-e94f-4533-a45b-70ff4aade083'),
('142507b2-c5d3-4d16-a4ae-e19ad8b28e6c', 'Kiểm tra', 50, '7.00', '24b8248e-a08a-4412-8cfc-90cc7b0e330a'),
('14380f9f-3d16-40c4-a510-16d011f249e2', 'Điểm thi', 50, '8.50', 'd7cc703c-9de2-4a94-84df-d244dfb4f6bc'),
('144d14f3-32cc-403a-afab-871ccb81a4be', 'Điểm thi', 50, '8.50', 'b488af25-1995-4bb5-a435-b9343753c14b'),
('14661291-3d41-4ec1-a942-db8298f7d7e7', 'Điểm thi', 50, '7.00', 'e629bf6e-4241-43ae-874f-580f6cc655da'),
('1469e07d-89bd-4a69-a5d8-3da52c4e5e1a', 'Điểm thi', 50, '8.50', '38bbdf45-1ddd-4e03-95bd-2411a9327a86'),
('14f46f65-0a0b-4da4-a6d8-f2c506d73239', 'Kiểm tra', 50, '9.20', '52932e67-80e3-45a0-bada-d5f61baff1a1'),
('150a1495-cd98-4da7-8702-c256897cc248', 'Điểm thi', 50, '7.60', 'e1770131-a683-431b-ad53-199b5a9f0957'),
('150a4e67-9a89-4b4a-9e7a-a81b0eb1de11', 'Điểm thi', 50, '2.50', '0b9b5353-3ed5-4848-840a-e7a2cbfa51e0'),
('1568df38-ffa8-4f5c-b19c-4eb8b106931a', 'Kiểm tra', 50, '0.00', '370d5b6b-2eef-41df-a53a-c623dbd4b3b5'),
('15c2bb04-e15a-4e83-8945-366c4621f795', 'Kiểm tra', 40, '6.90', '77486259-7510-4296-bdbd-fc51fd79ad82'),
('15c59e07-8de2-44f2-a204-5055b87e7aea', 'Điểm thi', 50, '7.00', '1b91d124-d0c9-4501-866c-98b9b62d3062'),
('15c7093f-e0dd-4b95-8411-9a68dd590a9f', 'Điểm thi', 50, '6.50', '81b9c289-b159-4d92-b52a-aad98304c02f'),
('15e2d759-bc8f-40e8-846c-2a6dce87063f', 'Điểm thi', 50, '8.50', '74ce813f-8837-4580-a83d-cd724b5b5878'),
('15f68118-cd9f-4c25-aa22-f793ed361b7c', 'Kiểm tra', 40, '7.80', '040c6601-f2f5-4cd9-8dae-09286a525800'),
('15fa9d4b-72c5-4016-a3a4-ae2880a9ac06', 'Kiểm tra', 100, '6.90', 'b8ef6739-d62b-442e-93b7-886e6d71bb06'),
('160f7d9e-bd5c-473e-abcc-9c539ff0ab47', 'Kiểm tra', 40, '8.80', '2a634bb9-a0d3-4ac3-ae08-8a5ca347afcc'),
('16d591f6-d505-40cd-a41a-7acecbbb5b7e', 'Điểm thi', 60, '7.70', '92cf407c-cead-42f8-8361-41f0bb4ddb63'),
('16ffeebd-14a2-44db-8359-b23565590f76', 'Điểm thi', 60, '4.50', '2c75b264-85a3-4490-bccd-6fb4db420184'),
('171f0220-15a0-496a-856e-6ca59b31ec6f', 'Điểm thi', 50, '4.00', '59a94af0-97a7-4421-b987-cf4595d421c9'),
('17289b93-66f6-4c7e-8d42-0cc8156451ab', 'Điểm thi', 60, '6.00', '791817a9-474c-42e4-ba6d-c913d3d0c1cd'),
('173bf610-e5af-4c57-9e24-a12a54211d20', 'Điểm thi', 60, '6.80', 'b7d10be3-58b4-46b5-b281-b5a23fb6fd5b'),
('176699a7-bfc5-44de-85dd-3c240b26b450', 'Điểm thi', 50, '5.00', '57eda2b3-f9fc-45cd-97ea-97b4d57e04cf');
INSERT INTO `component_score` (`id`, `componentName`, `weight`, `weightScore`, `scoreId`) VALUES
('17b431fd-1db8-4f24-95dc-4ba654e3d396', 'Điểm thi', 50, '7.00', '5f35927a-2893-4a19-93e6-b3f2b040d3d9'),
('18928f2a-dd11-4cd7-874d-0365d2ac7e8f', 'Điểm thi', 50, '6.50', 'ca8bafab-5ea3-4659-8a1e-c3277ffc51f5'),
('189e176c-015e-4e54-ac2e-bd067802d83a', 'Điểm thi', 60, '8.00', '75be8dd0-6389-48f3-824e-dd63c81e3988'),
('192fcba8-b78b-4215-a04a-e38d019276ba', 'Điểm thi', 60, '7.00', '29f8e76d-3e45-4227-992a-6e0e6f182a19'),
('1945e6bd-fee0-4f18-85d3-704d8b2da439', 'Điểm thi', 50, '7.00', '7ec2e2c0-2cf5-4919-bbf5-17f0538fff76'),
('195a2023-d903-4362-9b73-6ea910a0d5a5', 'Điểm thi', 60, '0.00', 'd2d59cad-081c-4d8f-843b-40b53acc74f1'),
('19a8e750-252f-42b3-b10e-f76cbd80b9c8', 'Kiểm tra', 40, '7.50', '002e2de2-acae-49c6-98a0-e462541c9361'),
('1a121a89-8f17-4613-ad8b-94fab27fd4bb', 'Điểm thi', 60, '0.00', '0729959d-16e1-45ea-b1c8-598f3d162e43'),
('1ab08348-75b0-4c66-a6a9-36c6b8747bf9', 'Điểm thi', 60, '6.50', 'd902dfc4-2055-4b83-b759-8b99304fc7c6'),
('1b049098-30e1-4c93-a067-a71b812aed84', 'Điểm thi', 50, '4.50', '3b5670ef-794c-485b-ae7b-45eb1211d4e1'),
('1b3c9028-68c8-490d-aae1-e9db9cfadcca', 'Kiểm tra', 50, '6.20', '1f7f0610-146a-44e8-8fb5-d7e94a36dba0'),
('1b5a9647-fe6b-496c-84a5-144657ec44c4', 'Kiểm tra', 50, '6.60', '3ff58743-5862-4058-80fe-7429fffbf508'),
('1b679617-bd43-4873-b7b2-956129d5dd21', 'Kiểm tra', 50, '8.90', '47db812e-a0ed-47d7-9ece-d5f9ec87cc14'),
('1bf5b0f9-7f67-4191-81d2-2a7058e06c74', 'Điểm thi', 50, '6.00', 'f5dbb76b-80d9-4912-ba0a-b517967b6fab'),
('1c204899-ff89-457f-ae81-8f77d850eaee', 'Điểm thi', 50, '8.30', '029ae4b3-a12a-4fb3-9388-9db9c5c18ee9'),
('1c8a65fd-f135-44dc-8a88-c818e30081e4', 'Kiểm tra', 100, '7.60', '278c9572-be1d-44bb-b16e-6d7a32fe4627'),
('1c911cf2-7822-47dd-b9fd-d104d78aba41', 'Điểm thi', 50, '5.00', '0aa096d0-a8a4-4383-a21d-1cbefe0b3bb3'),
('1caab94b-3693-47e5-b8e4-da5aed16f979', 'Kiểm tra', 50, '8.90', '050b02c5-958d-4018-886e-3a7e23d836dc'),
('1cc3c332-ff0a-4531-988e-b13afdcd6bc5', 'Kiểm tra', 50, '9.20', 'b5fa47bb-112b-42ff-87ab-4c6ab92395a3'),
('1cd20b37-cb13-40d7-bed1-60f15f67e24c', 'Điểm thi', 50, '6.00', 'cdb329bf-78c6-4d69-8a6d-8d0a1b9b05fb'),
('1cec9008-a828-4660-ab19-6fab1c29cfab', 'Điểm thi', 60, '8.00', '2d5892e4-a8a0-4a41-b6b4-ae7d43b40c46'),
('1dd85054-703e-465a-a951-e17f2b001782', 'Điểm thi', 60, '9.00', 'df3f03b5-c8a7-4853-848c-64108f11936c'),
('1e6e66b3-d559-4caf-9178-cbdb8d787035', 'Điểm thi', 50, '6.30', '3f3f7cd4-dfd1-4261-897f-1710ebf73023'),
('1e8b36eb-55ac-461e-9a56-0dc76d914caf', 'Kiểm tra', 50, '8.70', '20103cfa-461c-4225-975b-2ec65224332d'),
('1e936ae9-8193-493c-9496-ab74cde8cc17', 'Kiểm tra', 40, '8.80', '79990822-dcdc-45b5-b410-07de7c52adda'),
('1ec09865-afbc-444c-91ed-f5ee1f47a370', 'Kiểm tra', 40, '9.00', '19c3f3cd-7727-4650-988d-207946565e19'),
('1f03e7f9-9ae3-4f65-b72b-1bc8477f7e1f', 'Kiểm tra', 40, '9.00', 'dda5d2d3-3849-4bbb-bfca-d148b6973cae'),
('1f448a56-8c51-4f61-869a-a947d743db4f', 'Điểm thi', 50, '7.00', '5220e639-0d5e-49dc-9023-3c6877999191'),
('1fadd620-6e7c-4b75-b011-bcfea464d053', 'Điểm thi', 50, '5.50', 'f58665d6-f164-4a83-a45a-077ec68ca354'),
('1fd2ff2f-ddd3-4dcf-8026-370383ed048a', 'Kiểm tra', 40, '7.80', '5c5909b7-9e27-48a3-83d1-b242cea09c21'),
('200f7be5-0a86-455c-ac1c-fd6f885f86a3', 'Kiểm tra', 100, '9.10', '1484e77c-a726-4ad0-bd82-85ccca54e196'),
('206c2a01-fa9a-463b-895a-637de8ada6f5', 'Kiểm tra', 50, '9.80', '0fd5dcdc-d7c8-4b2c-aa8d-bc2b9b6a78d5'),
('20753d73-d788-43ee-9597-455fdf100064', 'Kiểm tra', 50, '5.00', 'ab8782bd-13fc-41b0-adf5-dd2ac797a9e7'),
('20ee4caa-f5db-447e-b74a-97047b776d82', 'Kiểm tra', 40, '9.00', '04fd0f70-e672-4c88-a46d-a54c1bb350e7'),
('20f708d6-1f9e-4799-8590-cf18cf365d91', 'Điểm thi', 60, '8.00', '2c705c8b-f343-4225-a6d0-1d6bbc46e26a'),
('2126318a-a60a-49cd-98f2-82191c81417d', 'Điểm thi', 50, '8.00', '26fb3250-ecdc-4673-9f99-99b6db62108d');
INSERT INTO `component_score` (`id`, `componentName`, `weight`, `weightScore`, `scoreId`) VALUES
('218037dd-76a6-486c-925f-185abe1e0a87', 'Kiểm tra', 50, '8.90', '07af9e08-9159-44b0-a01c-79f6c90b4465');
INSERT INTO `component_score` (`id`, `componentName`, `weight`, `weightScore`, `scoreId`) VALUES
('219a2e8a-f900-486a-9834-e7700082fcd0', 'Điểm thi', 50, '6.30', '15796c34-761a-495c-9b23-5f91a5e5464c'),
('21bcc0c6-f796-4e3a-8e59-5dd2cca1fb0e', 'Kiểm tra', 50, '9.80', '06baca63-ec8c-4d50-b6b1-9713e130c445'),
('21c56f13-0562-4871-b378-d240404421ef', 'Điểm thi', 60, '5.00', '57f539f9-fb5c-4362-8a27-0a2a96104852'),
('221416ac-bd0c-4f6c-b8f8-c21c38673d26', 'Kiểm tra', 50, '9.40', 'f5a4d1ee-19e1-409f-890e-f456ac31a6e9'),
('222ea5eb-effe-4cdb-aaad-c3498679e8db', 'Điểm thi', 50, '7.50', '07af9e08-9159-44b0-a01c-79f6c90b4465'),
('22606788-a5d3-4639-a3bc-b544e89b32f8', 'Kiểm tra', 40, '9.10', '014bc294-2711-4b75-bd98-3f206f56b995'),
('22b79902-df6a-454a-a820-bc7aba195f4a', 'Kiểm tra', 50, '5.80', '39de912c-72c2-47ba-aa9c-a19703a4bd6f'),
('22cff831-3964-4b35-8116-e45de94deaf3', 'Kiểm tra', 50, '8.00', 'c91ca843-9cac-4a0e-a177-d996b3e0f1f8'),
('22f6d269-1fe3-4e24-a3df-88e62b75012b', 'Điểm thi', 60, '3.50', '1245f78f-d6d9-4485-ad37-185b24acdbdb'),
('22ffef8b-2319-4d88-8874-5d32d3732d89', 'Kiểm tra', 40, '8.00', '2e575637-924f-42aa-bb0b-2b89419dbb24'),
('23369bc5-f287-4aea-a0f9-46d68d578bd1', 'Điểm thi', 50, '0.00', '76a6ed48-3955-4fcc-a0e0-49d9f6d39b52'),
('234bd4a3-8edb-4f31-8607-c62793ea3f2d', 'Điểm thi', 50, '6.00', 'e4eeddf7-d638-4119-970b-216b7d73ae93'),
('2362c69c-a5b1-46bc-89d9-408fb6317f3e', 'Kiểm tra', 40, '7.50', '8f7476a0-9e1e-456f-b430-90501a490d37'),
('2386eedc-23e3-48e2-91c9-ea2d51209288', 'Điểm thi', 50, '7.90', '73bb9c5c-9362-4b45-8ba1-801ca6f18e64'),
('23891be7-b272-4c9d-a95f-46d3cbf856d2', 'Kiểm tra', 40, '9.60', '72adb177-b1bc-45d0-8cef-559fe294fb77'),
('23a9f454-86a8-4ec9-8588-68d3bf5121e2', 'Kiểm tra', 50, '8.20', '8421ae20-2252-4c0b-b800-00c12c444207'),
('23c541c3-45b7-47f7-9ef0-749a1d64be3f', 'Điểm thi', 60, '8.00', '18a106bd-88aa-4b05-b371-0135a03b9d5c'),
('24116cb8-5302-49b0-95e5-d50db380494e', 'Kiểm tra', 50, '10.00', '65f462a4-aeb5-4329-8345-cf8e731b23b8'),
('24358273-0621-4906-b8b2-93b3dc9bbfc8', 'Kiểm tra', 40, '9.50', '10095b85-c541-4c96-8342-1fa3bd42051b'),
('24742909-0728-42a3-8b02-302d2ab1b08c', 'Kiểm tra', 50, '9.60', '1ecc29bf-6360-49fe-91a8-9adcdb4f5b8b'),
('2488871a-38f7-4389-a9f4-a700c3d4ce45', 'Kiểm tra', 40, '8.90', '41c70684-a446-42db-9389-3a63fbafa969'),
('249bda07-9298-4780-9f31-b6f46abee062', 'Điểm thi', 50, '6.30', '908adc63-e599-452a-9086-b64ac323f550'),
('249f3dd4-8371-41d9-a8c6-d781495392f3', 'Điểm thi', 50, '6.00', '0c1d41a6-2afb-4924-a9b0-36b6bd8cf97b'),
('24bcef51-3f0c-4668-ad45-70f18164a1ac', 'Điểm thi', 50, '5.80', '15c85dfc-cf3a-4940-a4ba-36b8171dba65'),
('24c1ad13-3f46-4c9c-8602-f161d6fce750', 'Kiểm tra', 40, '6.90', 'fd7938e0-e9e3-4245-a660-aa847d98b38c'),
('24f8643f-7b4b-44b5-a71a-ab1184fc4188', 'Điểm thi', 60, '8.30', '281df404-32c5-4b63-bcee-1b8bd18165d1'),
('250a1d49-059f-40d4-8136-60d98bcf733c', 'Kiểm tra', 50, '9.20', '0a552a2c-146e-465e-af63-af7369bff0c7'),
('257cc721-f7e6-4951-bfdd-1a62bd395386', 'Điểm thi', 60, '7.70', '55d699f2-713a-4b26-a71e-ed2e96b9be3b'),
('25a0a796-d8da-4861-865f-9444f6528d12', 'Kiểm tra', 40, '8.10', '18a106bd-88aa-4b05-b371-0135a03b9d5c'),
('25c2d98b-3075-4f46-9a62-20c9f14ac736', 'Kiểm tra', 50, '6.20', '7d560ac2-cf49-488f-8c8d-fb60b521e814'),
('25c8f4d4-6429-40f7-b050-b20c4a8e46cb', 'Kiểm tra', 40, '8.50', 'bfa13f13-f8fa-412f-aca9-fa21a1ed1306'),
('26659be1-2c60-4aed-9b49-55b8d8bc965e', 'Kiểm tra', 50, '5.20', '587d7132-70a0-48b6-a445-2fa1aa8f2591'),
('267ad1bd-9716-41f6-bc76-0e529e29407a', 'Kiểm tra', 50, '8.90', '8a6e75b5-78e4-46b4-8844-51938209d66f'),
('268aac61-2d58-43fc-b2e6-6b21a3771787', 'Kiểm tra', 50, '5.00', '85de62a5-77d1-4c73-9092-4b35f6a39b93'),
('2693ed87-ce78-45cd-8482-a542c59c8b82', 'Kiểm tra', 50, '8.00', '7c23b165-6454-45cf-805d-44048bdce9b9'),
('26b08e1f-3461-459e-a770-dad931322f5d', 'Điểm thi', 50, '7.40', 'fe7fd14c-95d6-45f5-908f-816837f79569'),
('26d61d34-631a-4277-85f6-accb43addd3b', 'Điểm thi', 60, '6.50', 'ff185f31-0f8f-4709-a62a-f24f1fb5747e'),
('273cd4dd-198e-41c9-8257-f3c6b92b274d', 'Điểm thi', 60, '7.50', 'b668e6d5-a1ce-449b-a639-e32ab8bd016b'),
('2767f7af-e07f-45d6-9769-5d022722431a', 'Điểm thi', 50, '6.00', 'df286f40-a327-4f68-98b9-72697c0af547'),
('276f947d-e27c-4d79-8c5f-43534e755766', 'Điểm thi', 60, '9.00', '02d0dbd4-4977-4ba3-8c4f-1002d264aa50'),
('277dfd1f-a227-46d1-9be8-e07ad0c641b1', 'Điểm thi', 50, '8.80', '472d1e59-f3e2-4be1-bc0c-f49a220f90cd'),
('278346b9-12d4-4ed5-989f-8995b3df2c7f', 'Kiểm tra', 50, '8.40', '095b34ad-80e7-41d4-b995-19778ee487fe'),
('27a71409-d5c4-42b3-b49a-1aa2a23855d1', 'Kiểm tra', 40, '9.10', '19e06728-a47b-495e-ac3f-2f59cc6ad875'),
('27cb2a54-bc2c-46b5-a698-400d53c28886', 'Điểm thi', 50, '8.30', 'c6d1566f-84cd-4b64-9fd8-f4137202cbe9'),
('27d931ce-71f8-4031-b165-06b8b9943868', 'Kiểm tra', 50, '8.00', '2c245fb9-6956-42d6-b081-b08ac627b5e3'),
('27eb1150-7b58-48c0-b4c2-097d9949027b', 'Điểm thi', 60, '3.30', '8c54e283-e925-4475-819f-164621a16287'),
('27f186da-1b7c-4c2c-a9c4-0adb812f9490', 'Kiểm tra', 50, '7.60', '2336fe76-87ed-4c9b-87ac-dce218ef2e40'),
('281ec41d-67e1-48bd-b933-47f9794ced79', 'Kiểm tra', 100, '7.60', '5fa8c39a-514a-4e1e-b065-f27253548d98'),
('2834a8d4-f280-4bad-b21d-1da736b90f60', 'Điểm thi', 50, '6.60', 'b9c72195-67d9-4d62-9f28-dc432608b43f'),
('28402fe6-312b-48a4-aea9-1e44293b6462', 'Kiểm tra', 40, '10.00', '1e0bb6ca-6834-4ac9-8ea1-f3b0b11ad2df'),
('28597eb9-6e3f-4e16-8d09-f20b11bcaff8', 'Kiểm tra', 40, '7.40', '12082abf-f4dd-4627-add4-b87e48dcb18b'),
('28712d79-8439-4414-99ff-529ac79d6945', 'Kiểm tra', 50, '7.20', 'a6eb5cf7-1d48-41ce-bb10-1ed3d376bf69'),
('28808907-e302-4582-b964-d6a5230c608f', 'Kiểm tra', 40, '7.60', '2319337f-6c3b-4427-8473-1744c5b11d46'),
('2889c108-138d-4374-956f-c88fd5de9696', 'Kiểm tra', 50, '2.80', 'a656e7ea-bbcf-40da-92f6-dada55044055'),
('28930593-ea59-44c2-8261-14adba7dcc01', 'Điểm thi', 50, '8.50', '9f558f60-6f03-45c3-8ee5-ef6e772a110b'),
('289f10e0-38b1-41d8-94a3-b18578284b39', 'Điểm thi', 50, '7.80', '9a724e42-4356-470d-a630-d4df9236a6db'),
('28b2c38e-3959-4756-9157-da77be2bdec1', 'Điểm thi', 60, '9.30', '4a30b6ae-1106-4506-a829-7528d8014b04'),
('28dfb733-2a73-4ae3-9e7f-61fe17c4e4f4', 'Điểm thi', 60, '6.00', 'af219815-fc4f-44be-bb62-16e2fcb7a2f3'),
('29171a1f-4480-4c0a-aa04-b6917601d225', 'Kiểm tra', 50, '9.20', '15b61b72-ccfc-40f2-bcdc-e76c6ee9cd8c'),
('291e31d4-b885-49b7-b88d-49c1ba2b2eb0', 'Kiểm tra', 50, '8.20', '0b9b5353-3ed5-4848-840a-e7a2cbfa51e0'),
('29546c17-533e-4a80-95e2-f2260fa0dd89', 'Điểm thi', 60, '4.50', '10e3027f-7628-42c4-8347-ab1fa0e043d0'),
('29679d1e-bb9d-4de5-936f-1aa5ab915514', 'Điểm thi', 50, '8.40', '65f462a4-aeb5-4329-8345-cf8e731b23b8'),
('298a21eb-378c-4bcf-8125-e1dbcfc386a7', 'Điểm thi', 50, '9.70', '5540bee7-7ad0-489d-b067-4c2065eae9c4'),
('29ea4151-79fa-4201-bd5d-83b28a10e930', 'Điểm thi', 50, '10.00', '1029e740-5135-468e-b3f3-5f35f38494d4'),
('2a85bdd2-ad7c-4ea5-96c7-aad9e473e2fd', 'Kiểm tra', 40, '8.50', '906cff10-6c1d-46f9-b2c7-69e467f5ea01'),
('2acae233-e6e2-4de3-a184-936fd9094333', 'Kiểm tra', 50, '9.10', '3e83e0b8-5b18-460d-b9f5-fe71028837f5'),
('2ad41251-4ef3-43e3-ba4a-94a793bf4eeb', 'Điểm thi', 50, '3.00', '095b34ad-80e7-41d4-b995-19778ee487fe'),
('2af9d8e0-ac06-46ba-97fe-d8465e8ec427', 'Điểm thi', 60, '3.30', '0cea3ced-67e8-4ba6-9cc7-721b41fccc4b'),
('2b00ec8c-7c0a-4d5c-a43b-693cbe79960e', 'Kiểm tra', 40, '7.60', '316eedd3-e60a-45cc-9c6c-464a12cb0e81'),
('2b3a232b-780a-485d-bb2b-b231de86a3ca', 'Điểm thi', 50, '6.50', '00cdbf6e-f6b6-440c-b5cf-891951a1e1de'),
('2bc56928-6bb3-4dcd-b44a-0fc22fce6059', 'Kiểm tra', 50, '9.20', 'c6e609f7-85f9-47c0-a785-8e2c37e747b3'),
('2bdc0787-db48-4eec-aa2c-79d98fcf7714', 'Điểm thi', 50, '8.00', '5aeccfae-d9b1-402f-9315-ed66eefc237c'),
('2be6fc22-78b0-4c1b-ab71-704231dd13fe', 'Điểm thi', 50, '9.00', '027dfa78-9e57-46c6-ab3f-b4a242f638c9'),
('2c49f34c-8f71-4bb4-9946-b07348a7e1c9', 'Kiểm tra', 50, '7.20', 'f5affa8d-750f-4bb9-8a2b-b3d5a184e47d'),
('2c999af9-0c14-40d9-8159-ee885baa219a', 'Kiểm tra', 40, '8.40', 'bbd5a9a1-1ffe-4167-8975-064e94347396'),
('2caa9607-407b-46fa-8811-67d0a97f2745', 'Điểm thi', 50, '4.50', '0008c7dc-f3f6-41a1-b58b-239a2ed3de74'),
('2cab9ba8-ed59-43b1-91d9-c5cd7f67e9d3', 'Kiểm tra', 50, '8.00', '16cc6d7d-a763-4acf-bb65-9a9441ad4c6f'),
('2cdbbbb1-f201-4b03-9e81-649770c19bf8', 'Kiểm tra', 50, '7.40', '64cad8f5-a48e-4eea-b22d-ac2e0858e95c'),
('2d27e296-f584-4dfe-a164-539492d65213', 'Điểm thi', 60, '6.10', '039280b1-4b3b-48f9-8990-9c78115f7374'),
('2dc98266-ccde-4c37-8270-02ced5647e8f', 'Kiểm tra', 50, '9.20', '8c18d558-f459-4cd8-aea9-b5fc81cfa80a'),
('2dd73ca6-8336-47d7-8ac0-2b3a8dfe62ef', 'Kiểm tra', 50, '9.30', 'b6210a75-3223-43d5-9473-d40be3c2ce15'),
('2e033310-604a-4980-9da4-31218903175e', 'Điểm thi', 50, '7.50', '0afda70e-12f6-4d45-964c-218438b7e6df'),
('2e0a64bd-f602-4881-a354-c148808b0a0d', 'Điểm thi', 50, '6.50', 'e2c6e142-c79f-44e8-9179-e81f63f72e3b'),
('2e131267-ca16-4e76-96f4-e625ebd09a4e', 'Điểm thi', 50, '6.50', '0f9ff989-cbec-4dfc-aa0d-75d8d761a4ef'),
('2e2f63c9-c046-4e80-8b24-dd796af5206e', 'Kiểm tra', 50, '5.80', '15c85dfc-cf3a-4940-a4ba-36b8171dba65'),
('2e39501b-9b6a-4ac2-9e29-6cadd4f798df', 'Điểm thi', 60, '6.00', '0159681c-dc59-43c3-a684-665dbb132961'),
('2e9e049d-5471-4789-a9e1-1e9c08583899', 'Điểm thi', 50, '3.70', '4d2efd62-70c7-4684-9929-fbeb4313c6e3'),
('2eb9422f-658e-4f83-ac76-2a14de46670d', 'Kiểm tra', 40, '8.10', '62a5c954-218e-4e62-8db5-a2a29e4e7c2d'),
('2f3c0475-d4e6-4d46-8142-42f8c82c471a', 'Điểm thi', 50, '2.50', 'a656e7ea-bbcf-40da-92f6-dada55044055'),
('2f40e8eb-6371-41ab-ad92-4ab4e57a6730', 'Điểm thi', 50, '5.00', '615d766c-c1c9-4814-b65d-230ac53a8bd1'),
('2f493635-c7cf-4bed-8b2b-9c55b820dbe1', 'Kiểm tra', 50, '9.20', '28c3a330-f675-4b51-a49d-c422dc741db4'),
('2f4d8d1b-d36a-474f-8c57-e4e1f4350e7d', 'Điểm thi', 50, '8.40', '24b8481d-a620-4538-91dd-62a587b2d51c'),
('2f6346a8-1eae-438f-af6b-19aec3a6e020', 'Điểm thi', 60, '8.20', 'b6139277-4b4a-4473-a082-8d4bd979b18d'),
('2f6a6e83-1b5e-4d86-92d4-479d9a82b7ca', 'Điểm thi', 50, '7.80', '2ba36f4b-78d8-4bf1-a5d5-e72cd33fd018'),
('2fa065f7-a7b4-4bdd-911f-4fdea24e22ad', 'Kiểm tra', 50, '9.20', '5540bee7-7ad0-489d-b067-4c2065eae9c4'),
('2fa9630a-7bd9-43fd-b500-53cedc6d6452', 'Điểm thi', 50, '7.40', '1ec14d23-1891-482e-93e9-d671a8562879'),
('2fca2d2e-7593-4fea-9f6f-0cda80da2330', 'Kiểm tra', 40, '10.00', 'a527dd56-8fb1-48d8-97f9-ac42efab69e3'),
('2ff36dc2-7039-4b93-a43e-870f6a34838e', 'Kiểm tra', 50, '7.60', 'd402f65a-b2fb-4f44-af0c-03278d7a6c36'),
('2ffeee4d-d21f-419e-8c03-e5f1696ba952', 'Kiểm tra', 50, '6.60', 'c751b720-9044-48c2-b0be-2e37df2442cd'),
('300a1a23-f2a9-4985-8904-87550fceab85', 'Kiểm tra', 50, '8.30', 'aaea25a3-4429-4ad3-a6a2-53d302990441'),
('30106074-0cf2-409b-9bd3-da8df0f29bb9', 'Kiểm tra', 50, '9.30', 'dd47c185-51c0-4791-bc63-385381260468'),
('30313159-d4f1-4be1-aad2-3bc98f9ccf1f', 'Kiểm tra', 40, '9.60', 'ddef3f5c-21fa-4c47-b7b3-a84b36dcd10b'),
('305c0f2a-9172-45e2-9cfd-d6fc60c73846', 'Kiểm tra', 100, '7.70', '07a3be34-fd7e-4e18-9ff5-a5c3b28722a6'),
('30605e10-dfb9-43d8-8c68-10ffaf6deadd', 'Điểm thi', 50, '3.00', 'd26dca5f-b20a-4386-a487-8180028726a4'),
('30f8e488-d1f8-4bfe-ada5-e065e3a6d830', 'Kiểm tra', 100, '6.70', '72291370-0a8a-4121-8878-7a620a588de9'),
('3110510c-a83e-44df-98c5-f3967bc40e23', 'Kiểm tra', 50, '8.40', '0aa8cd91-540d-4c7a-9289-6d6a62cd68e6'),
('311dd8c7-2faf-4211-b928-bdf19bc804e7', 'Kiểm tra', 40, '8.70', '7b25c74d-2b6d-4029-aa79-f7a578591ad6'),
('31343943-da65-4570-9673-dddf76cc2407', 'Kiểm tra', 40, '8.10', '07134cf3-7cc4-49e2-b409-1e388c5beda7'),
('318c1f15-3bd5-4210-ba46-fc265c376857', 'Kiểm tra', 100, '0.00', '346af417-bd52-46d8-86fd-c50d8677e9ae'),
('31955782-94e8-40fb-8188-f3566f42f8ad', 'Kiểm tra', 40, '9.60', 'd5ee0acb-ea96-4ddc-b1e6-e005ce44514c'),
('319c6d74-ce15-4d91-aecf-cff88444c6dd', 'Kiểm tra', 50, '6.20', '8514df4d-f9c0-452d-876f-d5af571ee75b'),
('31a345fd-921a-426f-a78a-2c9c6d4cc222', 'Kiểm tra', 40, '8.80', '066c0f81-a7b7-4898-8896-b84a2462d62f'),
('31ea030e-e9c1-4abf-9681-9b5fe22a22db', 'Kiểm tra', 40, '8.10', '5136c5d4-b353-4722-93d2-80e848ab4c8a'),
('31f8addd-dbd4-49e2-9024-c5e6dba2be26', 'Kiểm tra', 40, '9.30', 'f6dc2d71-0426-4494-8805-f5d304ca1d2f'),
('31fa4023-feec-42f1-b930-abe52e99965d', 'Kiểm tra', 50, '9.20', '65955b1d-d19f-43a5-b741-6bd2f9919428'),
('320f7f70-05d7-4e3f-85e4-d0c057091df0', 'Điểm thi', 50, '7.70', '0d7191a7-1522-4223-86ec-cb60a714fa7f'),
('322710ea-4fb3-4e3b-9bc7-5849d2fd01ac', 'Điểm thi', 50, '5.00', '0e58a880-9e6b-4f8c-ab84-a34abe35b8ba'),
('323e4077-9ce3-41e9-b092-f5f6439b3406', 'Kiểm tra', 40, '9.60', '31bf34b7-20b7-4059-ba29-83347199c052'),
('325475aa-9f79-4e93-8697-886452c83661', 'Điểm thi', 60, '7.80', '1be10fb6-ae34-4e4f-9238-f3dc9c9817dd'),
('32c2d831-ebf2-4569-a412-6c731270bbfe', 'Điểm thi', 60, '7.30', '71327654-7d78-4266-bc70-2f7c2bb33e2a'),
('32f53fea-4f27-48ba-9340-1d0e2ee3bbf4', 'Kiểm tra', 100, '8.00', '2f6679b9-7573-4e4e-baed-e199b0268869'),
('3310a2ea-6c18-4b38-8418-cdfec5860b39', 'Kiểm tra', 40, '7.40', '88dbae41-e447-4804-a42a-dfc63223da45'),
('336d8eec-0341-4c52-afc1-c0a50bef83dc', 'Kiểm tra', 40, '0.00', '5ba91592-c0ca-4bfd-b2f1-1e5ea236ced8'),
('33765c9c-4c19-48a1-9004-49bbb356b862', 'Điểm thi', 50, '9.00', 'd62d47b3-be36-42cc-b31c-291f5bede9f0'),
('34016555-39d4-4048-a4e5-626ab4357389', 'Điểm thi', 60, '8.30', '0394ab8c-725e-4b6e-8372-a22daee95672'),
('3418123f-6fe6-4734-ba0c-9e93c7fe0f77', 'Kiểm tra', 50, '9.20', 'bb186c93-bbf3-4631-9937-545ff3c3dfc7'),
('342b4d4e-a8dd-4843-aa21-58296cdac550', 'Kiểm tra', 50, '9.00', '4b38a96c-c76c-4bc6-b7d6-2bc6f5c22e4b'),
('3436530e-8156-4c49-990f-c5ac10e6c4ca', 'Kiểm tra', 50, '10.00', '11c474ea-956f-4e87-b705-71d3bb9d1302'),
('345c2c12-1fb1-412e-9ebe-bd4f9cebe480', 'Kiểm tra', 100, '9.10', '10f52344-f6cf-4dc3-bb58-565aaf28ab93'),
('34666e91-6306-4d20-8edc-7a364ec5b0cc', 'Điểm thi', 50, '6.00', '6aed29aa-77c4-42f4-a32d-9ad52ad8bfdc'),
('34b4f672-82c6-493e-966f-c7025bd20b5d', 'Điểm thi', 60, '8.00', 'f13176dc-bb97-468b-aff8-e933abd61825'),
('34e74824-81b8-4a5a-9e25-11f7c49e6d4a', 'Kiểm tra', 40, '7.80', '3ce6bd8e-c548-4e9b-bcca-09aef4832265'),
('35bba875-3a91-4ff8-8733-a8c7fb6552b3', 'Điểm thi', 50, '9.00', '01291a45-2356-4e85-8863-e77aed2168cc'),
('362a963b-5b11-40f0-8fba-cd706d33005c', 'Kiểm tra', 40, '7.50', '009edcbb-834a-4c20-907e-bb23bec0a702'),
('3636d4e5-708d-484c-aef8-ec026aad65f9', 'Kiểm tra', 40, '9.50', 'cf82d322-1726-4650-ba2a-2729604d2770'),
('3659d6ae-38c8-4bc9-98be-a5f036e5b406', 'Kiểm tra', 50, '9.20', '14fc0a41-e468-4de9-af0d-4f0e4a2e39eb'),
('36dda44d-a086-485b-a6b2-ddc88a81ecc5', 'Điểm thi', 50, '7.90', 'dd8df045-8307-40ee-a892-36417c7c6507'),
('3715b5e2-39ca-46cd-85bb-241b60e6e26e', 'Kiểm tra', 50, '8.40', 'dd8df045-8307-40ee-a892-36417c7c6507'),
('3766d3a5-9d34-4d94-b7cb-3bbd8c917436', 'Kiểm tra', 40, '9.60', 'baf5737b-dece-4fe4-be63-bdb2fe66b632'),
('384c6192-59e5-4fec-8162-7df094e0d302', 'Kiểm tra', 50, '9.40', 'bd592d08-2112-4be1-9fe7-9ba03ccc2c8d'),
('3875c06f-0e8d-4c2f-8253-932971861639', 'Kiểm tra', 50, '9.20', 'afa4aa85-78e1-4988-a7ba-6aaf2f950ac1'),
('387cfef2-f780-42b0-a30d-b5fb9b38e123', 'Điểm thi', 50, '7.90', '827f9933-0e04-411f-992a-a70198b6df45'),
('38855b2a-2965-42bf-b612-42861772d22f', 'Kiểm tra', 50, '9.10', '27fb663a-67f2-45e6-b6ad-bba1dfc47f43'),
('38b794f5-58ae-4c01-904e-495b0b6645e4', 'Điểm thi', 60, '6.50', '316c2376-999d-4f60-a508-fd606fdc5151'),
('38dbde40-dcb9-4a4e-b58e-fa83ce59e19a', 'Điểm thi', 50, '7.10', '334710e6-8e3c-4c43-bf31-a68eaa7ca37f'),
('38e81df4-96e7-43b1-a2af-6f386d4de7d7', 'Điểm thi', 60, '8.00', '609858ad-3b58-48de-a9a9-2654d079ec76'),
('38f82cff-6574-4afa-b78f-bfc26c036a63', 'Điểm thi', 50, '7.90', 'f53a73dc-ec1e-494a-9df8-18db4d0454cc'),
('3935ae99-2810-4c99-a757-7bad5e1ad84d', 'Kiểm tra', 50, '9.60', '288c2192-8b99-4939-820e-e1218acfbe4b'),
('396046f3-bcdb-4d93-89d1-17df6a37e155', 'Điểm thi', 60, '8.00', '3ce6bd8e-c548-4e9b-bcca-09aef4832265'),
('399add4a-3bf1-4be9-b297-dd51ad106764', 'Điểm thi', 50, '4.00', '41e93c30-d100-4b9b-acd8-3d6c38df54cc'),
('39fabcc5-d1fb-4223-807b-8b34dce9198f', 'Kiểm tra', 50, '7.20', '0fe26ee1-7093-40de-b6d1-4ed906a860e7'),
('3a03aeeb-e552-4210-857e-6f298a2e5e5c', 'Điểm thi', 50, '6.00', 'ba63616d-2ddf-4c4a-98fb-bc380ac367ad'),
('3a094eee-edd3-4c9c-99bf-8c2761851982', 'Kiểm tra', 50, '8.50', 'aa8215df-0e92-4671-808d-bad667f73dcb'),
('3a3d14d4-8c08-454e-a6d7-eba96721c4be', 'Kiểm tra', 50, '7.20', '11602c41-ed1a-4635-b0c1-c8b1a5c1740b'),
('3a7fd37a-3986-4f17-876f-ffe701c45524', 'Kiểm tra', 100, '9.90', '76365eca-5992-4a64-9f6a-a4cdde288fce'),
('3a8b19bf-5201-476d-a52c-341c4d5ce76d', 'Điểm thi', 50, '7.70', '7e688392-048b-48af-877e-fb1a955a89ca'),
('3aee921c-c916-4a90-bd37-04a6e212f427', 'Kiểm tra', 40, '9.60', 'cb92783b-3166-4a66-869d-3c58ef410e31'),
('3b1e61f6-9194-4531-9636-35ed80b21edd', 'Điểm thi', 60, '6.80', '33a0fa5e-5742-43a7-8aac-caab460ec0e0'),
('3b24af3c-cc59-4bba-b78c-d15ed12c4a2a', 'Kiểm tra', 40, '9.80', '77ba0adf-c075-4dba-b13e-bf5de5b26876'),
('3b6a24f1-dcaf-4e08-8e3d-167605067707', 'Điểm thi', 60, '5.00', '15c66f8c-f9e6-45ff-b57c-3983e98e9076'),
('3b7f3570-6254-42bc-857b-0fcf2ee81d65', 'Điểm thi', 50, '7.00', 'b2e66f6f-4942-4e6c-aa61-4bebc749dc22'),
('3ba4dc6b-2f5e-4be9-97be-952dcacdb36c', 'Kiểm tra', 100, '7.60', '00bd3d6d-629c-4e3e-b073-f0295d7ef0ad'),
('3bd69f09-fcb9-4e80-812b-72b35f93cdfa', 'Điểm thi', 60, '8.00', 'ca23ea23-7985-4516-b965-0dbfc00bcb8a'),
('3bf5bf7b-904a-4b8a-848a-43432ec6fc7a', 'Kiểm tra', 50, '8.20', '61e0880f-f77f-4dab-9d1c-a37d6acb70bf'),
('3c1e21fc-6b30-42de-be7a-82065e88c154', 'Điểm thi', 60, '5.00', 'cf82d322-1726-4650-ba2a-2729604d2770'),
('3c32f797-9e90-4b1b-b7d2-3e371835b4a4', 'Điểm thi', 50, '6.30', 'ae692c25-7ed4-4508-a798-84b4e20430f6'),
('3c77fda5-06db-449c-8ada-ab9655286f6b', 'Kiểm tra', 50, '9.60', '74ce813f-8837-4580-a83d-cd724b5b5878'),
('3c7b0067-e762-448d-b5cf-ec4cf780bbbb', 'Điểm thi', 50, '9.10', 'da8edfde-3836-4f45-a297-fdd840bbdfaa'),
('3c85ffca-9d89-4bf0-a407-4c49ada1e450', 'Điểm thi', 50, '4.30', 'e4e5d1a1-6f19-4b95-bc35-c8d74d784d96'),
('3c9a1791-15d2-44a3-bd2b-a77eb5508575', 'Kiểm tra', 100, '8.40', '61e0d2b3-57d0-45ae-b5ac-b3462f37532e'),
('3c9db7ab-2486-4774-ae51-13ad4dba4145', 'Điểm thi', 50, '9.00', 'a6eb5cf7-1d48-41ce-bb10-1ed3d376bf69'),
('3ce58113-815c-4384-a790-b39d4ac91881', 'Điểm thi', 50, '8.00', '288c2192-8b99-4939-820e-e1218acfbe4b'),
('3d975f5f-4c48-47e3-8616-6e3eddbb1cda', 'Kiểm tra', 50, '9.20', '00b5579b-ed6a-4b16-a738-c59a1470cf8b'),
('3da92a62-b9c5-4c25-8ef4-290add93bd19', 'Kiểm tra', 50, '7.20', 'b2ebbc9c-9529-47fb-b01c-a0c3a9e06d6e'),
('3e0e65b3-9ec7-4e1c-87f9-fe4e2c535ac8', 'Kiểm tra', 50, '9.00', '3b5670ef-794c-485b-ae7b-45eb1211d4e1'),
('3e103314-96a7-4aa8-8003-829f6655eb13', 'Kiểm tra', 50, '9.00', '57e3796b-8fe7-4cfc-9799-1ec7fb0d5fa3'),
('3e11d8fa-d6a2-46a9-b784-db4424fe8931', 'Kiểm tra', 50, '9.90', 'dfcf3bdb-e06c-4460-b0e4-d12035eef2a0'),
('3e38215d-7976-4dd3-94b6-31e1ac6c451d', 'Kiểm tra', 100, '8.30', 'be69a0a2-13f7-444a-a489-8548afd7d627'),
('3e46e549-0fdc-4c3f-8ef5-543a31269f1e', 'Điểm thi', 60, '8.40', '3ab89cff-cfc6-41f6-94d0-1e569453d1a9'),
('3ea0a273-408f-4261-bd4e-490f8d37087f', 'Kiểm tra', 40, '7.60', 'fc330f15-c2e8-4100-b30e-6014c552f502'),
('3f049b1b-9321-4c05-8fdd-0ff40178dd79', 'Điểm thi', 50, '6.50', 'f82bfca9-2aca-4b4b-82d3-32a6058dfbb6'),
('3f256c4b-9b19-4912-b7f7-505f3b5da2b2', 'Điểm thi', 50, '8.70', '0e91552c-37a6-4467-badb-519b0e3a27bf'),
('3f3b1337-2ba8-48b2-b96f-43bbd77d8c54', 'Kiểm tra', 40, '8.10', '8ba53673-9505-45e8-b982-80c6a2862d7e'),
('3f728ed0-f814-40a7-aa40-ab350766aab7', 'Điểm thi', 50, '6.00', '03fa2e9e-bd69-4305-855a-15a0ed175782'),
('3f814d13-256d-4ec0-9a61-65324fd9976c', 'Điểm thi', 50, '9.00', '0fe26ee1-7093-40de-b6d1-4ed906a860e7'),
('3fa6f2df-4df4-4b97-a1c5-49ee6c2c0cfd', 'Kiểm tra', 50, '10.00', '13848507-ba0f-425b-a19e-42569a032201'),
('3fdc0323-c358-4b0c-bc3d-ead888e4a98a', 'Kiểm tra', 40, '7.40', '8b6af078-251c-490e-9ac9-b10aef0bf05d'),
('3ff91e1f-607f-40f1-8838-77bc4bf7bcb8', 'Điểm thi', 60, '7.70', '49d9799e-cae6-4a9d-b898-878de9cfbc07'),
('4061230c-68d4-430d-bfaa-49094dd48f42', 'Điểm thi', 60, '6.80', 'ee3b747d-749e-4524-a271-89b96a5df16e'),
('40844a7e-931b-41af-b746-c67eb2b33a19', 'Kiểm tra', 100, '9.10', '8a23d8e4-9a9b-43e2-92d7-fa275ce5ed06'),
('40d84c75-2577-4519-b61c-ec9b3a37f40b', 'Điểm thi', 50, '9.50', '16d4851f-6176-434d-9c3e-786e2415bcac'),
('40f2ee06-c9b1-467c-a09d-a72c150ffa07', 'Kiểm tra', 50, '9.10', '2692f539-3915-40cd-8d97-a5cf596f4b8b'),
('413d95a0-82ba-40f3-89f8-eb9bfd85ba36', 'Kiểm tra', 50, '9.40', 'b9c72195-67d9-4d62-9f28-dc432608b43f'),
('415f2f8e-4993-452f-a6a8-1067ba9f9f83', 'Điểm thi', 50, '6.00', '44f6c0ee-72b4-4874-bd84-6142e6b1ccff'),
('4167db1e-603e-42fd-81aa-d012c7d885d9', 'Kiểm tra', 40, '7.30', '12aa1cb0-28d0-454b-b15e-f6107ba84e13'),
('418ac5dc-534e-456f-89d4-11d135211148', 'Điểm thi', 50, '8.70', '3cf7d082-55fa-4e25-9d83-51ee00eec8f8'),
('41923416-6173-4c11-8bce-4657472656dd', 'Điểm thi', 50, '7.30', '9c4d5a16-e03f-457e-b993-4f1c55778376'),
('41f35fd5-aecd-48ae-9a6e-72eebdb215ab', 'Kiểm tra', 50, '9.20', '26ce64d8-245e-4564-9a99-cb4d8e423625'),
('4282a7e8-87f5-4211-b58c-f29144e02fbb', 'Điểm thi', 50, '8.30', 'ac936d88-0312-43e6-9fad-eb44e9a8c178'),
('42911cd2-ed43-4c56-9b30-ce198e898f11', 'Điểm thi', 50, '7.60', '5929acaa-5f13-485c-8d4c-aa44a4746c44'),
('4296343c-eba4-4fb8-98eb-9405d31e098e', 'Kiểm tra', 100, '8.00', '6817353b-1f52-418f-a362-a242f251ab99'),
('42cd2171-0ad6-4769-bace-e60b1c42285f', 'Kiểm tra', 50, '8.40', 'fe7fd14c-95d6-45f5-908f-816837f79569'),
('42dceb9e-2b3c-42c7-9cfe-807fac1ff899', 'Điểm thi', 60, '9.30', 'e71f833e-4875-4268-943b-925c77868114'),
('42f4ad03-1acc-4640-ad20-c9a673c15715', 'Kiểm tra', 50, '9.20', 'b2e66f6f-4942-4e6c-aa61-4bebc749dc22'),
('42fcb161-c024-4b14-a414-33f381111df8', 'Kiểm tra', 40, '10.00', 'd61f4759-a184-4a6d-905a-cb28dad140a7'),
('430e72ea-7ca1-4bb3-ac58-fea170addb82', 'Kiểm tra', 100, '9.10', '86b5fe9d-121f-439d-9fac-bbc8a2b9493d'),
('43263825-a663-4077-ab15-ef7b68632441', 'Điểm thi', 50, '5.00', 'be37447f-233f-4824-a763-60ec7bb030c5'),
('4338a3d6-d35f-40ec-a2c4-2242811dadf2', 'Kiểm tra', 40, '6.90', '4edad114-1514-4550-a9ea-85a1f8c21ed9'),
('434bee7b-0c09-445b-958a-21c82206041a', 'Điểm thi', 50, '4.90', '3e0f2c0a-77f4-419e-995f-8b70ac88f98a'),
('4358e414-d212-463a-b33d-9d032f45d52f', 'Điểm thi', 50, '8.00', 'beb0fd91-4166-400f-9dd2-316bc8fe5a31'),
('43590906-46c6-4cfa-88ce-95d139bb3fe4', 'Điểm thi', 60, '6.50', '2d95b437-3cc5-4aaf-8bd9-7241ce8e561b'),
('43dee855-1a80-4935-a0fb-bdfa5b2a7a9b', 'Kiểm tra', 40, '10.00', '699ce4d7-fb50-4e35-9d51-a8dbe7b8b1c3'),
('441bf4b7-5cd1-463b-9324-8c02e91d2891', 'Kiểm tra', 100, '9.10', '8a66903c-8b47-483b-aeae-30323ccc23d2'),
('448a0ca3-671e-4fa4-9193-a3867f71e80f', 'Kiểm tra', 50, '8.40', '73bb9c5c-9362-4b45-8ba1-801ca6f18e64'),
('44e44ffc-b95a-4ded-b024-594fcf07525b', 'Kiểm tra', 40, '10.00', '643eccf8-751d-4303-8e17-c74631dd14db'),
('44e96650-e900-41be-8d7a-f5212a88d649', 'Kiểm tra', 50, '9.00', '62879b76-1ce8-4b61-b8b0-ca9bbe3fe9f7'),
('457b44ad-c4c0-4f76-a573-93f5741216d9', 'Điểm thi', 60, '8.70', 'e3041fcd-8bdf-42a3-b6eb-db79a3bb2f66'),
('46323210-427c-4c49-8397-8730d58aee2f', 'Kiểm tra', 40, '9.30', '52396213-a8c0-437b-9ad8-4e813c0287f6'),
('463f3813-21ea-4ede-a334-048b8b237b52', 'Kiểm tra', 50, '9.20', '7010ffe6-3daf-4377-a805-4fca4c618971'),
('4646131e-b925-4b98-a75c-aeb6515153d3', 'Điểm thi', 60, '6.20', 'ddef3f5c-21fa-4c47-b7b3-a84b36dcd10b'),
('4688ae56-af94-4b18-aca3-fc32864f2cb0', 'Kiểm tra', 50, '9.00', '036fa5d8-9294-4714-a6c4-94bd099e260b'),
('46aaf238-9ef1-4c12-aa46-6c9706e6dd82', 'Kiểm tra', 50, '6.20', '908adc63-e599-452a-9086-b64ac323f550'),
('47088918-e87b-40c2-920d-179286e635fd', 'Điểm thi', 50, '4.50', 'c3679610-e6ad-4114-b822-642b68c0a564'),
('479b396a-ad9f-45dc-b194-3e5643e380ff', 'Kiểm tra', 50, '8.10', '10bfaf9c-3125-4840-b147-3f87306ee8e9'),
('47aa2923-b9de-465b-a120-6816439334fc', 'Kiểm tra', 40, '8.70', '2008bbbe-458e-4aa0-8531-47f3a6db4962'),
('47b6769f-1114-4785-8e81-ef5145ed90da', 'Điểm thi', 60, '6.00', '4e0d1e38-2792-4f7c-a409-6a5dea773f2c'),
('485cd903-659b-4289-9d61-33485b9b72cc', 'Kiểm tra', 100, '8.60', '5fe89b98-f3a9-400d-ac86-5d0415e2e72f'),
('48a32032-3b72-44ae-991c-fc8a3658fa06', 'Kiểm tra', 50, '4.90', '7393d90f-a038-4fa0-a9d9-496f06e7d1e4'),
('48a57adc-7005-4e64-8faa-b9568fcef8a8', 'Kiểm tra', 50, '8.40', '7956c3fe-d453-40e3-b8b9-f58c27c90869'),
('48ba0e0d-802e-4864-b7de-dba8ab495995', 'Kiểm tra', 50, '9.30', '03fa2e9e-bd69-4305-855a-15a0ed175782'),
('48bde526-5683-42dd-a277-1d99c163144e', 'Điểm thi', 50, '4.90', 'dd47c185-51c0-4791-bc63-385381260468'),
('48d286c1-7c77-4551-8c39-55cc2aed1302', 'Kiểm tra', 50, '8.40', '21f7454b-8355-486d-9267-afbf1b3167c3'),
('4905fd6e-e6f6-49a3-a5ce-655398542c8d', 'Điểm thi', 50, '4.50', 'ab8782bd-13fc-41b0-adf5-dd2ac797a9e7'),
('493682f4-a200-4664-aefc-9fedbbb14acb', 'Kiểm tra', 50, '9.20', '45c0d417-3fb7-46c3-94c5-db2476025547'),
('494648b0-ea7c-4978-b5eb-5ce52f03b0cd', 'Điểm thi', 60, '8.70', '5f27c9a3-96aa-4f9a-89b4-9de49f8a4f87'),
('4998d535-cdca-43b7-b3b6-7e4eda6cd0e5', 'Kiểm tra', 50, '10.00', '12658067-a31b-4951-9c47-5b71cd58773f'),
('49b44575-4404-430f-b14b-cd815a350924', 'Điểm thi', 60, '4.50', '066c0f81-a7b7-4898-8896-b84a2462d62f'),
('49e540df-a291-416f-a87a-d72e960e0ef8', 'Kiểm tra', 40, '9.30', '29e877c7-b5bb-4533-8d8f-b2afc36e45d9'),
('4a029464-aa40-4ef3-9660-ef1cdbd42a74', 'Kiểm tra', 50, '6.40', '16154efb-7459-4a82-bcee-23f398ff92ec'),
('4a10df8f-41fe-4a4d-ad35-c2040ca5bcab', 'Kiểm tra', 50, '7.60', 'dcb57ad3-f716-4ccf-966e-f92825f660a6'),
('4a76c71c-c55c-4d19-bce2-225bc1eb3341', 'Kiểm tra', 40, '9.10', 'ed8f3b56-bea7-4479-aebd-ef565add83c2'),
('4a81ed65-c7ea-4db4-9804-3917a60a4a52', 'Điểm thi', 50, '2.00', '1947033a-ce8a-447e-847b-23789296da09'),
('4aad626e-af68-474e-ad4d-b9306d172806', 'Kiểm tra', 50, '7.60', '05f2ed69-353b-4d78-b6ef-67c5d2c57fd5'),
('4abd0db8-4770-4cc4-a595-b3a5efb7be6b', 'Kiểm tra', 100, '7.70', '8332963f-9d18-4b26-a80e-433a2f57c732'),
('4ae3a2ec-7306-4c94-b80e-26bd500bb5b7', 'Kiểm tra', 50, '9.80', '1cf6a7ec-f3ae-4310-9b79-ee5c2ed9ea90'),
('4aecdb52-3acc-441d-9aaa-a1cd4235d0e5', 'Kiểm tra', 40, '8.70', '814a321d-7109-47c1-b972-1c12c6e022eb'),
('4b25148d-3ba8-4636-9dc6-84c980be7587', 'Điểm thi', 50, '3.90', '06a1b0c3-be47-461a-a9a3-f3f4b96f8855'),
('4b4a47c1-f46d-4641-b130-3d767a89e0ea', 'Kiểm tra', 50, '9.20', 'd7cc703c-9de2-4a94-84df-d244dfb4f6bc'),
('4b4dbef0-26dc-44ef-8f70-74294b66a374', 'Điểm thi', 50, '0.00', '9425c09b-04e8-4162-a827-da481b57aed8'),
('4b7564c5-9b9e-465f-b439-16a384efd8fe', 'Kiểm tra', 40, '9.30', '91923e99-ca04-4dd0-a545-fb931db1c7ab'),
('4b8ef8c9-fd25-4191-834d-0537fb8e8193', 'Điểm thi', 60, '0.00', '37ad7d24-e1de-4d6f-b254-2ce34cb13433'),
('4b9b6f8e-15a7-4128-a6c7-3e27d84208fb', 'Kiểm tra', 40, '7.60', '357ed40a-b3a2-4b8a-ba96-69e46dc7c5c9'),
('4baccc7b-babc-4508-b0a7-4f0495a54d12', 'Điểm thi', 50, '7.70', 'a0ae2af2-6a9f-4f88-b1aa-4536ea335bf1'),
('4bc97b35-6611-484a-89fd-2bae44df2038', 'Điểm thi', 60, '4.50', '79990822-dcdc-45b5-b410-07de7c52adda'),
('4c582e34-cc3c-464d-b9f0-68aa9e08799e', 'Điểm thi', 50, '6.00', '3ff58743-5862-4058-80fe-7429fffbf508'),
('4c5c52b4-0b03-41a6-97ce-5cc597f494dd', 'Điểm thi', 60, '7.00', '79880160-1682-4a32-8bd2-16f7916e6dfb'),
('4c69ad5f-06aa-4e76-a61d-4fcecaa867f3', 'Kiểm tra', 50, '10.00', '19df06c2-c201-40c5-b990-247a140a43c6'),
('4c7699bc-5806-4471-bdb1-049cb230d01e', 'Điểm thi', 50, '6.50', '55695165-d465-4e48-b012-7f79c4f44445'),
('4c9f4684-b886-4bc9-aa0b-2b0ce0180221', 'Kiểm tra', 50, '8.80', '7ec2e2c0-2cf5-4919-bbf5-17f0538fff76'),
('4ca07993-4bc8-4ebf-b451-22f33f69ae87', 'Điểm thi', 50, '6.40', '64cad8f5-a48e-4eea-b22d-ac2e0858e95c'),
('4d1c9cc8-4d00-4366-b371-4ac32e89dbfa', 'Điểm thi', 50, '5.00', 'bb186c93-bbf3-4631-9937-545ff3c3dfc7'),
('4d326ead-fae5-4027-beef-bc4129614d1d', 'Kiểm tra', 50, '4.90', '31a79074-39cd-4db1-a435-1f5d559e0575'),
('4d5151d2-eec9-4f17-b63c-194ff33dccf0', 'Kiểm tra', 50, '6.50', '05f070c8-66c9-4d0d-be42-12904abb92a8'),
('4d530a09-bc6e-4c30-b490-dc76d3c99fc4', 'Kiểm tra', 40, '7.80', '4e0d1e38-2792-4f7c-a409-6a5dea773f2c'),
('4d7fd6fe-a2f8-4c35-8fd6-264c86bf4241', 'Điểm thi', 60, '7.00', '544c5324-8287-4897-8c51-beb3c2c1c1ca'),
('4da39f9b-00a1-4279-93f1-fdcdf1ed2822', 'Kiểm tra', 40, '9.80', '8b8a4c7a-2930-4352-9903-dc5d35d18eb9'),
('4dc68e3e-2ea8-42f3-9f09-4200f9d45f1b', 'Kiểm tra', 100, '7.40', 'ed6ae73c-121d-4dd3-b83e-4a9b884a39f1'),
('4dded9e4-9859-464a-bcc2-fe3b1216a7f6', 'Kiểm tra', 100, '8.30', 'bddf033e-056d-4f47-94cb-04ef2f907887'),
('4e556afc-8c3e-4589-9276-f25451e59771', 'Điểm thi', 50, '8.70', '252dea1e-e675-4003-acbf-b4896622dcdd'),
('4e5ff244-9ca2-42a5-af38-efc823f673cb', 'Kiểm tra', 50, '6.20', 'fbef1bd2-5f70-468b-91ad-2b58641acd2c'),
('4eb2c2da-0ce0-4644-a57d-e984e0eda125', 'Điểm thi', 60, '3.30', 'bfa13f13-f8fa-412f-aca9-fa21a1ed1306'),
('4f08871f-a795-4d59-b213-ba7ff36afaa8', 'Kiểm tra', 50, '7.40', 'df2663e4-bbdf-4880-b31f-525bcef54e0f'),
('4f15f0b8-118c-4926-8130-59b5966038c8', 'Điểm thi', 60, '8.30', '4f24079f-0d9b-44b8-a60f-68b009065d93'),
('4f2016b4-0857-4739-8397-3d3a9f13083d', 'Kiểm tra', 50, '8.90', '4a7653fc-6b60-41f7-b084-579b509eafff'),
('4f7972d7-cea5-4f3b-b742-13eee2807bce', 'Kiểm tra', 50, '10.00', '01f8e571-674e-4c1d-8e20-de5722cb1b32'),
('4fb23699-8c00-4ea4-81f3-237d5e8be306', 'Điểm thi', 50, '7.00', 'eaf24497-4b4b-4e46-bbed-7856e2ef43b5'),
('4fbfe5c5-4351-4262-b179-0969404e6e48', 'Điểm thi', 60, '7.00', '41c70684-a446-42db-9389-3a63fbafa969'),
('4fcf9148-6411-4efc-a404-dbbdf6c42158', 'Điểm thi', 60, '6.50', '58f6274c-69be-415c-8fa3-c5c765518041'),
('4fdcf762-4db7-46a5-853a-00ba81f0ddf3', 'Điểm thi', 50, '7.00', '3dd69577-4dd4-4bdd-bb79-81f46101ff93'),
('4fe23c09-7464-49fb-9c79-2c5540076952', 'Kiểm tra', 50, '4.90', '55695165-d465-4e48-b012-7f79c4f44445'),
('50203032-4642-44bd-9e14-a965d4f11f95', 'Điểm thi', 60, '8.50', '8fb68031-f993-4bed-8165-d49f68ba3f12'),
('503ae618-0d5d-4fe2-9969-66247a3b1655', 'Điểm thi', 50, '8.40', '5d3ccd18-3e68-460d-b6fa-3979d376e2f0'),
('506d409c-ebdd-474b-a6f5-08e889936400', 'Điểm thi', 50, '4.80', 'c0fb41ef-a2ee-4b54-8f8c-abd8acbe32e9'),
('507ee43b-19b9-49a4-8524-2d523ea2d2b3', 'Kiểm tra', 50, '4.90', '651e495a-43fa-42da-93ad-1682b58d3009'),
('50915efe-3278-4880-8b85-07b7da4e8493', 'Điểm thi', 50, '6.00', 'c7947bce-9fc8-4616-9264-a4daaf9af8d2'),
('50ab2f8f-2523-4e85-bf90-da7cf943df0a', 'Kiểm tra', 50, '4.90', '00f7937e-e26a-4f54-a3c4-fbd75be45889'),
('50fc766e-9b1a-48c5-b315-b28f9157d6f5', 'Kiểm tra', 40, '8.10', '911cc78b-f37d-417a-837f-301d9dc857c9'),
('50fd1771-be98-4b2e-8de8-a870df6d705a', 'Điểm thi', 50, '5.00', '28c3a330-f675-4b51-a49d-c422dc741db4'),
('51389cf0-7205-4e30-8cff-094213c57f62', 'Kiểm tra', 50, '7.60', 'fda296aa-c2d6-4be4-accc-114267483941'),
('5154917e-5f8c-46e0-ba33-13ce1bad5225', 'Điểm thi', 50, '6.50', '24bc2a3c-f9da-47a0-9008-e4b664d2be04'),
('51c9de3b-0bf1-43ea-a57c-975f44c9c5ec', 'Kiểm tra', 50, '8.90', '274da407-e0a2-4444-9b05-84a9e2526b05'),
('525043c5-a12e-4d34-93f3-313613d1b291', 'Kiểm tra', 100, '8.60', 'd8d26d2c-7d42-49db-9626-3bd9f8ff5c54'),
('525861fd-7ac6-4e7a-9586-89e51978d4e3', 'Điểm thi', 50, '6.60', '48ad71dc-4c47-4246-b9b3-f806b6a5d830'),
('5261b197-c6a2-4ffd-86e0-76e93c7f0c0e', 'Kiểm tra', 40, '7.80', 'e0214953-c96c-41a8-a2e6-ef25f04731f2'),
('5267aec6-2804-42e8-b969-6994987e819d', 'Kiểm tra', 40, '10.00', '901986e0-0891-495a-a343-06f38cf035ed'),
('526c227c-e27e-4b68-b0a6-36832b7ece98', 'Điểm thi', 60, '6.50', 'bce65322-16c7-4368-95b4-7f46777cab36'),
('5277a049-2ff0-42ee-8481-5752722413ce', 'Kiểm tra', 50, '10.00', '1fd217ae-b4b8-4389-a763-30a04b2207f3'),
('52b17920-88ca-4350-a8da-551202855973', 'Điểm thi', 60, '8.00', '5f985b1a-fc40-46fd-83e0-a51cb9f9dab8'),
('52d4b16a-7385-4652-a3ec-72bb1cc0f7ed', 'Điểm thi', 60, '9.00', '9cbbcf5e-5de1-43f0-b002-fe1e1e10ebf7'),
('530d1f5f-00e3-4eb7-a351-28b8ca391362', 'Kiểm tra', 50, '10.00', '5220e639-0d5e-49dc-9023-3c6877999191'),
('53128836-52a9-42c9-94a2-4ca1c0e64d8e', 'Điểm thi', 50, '7.90', '8bb15993-7b83-45cb-8f6e-f67fa60d6577'),
('533ccedb-bb76-4b0e-aca7-55033c50062b', 'Điểm thi', 60, '6.50', '188f2163-ff83-4d2d-a568-080e7bdb52f3'),
('53d69922-fe96-4d90-a9f3-c0ea08ee1578', 'Kiểm tra', 50, '6.40', '3f8086d4-9139-467f-a9f0-69daf0bdd5a0'),
('542bed48-0c9c-488c-ac54-e31963b7ef58', 'Kiểm tra', 50, '0.00', '05226cbe-afd1-4a21-adec-da74956132b1'),
('548c6a7a-88e1-44c8-9484-d4489fc5b323', 'Kiểm tra', 100, '6.10', '4519638c-5320-4e33-b76e-c3d5d3b0b51e'),
('54e61465-c2a3-441b-a1a0-89a3558b9f25', 'Điểm thi', 60, '8.00', '07134cf3-7cc4-49e2-b409-1e388c5beda7'),
('54f2e762-a77d-4d5a-9df6-6b6bde3177e7', 'Kiểm tra', 50, '9.40', '027dfa78-9e57-46c6-ab3f-b4a242f638c9'),
('55018bf3-436a-4ee9-8995-84eb5378cd29', 'Kiểm tra', 100, '7.60', '0a60f7d6-b219-4393-bcf5-9b2710c24504'),
('5503f86c-30d7-40a2-9821-dcca3f9df98d', 'Điểm thi', 60, '9.30', '5396085d-4323-484f-bdcc-a350307a9bfc'),
('55460b0a-9d8a-418f-87a7-2a2a1454017d', 'Điểm thi', 50, '6.50', 'a22bab45-1e76-441a-a125-cdad7529e2ad'),
('555b00a9-3d79-4578-94a8-b7e2280bf3f1', 'Điểm thi', 60, '4.50', '06a1c6a9-6cfd-4699-a9bb-9962fa38f100'),
('556a769a-1684-4732-bf54-58df867f0f6f', 'Điểm thi', 50, '2.50', '6f358135-c888-457c-b73d-9050d93d9b73'),
('556cad5b-e06b-4375-9742-5b7704dc3b51', 'Điểm thi', 50, '6.30', '7d560ac2-cf49-488f-8c8d-fb60b521e814'),
('557d8597-6d12-4f07-a784-83fdaa4d7a08', 'Kiểm tra', 50, '4.00', '16c24587-024f-45db-9443-62e975addb37'),
('557dd202-866e-4ce7-a2e0-ae0d788cf541', 'Điểm thi', 50, '8.50', '8c18d558-f459-4cd8-aea9-b5fc81cfa80a'),
('5599885a-44b2-4885-b560-ba4d76116753', 'Kiểm tra', 50, '9.30', 'bc398e7f-0f4b-454b-8d6b-ee6e8bb0bd77'),
('55b73763-eb23-4460-85cd-795adbc08b85', 'Kiểm tra', 40, '7.00', '2c75b264-85a3-4490-bccd-6fb4db420184'),
('55f75a73-6e26-41ca-bce4-d91a52dbd1fb', 'Điểm thi', 50, '9.50', '05744891-2997-46b9-84f1-260764296aea'),
('562f05fd-4220-4aea-886d-e791a3ea910f', 'Kiểm tra', 50, '9.20', 'a5920968-85f7-4934-a47a-bb865ca5897b'),
('5631c2fb-0661-432f-b945-0fd6755c21ef', 'Kiểm tra', 50, '8.20', '059c127c-56ff-44f1-8892-bdffa24b79ca'),
('569bc696-70e1-43c3-a085-833beb991a80', 'Kiểm tra', 50, '8.00', '03733b08-5874-435a-879c-28817030bd9b'),
('570b6fb2-12c8-4ab4-a7c2-dfae5be0f4f0', 'Kiểm tra', 50, '7.60', '10712e3a-538a-459e-a2ac-9657d68d0048'),
('5723df1f-45e1-40ec-8a8e-f1577aca205d', 'Kiểm tra', 40, '6.60', '44c007dc-aedf-4271-8909-41ae85f68ed6'),
('577fbef8-4e03-44e0-a6fb-90743e192d91', 'Kiểm tra', 50, '8.00', '3f3f7cd4-dfd1-4261-897f-1710ebf73023'),
('578a2f0c-8781-4d6e-8519-77af0f23cad8', 'Kiểm tra', 40, '7.60', '8fe91396-1b55-4d27-bc80-a4a10a1dabf3'),
('57c55f31-1c20-4c01-b0cd-4764e6898388', 'Điểm thi', 50, '6.00', 'd25b7a09-462b-436f-913e-5fd8d5fbca23'),
('57df1fb6-2025-4af5-ab28-36877756cfba', 'Kiểm tra', 50, '0.00', 'dad4f7d5-2fea-4731-8de1-5aca15d5afd0'),
('5829d3fc-9adb-4a6d-ad3c-b2d3869017c6', 'Điểm thi', 50, '8.30', '018a81da-082c-41a4-bcce-01b5a25ab852'),
('5864f7c2-e4d9-4a01-9260-37fc7d796291', 'Điểm thi', 50, '7.00', 'cf53781e-36f2-4aba-aac8-ed24e16f23ec'),
('587fc8cb-f1d3-4b73-a52e-f67046972c3e', 'Điểm thi', 50, '6.00', 'c91ca843-9cac-4a0e-a177-d996b3e0f1f8'),
('589fd4cf-e8b7-43c4-99a9-8357fa229750', 'Kiểm tra', 40, '10.00', 'f9ba6930-da54-4106-9502-ca104f41900f'),
('58db3967-b131-4d2a-8cf8-566804bde57e', 'Kiểm tra', 40, '9.10', '74a7b788-1e19-4ac5-b21b-aa193e04c4fc'),
('58ebba50-f07b-4733-b969-ff70aa9b95f6', 'Điểm thi', 50, '6.50', '00f7937e-e26a-4f54-a3c4-fbd75be45889'),
('58f3747d-0f98-4913-ac32-2fddd77a1200', 'Kiểm tra', 50, '8.60', '24bc2a3c-f9da-47a0-9008-e4b664d2be04'),
('59063172-43d9-4991-b823-1fdcbed44511', 'Kiểm tra', 50, '9.20', '0fbe9978-a650-4217-aee8-586ab025faec'),
('5934274e-a99a-4e2d-b5b5-5400067867fc', 'Kiểm tra', 50, '8.60', '259ebf2b-209e-4c4a-a29a-1ec0d9eb4c3b'),
('594a1dbf-221b-4015-9d92-7fce8374fbd2', 'Điểm thi', 50, '6.50', 'becc5a29-b086-439e-9e15-c289515eb8ef'),
('595c95e2-6bf4-4d3d-b5c7-8943815818a1', 'Điểm thi', 50, '6.00', 'c86792ce-a1cf-4ff0-81b8-273621f932dc'),
('5a4ce49a-9439-4468-b748-c88489a65f84', 'Kiểm tra', 50, '9.10', 'c3679610-e6ad-4114-b822-642b68c0a564'),
('5ab190e7-c5b6-4a2b-b789-ca4a70a04c1c', 'Kiểm tra', 40, '8.00', 'f97779cf-912e-4e76-b46f-6cbdafa34328'),
('5aed37f2-f16c-4ca9-9f1e-a873c01e0203', 'Kiểm tra', 50, '8.20', '1fdda6d5-dbee-481c-89da-3ebcd62959c8'),
('5b50bcea-743a-48a7-9cf2-9ab39fcf19fc', 'Điểm thi', 50, '6.50', '7393d90f-a038-4fa0-a9d9-496f06e7d1e4'),
('5b5f6222-ae03-4a65-afcb-066be911e882', 'Điểm thi', 50, '9.50', '13848507-ba0f-425b-a19e-42569a032201'),
('5b6f5614-4d5f-4ad2-999f-8f82284c2675', 'Kiểm tra', 50, '9.30', '8d921156-486c-43ce-9b43-cc016fcce160'),
('5b808b27-e4df-4b58-b6ee-93a2a7a03a55', 'Điểm thi', 60, '7.70', '906cff10-6c1d-46f9-b2c7-69e467f5ea01'),
('5b9880a5-fcfe-490a-8c97-988a2ed29e3f', 'Kiểm tra', 100, '9.10', '2dc9524d-55aa-466a-bc52-6f2f61c92789'),
('5bca0d14-a70c-458f-97be-afc66cce933a', 'Điểm thi', 60, '6.50', '1c888896-7ab5-4a7a-891a-f89b959084db'),
('5bdd2612-2250-4be8-b1ba-901df4e94e77', 'Điểm thi', 50, '9.00', '0a64a04c-ef2a-4f2b-b758-f6eb59546b11'),
('5c0a572b-b28f-4b64-8afd-714e0075694a', 'Điểm thi', 50, '6.30', '16cc6d7d-a763-4acf-bb65-9a9441ad4c6f'),
('5c2efc0e-b4e9-4a62-8bac-f7ded5469f94', 'Điểm thi', 60, '6.80', '77486259-7510-4296-bdbd-fc51fd79ad82'),
('5c361a49-32c0-45f6-896e-370c3fbea270', 'Kiểm tra', 50, '8.00', 'efb81458-f508-4d79-a4b2-40ef1b100e19'),
('5c6993bd-eb62-4bea-ae5e-d9107ce78dfb', 'Điểm thi', 50, '7.10', '05f070c8-66c9-4d0d-be42-12904abb92a8'),
('5c8f8e30-5357-4adf-9565-57127b39d353', 'Kiểm tra', 50, '10.00', 'aefdc28a-f834-494a-84a1-faa7b43f18c9'),
('5c958794-316d-457a-8bcf-1d4bd6f0a048', 'Kiểm tra', 50, '9.60', '0f079667-b2a9-4bfe-8f8c-462dca5c0dbc'),
('5c96796d-8e21-468a-99c0-6d59ffb1e535', 'Điểm thi', 60, '7.50', 'df1257c5-3375-49b8-aa95-9da073c56e1f'),
('5cb4e2b4-d9f2-42df-b35a-d1fb6940d99a', 'Điểm thi', 50, '9.00', 'f5a4d1ee-19e1-409f-890e-f456ac31a6e9'),
('5cef1a9d-0393-45bb-ab51-d06786a9e1ae', 'Kiểm tra', 50, '8.30', 'fc50abfb-1a62-4e05-80c5-e4c7b8e387ad'),
('5d3c5a2a-c978-43fd-9d73-3ad8d9df36e8', 'Kiểm tra', 100, '7.30', 'a7c59aa0-307f-4c7a-9bb0-090be329d3a4'),
('5d591228-83cc-47dc-b55a-ab6911156224', 'Điểm thi', 50, '6.50', 'e406baaa-d1b4-4796-93cf-8f893321f9fd'),
('5d7dd802-6503-4a82-a42f-63da8b8788ee', 'Điểm thi', 60, '8.00', '15e33490-8a48-4cee-a408-9cf70258987a'),
('5e2d7750-a5cf-4d05-a62c-7052566c9fc8', 'Kiểm tra', 50, '9.20', '195a7f1b-b43d-4930-ac7e-4b6620764fcd'),
('5e3184b5-29c4-4af4-b9cf-96eee3f39fea', 'Kiểm tra', 50, '7.20', '24cda3ce-aa26-4432-870a-11cb55c393d9'),
('5eaa263f-88ce-4cd1-b6f7-ff4bc2fb87aa', 'Kiểm tra', 50, '9.20', 'e034406f-9d54-4bc5-a676-a4f646f0800e'),
('5ee87bcf-d3f5-4098-a6c4-790bb8fe0b87', 'Điểm thi', 50, '6.00', '2c245fb9-6956-42d6-b081-b08ac627b5e3'),
('5f32a6ea-b3ad-49d6-851e-cdce83ee6eae', 'Điểm thi', 60, '7.70', 'ffc83716-708f-4bf5-bb18-8e08460ca32e'),
('5f38b827-495f-42ad-92fa-ed5055d7e721', 'Điểm thi', 60, '7.70', '91923e99-ca04-4dd0-a545-fb931db1c7ab'),
('5f42de9d-4a65-4a30-972e-3a252a129876', 'Kiểm tra', 100, '8.00', '43ca5332-0ae2-4d29-87ab-edc89d4f4216'),
('5f67eccc-75c4-4ca2-972c-d95c6e545d18', 'Điểm thi', 60, '6.20', '8a7a9636-508f-4abf-81b4-c1917e306ee9'),
('5f7e006b-b9e0-41c2-8aea-a60476c74db2', 'Kiểm tra', 50, '8.70', 'be2bf038-224c-4bd2-8920-7f8df6334659'),
('5fbe9988-9ef2-4d41-9c2b-a175e50e04f3', 'Điểm thi', 50, '8.00', '1596d912-1916-4ce8-aaf5-6107d5900b8a'),
('5fd6c65e-834e-4966-bf13-3f4423ecb4f1', 'Kiểm tra', 40, '9.60', '246ecb4d-2948-4f66-9e63-35e137239ae0'),
('5fe1c0be-be93-48bd-9192-f4176e47bef7', 'Kiểm tra', 50, '9.60', 'ab9e1000-1c72-4000-b656-1522550bd181'),
('5fe3c1f5-b396-4efc-8474-3a78016c3829', 'Kiểm tra', 100, '8.60', 'b3258dd8-21ae-4c9b-91c4-ba7b5ae1a71b'),
('5fe7769a-a629-4c20-9cf2-1396e1d94c6d', 'Điểm thi', 50, '6.00', '01764a86-f317-47f6-ab8c-acd6ca461485'),
('5ff6928d-37b9-4d8f-a945-c0d1fd5403b5', 'Kiểm tra', 100, '7.30', '05a809b9-ed40-49b1-ba92-18afef0221f6'),
('603deddf-0216-4809-bf45-f97636e36140', 'Kiểm tra', 40, '9.30', '3ee3f816-b30a-4cb1-81bf-d7d734bf3dd0'),
('603eda2f-1aa9-46ce-9923-decaf00dc78a', 'Điểm thi', 50, '8.40', 'b8780cbe-59f0-42d2-90fd-5c3f277bfbe0'),
('607754c8-c02b-4602-8c46-b3c9c52e034e', 'Điểm thi', 60, '7.70', '0c40ca28-7f18-4c1a-8f7d-9db990eba3b2'),
('607e3f25-47c5-45dc-a0f6-7b0eb8557450', 'Điểm thi', 60, '6.50', '2822916f-28b7-4d3a-819e-66c514e172b5'),
('607f94ea-9346-4e27-998c-a8c56487071b', 'Kiểm tra', 50, '8.00', '06825ee5-5068-4809-abaf-cb8b436c6111'),
('60d6f374-28b1-4d40-9b2e-9dd4ba8e57d2', 'Điểm thi', 60, '6.50', '5a1e1f63-668d-4f04-9d92-8059ffcc9df6'),
('6164fc93-9962-42df-b1d2-ccf0c4d3a0ff', 'Kiểm tra', 100, '8.60', '0871fae5-8225-4276-921a-0637feaddadf'),
('6209299b-8e9d-4627-8d6b-d686e70a482b', 'Kiểm tra', 40, '8.80', '2822916f-28b7-4d3a-819e-66c514e172b5'),
('621204c6-2bbe-406f-a828-00403619a051', 'Kiểm tra', 50, '9.90', 'be33d9d6-5d27-4aa5-8617-73814a04537e'),
('62131dc3-2d8c-4fcd-b890-0bd193baf788', 'Điểm thi', 60, '8.30', 'ed8f3b56-bea7-4479-aebd-ef565add83c2'),
('622dff93-a276-4fa9-8b6a-04d1107070aa', 'Điểm thi', 50, '5.00', '375d68e4-b407-45bc-80ab-76a20246ef24'),
('625f4463-1784-45d7-bf71-b5917b88130b', 'Kiểm tra', 40, '8.80', 'bce65322-16c7-4368-95b4-7f46777cab36'),
('6260c86d-caca-411a-91d6-f118491ad570', 'Điểm thi', 50, '7.50', '47db812e-a0ed-47d7-9ece-d5f9ec87cc14'),
('626db62d-b658-467e-840e-edf1bcd5842f', 'Kiểm tra', 50, '10.00', '0449f857-0337-4951-871d-1dab7d56966c'),
('62b878c9-5e5c-4734-a0e5-8a9b33951ff2', 'Kiểm tra', 50, '10.00', '49d2f644-1c9e-4a9d-aa00-733111283855'),
('62c456d0-efeb-4bb2-94c9-3b878eb2db88', 'Kiểm tra', 40, '8.80', '7737d591-3bcc-4b6d-845d-c67c5f3cb828'),
('6311d4b1-4f8e-4b75-917f-737ef5442537', 'Kiểm tra', 50, '9.10', '0e29a994-7a17-4da1-9a19-f4595cda4314'),
('631501d5-36f4-411a-bd5e-7f5729a56b69', 'Điểm thi', 50, '6.50', 'dd8d55b1-96dd-4d9a-a642-683781fef4de'),
('63179a29-0498-42da-a4a7-918367c226d4', 'Điểm thi', 50, '7.90', '0fc0b427-4035-4356-b629-98bdd6800727'),
('632f22f8-30ff-48da-9558-f513b99354e2', 'Kiểm tra', 50, '9.00', '0008c7dc-f3f6-41a1-b58b-239a2ed3de74'),
('63612cc1-93ac-4272-9c57-4b811eada9fe', 'Điểm thi', 60, '7.30', '0832fc2c-21be-4784-af1c-c343cf89a137'),
('63d04e01-bf79-4367-9b42-651e196f337c', 'Kiểm tra', 50, '8.40', '6925ad5b-be67-4a0b-bc2b-8ad48d80e1d4'),
('63d11385-46d3-4b2b-93c4-d14871b45c33', 'Kiểm tra', 50, '7.00', '03d2b77a-ec54-4aaa-b581-1555d364396c'),
('641145da-5e73-41c3-aa96-3423159c1e6c', 'Điểm thi', 60, '5.50', '738b4fc7-e26b-4fb6-8fe8-98adb56535aa'),
('646a73ec-17e2-4969-af53-54a7794e94fc', 'Kiểm tra', 40, '10.00', '0cea3ced-67e8-4ba6-9cc7-721b41fccc4b'),
('64a764ad-30ba-47f9-b080-730079ab5d96', 'Điểm thi', 60, '5.00', '19e06728-a47b-495e-ac3f-2f59cc6ad875'),
('64c95f77-29d4-47be-bd70-43d5c5ac0871', 'Kiểm tra', 50, '8.50', '8eaee082-5425-40eb-9c95-38d465372905'),
('64cfeefb-eb54-41e1-b2e3-971ff5f0bd8f', 'Kiểm tra', 40, '10.00', '880c597c-58d0-476e-85d0-f17f4bce0a48'),
('64ffdd57-dce4-466d-b862-2d1b58ddc1a6', 'Điểm thi', 60, '7.50', 'f5afa2e1-45d4-424a-8673-55842697a7b5'),
('65554785-3734-4a8e-942e-3f0a2bcbb805', 'Điểm thi', 50, '4.90', 'b6210a75-3223-43d5-9473-d40be3c2ce15'),
('655f4f03-980d-4794-88af-195dd6efbede', 'Kiểm tra', 50, '8.20', '59a94af0-97a7-4421-b987-cf4595d421c9'),
('6667c204-e547-445f-8824-4324179c0e54', 'Điểm thi', 50, '6.50', '84a9a79a-d5e2-463f-bd0f-7d7eb66dc51e'),
('667af9b6-3c42-4934-86db-e687fd0d6a41', 'Điểm thi', 50, '7.40', 'e034406f-9d54-4bc5-a676-a4f646f0800e'),
('667ed513-fcaf-4e41-b867-710046689760', 'Điểm thi', 60, '8.80', '0b8226f2-0634-4419-8236-e3f4b0bf5749'),
('66a80421-8063-4a7d-ac2b-53828bbc530d', 'Kiểm tra', 50, '7.20', '689314cc-308f-4662-9cbe-b770fa82be25'),
('66b00c8f-e034-4ab3-bf17-8271cef23a95', 'Điểm thi', 50, '7.80', '4fafc1a4-4e8d-47fa-8a11-31b7e1606c34'),
('671ea602-8a3d-4de4-a7c4-fac1f931c5fb', 'Điểm thi', 50, '4.50', '09657041-d362-4f9d-a916-4957b2f5b246'),
('67236c88-8929-4ee4-8037-4a85b90cf7e8', 'Kiểm tra', 100, '7.30', '12b614fe-b9c2-41ee-b1c1-5e92b7069ac3'),
('676439e3-71f6-480d-b5b1-ca6f2e0dc171', 'Điểm thi', 50, '7.70', '24b8248e-a08a-4412-8cfc-90cc7b0e330a'),
('67714179-afba-47a8-b11a-a16ec01e6472', 'Kiểm tra', 40, '7.50', 'fb512056-31b7-4dec-9a8b-6d62a12876dd'),
('67b6472d-2dc5-481f-b931-b172c133441c', 'Điểm thi', 60, '8.00', '46a0b038-8b57-4d84-a817-0bf1444b759a'),
('67bef61b-d074-4315-baa4-690fb8577ac7', 'Điểm thi', 50, '7.30', '333219ab-d760-4eb2-8b9b-6b63ab369628'),
('6812fdee-8d9f-4db0-8b43-25df3327c93d', 'Điểm thi', 60, '8.80', 'cf8255d5-9e9a-4595-a9c6-376b02dafca8'),
('683c50f9-c08d-43cb-b1cc-bf691e0f1e88', 'Kiểm tra', 40, '8.50', '49d9799e-cae6-4a9d-b898-878de9cfbc07'),
('686e2aa9-9515-4701-8d88-556f52dc16ed', 'Kiểm tra', 50, '6.60', '004d534a-dcf4-45b5-b983-3b8a3e4de77e'),
('689763f5-9608-4278-bf1c-fc93bcbe0606', 'Điểm thi', 50, '4.50', 'd33340d2-45ef-4b38-a208-925414d56613'),
('68a3d064-341e-485d-b84f-b1a827f47805', 'Điểm thi', 50, '6.50', '57e3796b-8fe7-4cfc-9799-1ec7fb0d5fa3'),
('68c0add4-dbfd-48e5-b359-b97fa8eff75d', 'Kiểm tra', 40, '9.10', '39e5b871-7d4c-444a-9cbc-f2fe6221f85f'),
('68c10fa3-4e4e-4f5d-aecd-df16d0cfb209', 'Kiểm tra', 50, '10.00', '05af6887-b007-49cd-a359-87ad08e1ae02'),
('68d37f57-7466-43ad-ba02-639429075c4b', 'Điểm thi', 50, '7.80', '06baca63-ec8c-4d50-b6b1-9713e130c445'),
('692f2ca3-708b-4a77-8d2f-88ebec6104ed', 'Kiểm tra', 100, '6.90', '70e19a0b-cbb9-4d18-b7eb-0beee155767e'),
('695f4e4b-7a31-459a-8a8b-5c4f0c7675d6', 'Kiểm tra', 40, '7.60', 'ce8ea7c6-6cbd-40c9-83f4-d9c224cd6fb5'),
('69a3fc44-ac71-4689-9ffe-f4bae4d5dd2b', 'Điểm thi', 50, '8.50', '80ec3702-a942-407f-b8b1-125ea554e361'),
('69a7dbc2-1e21-4621-a0da-e755ff05e737', 'Kiểm tra', 50, '8.50', '9c5e8ed8-1e9f-445a-9b5f-b07cf6c7ae9b'),
('69cb02d1-1f91-4273-93ce-6f28ad2e6e2b', 'Kiểm tra', 50, '6.50', '7efc428d-ce42-4bde-a21b-c9ee3d843f14'),
('69d2e62d-6e1e-418f-952f-49dae602f095', 'Điểm thi', 50, '8.50', '3c5a580a-3ce8-4698-a0d3-54d66c7735a3'),
('6a365465-fc49-434e-91b7-e8da2321576d', 'Kiểm tra', 50, '8.50', '4f08b7fd-3c09-48cb-afdc-327aa1a5d315'),
('6a3cdba2-e8ab-4c19-a54c-5202880a0725', 'Điểm thi', 60, '6.00', '12aa1cb0-28d0-454b-b15e-f6107ba84e13'),
('6a8c4cfa-e75e-4537-a2ce-f987426632b9', 'Kiểm tra', 40, '6.60', '0d250b4a-50f3-40f5-8944-55c6bb492a35'),
('6ac169d5-8671-4c61-a009-6da02ff68ff1', 'Kiểm tra', 40, '10.00', 'e3041fcd-8bdf-42a3-b6eb-db79a3bb2f66'),
('6b1af813-abaa-4a3f-90e2-3f309ccc05fa', 'Kiểm tra', 40, '8.10', 'f13176dc-bb97-468b-aff8-e933abd61825'),
('6b1d3c1b-0a9b-4e71-87c8-2e6fbbe8dae6', 'Điểm thi', 60, '7.50', '2008bbbe-458e-4aa0-8531-47f3a6db4962'),
('6b8a0c36-fe08-4817-906e-c4a3962ff6bd', 'Điểm thi', 50, '7.40', 'a78e6f47-f747-4cf6-8ef9-83f9b7c3b9b2'),
('6bc07e4e-8844-416f-90d4-3c20023594bb', 'Kiểm tra', 50, '10.00', '0f01208c-47db-4955-bce4-b897649b9cdd'),
('6c0c72d6-f742-49db-a2d1-5e6d592cbdf0', 'Điểm thi', 50, '6.60', '3c5c2fd8-301f-40c9-8fe6-3809483d73bd'),
('6c3e6e6c-7d72-4e90-ab3d-05a771d3ba84', 'Điểm thi', 50, '7.50', '1d0ae3b2-259b-4607-aa31-13e3dda89c44'),
('6c4ac68e-79e3-4975-a663-71b602f6e6fc', 'Điểm thi', 50, '8.50', '0fbe9978-a650-4217-aee8-586ab025faec'),
('6c904d3d-a208-47b4-a32f-6113d11f846a', 'Kiểm tra', 50, '9.20', '01764a86-f317-47f6-ab8c-acd6ca461485'),
('6cdcbf16-b13f-4969-a97a-297694ee035d', 'Điểm thi', 50, '4.50', 'e07ffb5a-5a61-46e1-acc8-6c4dc6fe5565'),
('6cfe3b3b-bb2d-4bd4-ba23-abdc2dd98730', 'Điểm thi', 50, '7.70', '03d2b77a-ec54-4aaa-b581-1555d364396c'),
('6d0acd5d-161f-4f8a-bd79-000fd51abaa5', 'Kiểm tra', 100, '7.20', 'c0c2df6d-ea95-471d-9a40-9a32e6153cb7'),
('6d73d80f-88f1-4e93-98f7-be8844b53571', 'Điểm thi', 60, '7.40', 'fbc48bb6-697a-43ca-9a7d-c9cda8bef47a'),
('6d829800-a501-4dca-9185-1a68f6b76e9c', 'Kiểm tra', 50, '10.00', 'b8780cbe-59f0-42d2-90fd-5c3f277bfbe0'),
('6dc8c63d-ecc3-4188-8c5b-1a0713d9652b', 'Kiểm tra', 50, '8.80', '1042d6e0-bb26-4dfe-af97-6142b6135a5e'),
('6e11ac92-50ae-41bd-99c6-1ca3d6a3814c', 'Điểm thi', 60, '8.00', '0a341bb0-36b9-41a2-878e-02e5af549740'),
('6e2c207d-ef5b-4595-88ce-d0760cd6c852', 'Điểm thi', 50, '7.70', '41e54107-0503-43e2-b7ad-7e0852f7a84d'),
('6ea13b73-3469-429d-bf24-e9b2d80f18e0', 'Kiểm tra', 40, '8.60', '58f6274c-69be-415c-8fa3-c5c765518041'),
('6ea4f940-4ecd-40d0-9cd9-00b12b489def', 'Kiểm tra', 50, '8.60', 'e2c6e142-c79f-44e8-9179-e81f63f72e3b'),
('6f39bcb3-40ae-44b7-839c-e24989d98a81', 'Điểm thi', 60, '6.20', 'af97bf7e-82fc-4001-b021-5c810ad5a444'),
('6f9a42f1-4589-4942-9641-d66a40fa0605', 'Kiểm tra', 40, '9.60', '47cb024a-90bd-4d25-bc38-ab34b371e63b'),
('6fa3fe49-887e-4d53-8241-4b37a67481bc', 'Điểm thi', 50, '8.00', '19df06c2-c201-40c5-b990-247a140a43c6'),
('6fd4fa83-38a3-4102-8834-fbc8739ad15d', 'Điểm thi', 60, '6.20', '5bc43567-dbfa-4c2e-ad7c-54d052c6003f'),
('6fdea6bd-a79a-4e6e-80f3-afdf3c5c3779', 'Điểm thi', 50, '6.00', '004d534a-dcf4-45b5-b983-3b8a3e4de77e'),
('6ffb220c-8263-46ae-a9c4-ecaff2863152', 'Kiểm tra', 50, '7.20', 'd62d47b3-be36-42cc-b31c-291f5bede9f0'),
('70614bbe-b8fe-4fe0-9fc3-0b7f8e75f553', 'Kiểm tra', 50, '8.30', 'ca0aef3b-5349-4999-8a2a-31f2bc97c785'),
('70b452d2-f00a-4796-888f-6679e83aad0e', 'Kiểm tra', 50, '9.20', '24ab0e23-b513-461a-86c3-793b8f8a319b'),
('70c62c38-0081-4eb3-ae42-d3c1a1744595', 'Kiểm tra', 50, '7.00', 'a0ae2af2-6a9f-4f88-b1aa-4536ea335bf1'),
('70e01e74-ecff-429c-9107-8abe178f43a8', 'Kiểm tra', 50, '9.20', 'b488af25-1995-4bb5-a435-b9343753c14b'),
('70eb17c1-ff16-4153-b277-22715753bc65', 'Kiểm tra', 40, '8.10', '0a341bb0-36b9-41a2-878e-02e5af549740'),
('70ff6be0-65e7-4032-88e6-106dc10a25d1', 'Kiểm tra', 50, '6.50', '62e76024-f29e-4e82-b395-1d35c4dd05e9'),
('7101f1d7-1edc-4ece-b23d-331afb9d58c2', 'Điểm thi', 50, '7.80', 'f46fc627-fbba-4a2a-b5d7-388a4d11dadc'),
('7103b135-b673-459f-86de-3ca11aa5036f', 'Kiểm tra', 50, '8.40', '689207ec-875b-4765-b700-fcc586961a8d'),
('71421b6d-268e-4c05-b6ea-0eef07363f73', 'Điểm thi', 50, '6.30', '8514df4d-f9c0-452d-876f-d5af571ee75b'),
('715eb5b3-177a-4cbd-870c-3c2dcb088eac', 'Kiểm tra', 40, '8.60', '1245f78f-d6d9-4485-ad37-185b24acdbdb'),
('716b29e4-3d8e-44cc-b4e3-e2ecb4022a32', 'Điểm thi', 50, '7.00', 'f674037d-5643-4ce5-affd-0835b8d683b2'),
('71d320ff-d6c1-484f-8786-d05caffb7cf5', 'Kiểm tra', 100, '8.60', 'ea00e1ce-1e70-4ac8-86fb-55ea4179e2b9'),
('71e69c96-8441-4f41-a774-b018b3cecccc', 'Điểm thi', 50, '7.00', '7094370b-4f5c-4e5a-a30e-8a98478292e2'),
('7274be27-eba9-41e5-9dec-f91b3ce96b86', 'Điểm thi', 50, '7.40', '4d2b31de-e81f-44cb-8b7a-1f346bc0c64c'),
('72935825-d02b-4074-9d8f-90ade65a540e', 'Kiểm tra', 50, '9.20', 'cd686d15-3601-42bd-beb0-f8dd7eab8511'),
('7296ff94-2a1f-4131-aa29-30e738f07000', 'Điểm thi', 60, '5.00', '07ad3b89-609a-41d4-ba3b-3ae83bb6a0f5'),
('729da87f-cde7-442d-8ee7-dff8a6142d9f', 'Kiểm tra', 40, '9.60', '2c6b06bb-c65d-4941-98df-48512464fdfb'),
('72fd721c-a72c-425e-8981-60d511c99619', 'Điểm thi', 60, '6.50', 'e895f48f-07ad-482d-8a41-2b5e793f5421'),
('732463bd-e5c9-466d-9268-59474dfa18e2', 'Kiểm tra', 50, '7.00', '41e54107-0503-43e2-b7ad-7e0852f7a84d'),
('73bae374-176e-4e46-a008-daa22b84f499', 'Kiểm tra', 50, '9.30', '5c4874ad-fa51-43e2-b043-3c011eb80e12'),
('73f8f913-4dfb-4f65-9211-0b21f4387655', 'Kiểm tra', 50, '7.60', '16ae2e35-75c3-4aef-93e5-543b0ca98e93'),
('740fd05f-93f9-4f27-9807-ec245dbc69b1', 'Kiểm tra', 50, '8.40', 'eae3d26e-dc2f-4d9f-a921-4506f1efb3fe'),
('74265c53-313f-47f1-a707-676b32466a14', 'Điểm thi', 50, '6.60', '44e3fb86-194a-41c2-85e0-146aa3cd38f4'),
('743073a1-a089-4ec8-be79-ec2856e23128', 'Kiểm tra', 40, '10.00', 'd3e44393-d09d-4088-9691-108926121ac3'),
('7435ca63-a641-4973-b565-2d4610ef3a0f', 'Kiểm tra', 100, '8.00', 'da23725c-f32c-411d-86f0-4623baa1bab4'),
('743b629e-14c7-46de-abb6-d2da3900412a', 'Kiểm tra', 40, '8.70', '8fb68031-f993-4bed-8165-d49f68ba3f12'),
('74404646-1658-41fd-b5c1-e4147711d379', 'Điểm thi', 60, '6.20', 'fb512056-31b7-4dec-9a8b-6d62a12876dd'),
('74772693-e17b-4923-9c1b-f2dfa0faa47d', 'Điểm thi', 60, '7.00', 'b0925145-0fc3-4603-9dab-2e48a73d7fac'),
('747cef5e-7b67-487c-b73b-4f9ff82a1aa4', 'Kiểm tra', 50, '7.20', 'c306f793-5b48-4b1f-ac10-fcbe3a5d3613'),
('74f0b8e7-592b-46e9-bbac-2e624ea5099c', 'Kiểm tra', 50, '7.60', '6611fd7f-828d-4b82-8caa-cc202608b866'),
('74faf462-49f7-4f45-bb36-814d18dd81a7', 'Điểm thi', 50, '6.60', 'e5fbbc28-7c7f-46a6-81e2-e2555e9f3834'),
('75073a4d-282b-41eb-8859-e0599cc40ab7', 'Điểm thi', 50, '8.30', '56b38ba6-90c8-47a8-9f4d-30e35b249434'),
('753fc566-f000-4f58-96df-a6f71e21df7f', 'Kiểm tra', 40, '7.90', '791817a9-474c-42e4-ba6d-c913d3d0c1cd'),
('754b02c0-1798-4dbd-b4bd-c8d6b508c444', 'Điểm thi', 50, '9.00', '1d697157-d392-41f9-86d0-d5cb0e2319b8'),
('754b6ecd-2c2e-41a4-a821-1a870aceafb5', 'Điểm thi', 50, '6.80', '1137bbf8-8c7d-4d37-afde-b9acee21b646'),
('754d4769-e29e-4225-832a-08790d0afda8', 'Kiểm tra', 40, '9.30', '9cbbcf5e-5de1-43f0-b002-fe1e1e10ebf7'),
('75b3745d-a55c-4e75-be86-0f1690417918', 'Điểm thi', 50, '6.50', '08bfe118-3004-4674-9e4d-806e661d17c3'),
('75d3f85d-d098-4c6a-ba5d-e03a6767c2da', 'Kiểm tra', 40, '6.90', 'b7d10be3-58b4-46b5-b281-b5a23fb6fd5b'),
('762b655c-859d-41d2-9b84-2ae43e92b965', 'Điểm thi', 50, '5.00', '9d0d5be4-86f6-4f41-be0c-13475a24602f'),
('76427f67-d8e2-4b54-8b5a-9fd68e54db07', 'Kiểm tra', 40, '7.90', 'af219815-fc4f-44be-bb62-16e2fcb7a2f3'),
('764f9460-be29-4dbe-bde0-0f25cfb40515', 'Kiểm tra', 50, '9.60', '9720ea3e-ef4f-4764-88a6-a1819aeb2821'),
('76d4c9a7-60aa-4ef9-8761-97d84236410b', 'Điểm thi', 50, '6.50', '01f8e571-674e-4c1d-8e20-de5722cb1b32'),
('76e0d4f8-e794-4b5e-9d2e-eab51b98d0ae', 'Kiểm tra', 100, '9.10', '7ed4b904-ad84-4c19-8ef5-827573110b7c'),
('77023d07-230e-42c5-9397-e62814768c54', 'Điểm thi', 50, '6.30', 'd0448585-7638-4237-b9c2-d16ffa0ec0de');
INSERT INTO `component_score` (`id`, `componentName`, `weight`, `weightScore`, `scoreId`) VALUES
('773ad600-e785-407e-9ac0-2f5c61196905', 'Điểm thi', 50, '6.50', 'cff4a992-6b28-4f64-8f18-3f0b03d00506');
INSERT INTO `component_score` (`id`, `componentName`, `weight`, `weightScore`, `scoreId`) VALUES
('7758d538-57f3-4c7a-8dbe-04cee4a1c20d', 'Kiểm tra', 100, '9.50', '4c502a03-7dc1-4fdb-bf53-489580bd7a9c');
INSERT INTO `component_score` (`id`, `componentName`, `weight`, `weightScore`, `scoreId`) VALUES
('776ffb87-d151-4906-9067-018a3a5fb26d', 'Điểm thi', 50, '9.00', 'f6be84ee-2ca1-49f1-b423-5ec694da50b5'),
('77730351-401d-4bfb-b98c-cdf1c04ebc70', 'Kiểm tra', 40, '9.10', '307a4e3d-3f4d-49cd-982c-46e5a020caf1'),
('77dd4c79-e058-4dde-a309-185f6938df13', 'Kiểm tra', 50, '8.10', '41e93c30-d100-4b9b-acd8-3d6c38df54cc'),
('7838265c-816d-4926-b727-8b0f772dc484', 'Điểm thi', 50, '7.50', '855d83dd-74a8-4c41-bddd-5fc174856cdf'),
('7890f1b4-8df7-4483-84e7-3d3f0511dadf', 'Kiểm tra', 40, '9.80', 'e72ca703-5fa2-470b-b018-fd2653869cf8'),
('78a9db8e-5e5c-49f5-b247-eae56638eb6e', 'Kiểm tra', 40, '9.30', 'ffc83716-708f-4bf5-bb18-8e08460ca32e'),
('78bed229-91ad-421e-a74e-1853376dd269', 'Điểm thi', 50, '4.00', '0284a543-28ff-4bc4-9a24-9dfaae5a76f5'),
('78c23b39-21d5-4f87-8ea8-354cfa9d9f27', 'Kiểm tra', 50, '8.30', 'bacf0963-d4b9-4cc7-af02-acf3f627e6c6'),
('78d0336c-e14e-4b9d-acbd-82f0d74e6953', 'Kiểm tra', 40, '9.30', '544c5324-8287-4897-8c51-beb3c2c1c1ca'),
('79099af5-a9f6-4e5e-b38c-9842dc2705c0', 'Kiểm tra', 50, '9.10', 'be37447f-233f-4824-a763-60ec7bb030c5'),
('7936ab24-18c8-4d1f-be32-fb48b6ed2bb7', 'Kiểm tra', 50, '6.60', '2813d13f-11ca-4866-ac95-2cb68a1e3769'),
('794482ad-bb4a-4e6c-8985-d37a9e3ed174', 'Kiểm tra', 50, '8.40', 'd50f407d-b5b9-4c2b-b9d6-08521ca6195c'),
('794f585a-55e1-4b6d-8893-249bb7117db1', 'Điểm thi', 50, '7.00', 'd1b28304-23ee-474a-8da8-de0e5ef34778'),
('795e4509-106f-46b6-b21a-a91cb3c32e9a', 'Điểm thi', 60, '5.00', 'b4fc85ad-1aec-4b34-8b32-63d9ee15cde2'),
('797df7e1-d364-4b51-b0f8-83d9c1f55910', 'Kiểm tra', 40, '6.90', '33a0fa5e-5742-43a7-8aac-caab460ec0e0'),
('79919463-e92e-4706-9b9d-21b41855c718', 'Điểm thi', 60, '8.50', '7ad4ca72-b34c-43ac-8901-694b667b64f6'),
('7995c375-6635-4084-8781-952873d8653f', 'Kiểm tra', 50, '9.10', '09657041-d362-4f9d-a916-4957b2f5b246'),
('79b1b761-4330-4925-bb57-613e71de4534', 'Kiểm tra', 100, '9.50', 'baa4165f-4d5e-4a0c-a504-b55b2bd23d1c'),
('79cf23b8-6a31-4b7d-bcbc-20e3fd80ebf9', 'Kiểm tra', 100, '8.30', 'f3b019d2-6739-4c31-abff-619153082cd8'),
('79e85486-ea8b-412b-bd8d-47a9d2c8b07b', 'Kiểm tra', 50, '9.60', 'a46324ae-d4a8-451d-aaf7-f24f4de847d7'),
('7a124f3f-2f07-4476-b987-cd581254d2d2', 'Điểm thi', 50, '5.00', 'f9c9905b-975b-4e15-a3f7-2b27f65fbb69'),
('7a3cfb08-505d-40da-8711-71f386b831f3', 'Kiểm tra', 40, '10.00', '807a9065-cd93-40e2-99e8-37d4782467b0'),
('7a4155b1-ebf3-4c48-b14c-597b2fc2e125', 'Điểm thi', 50, '6.00', 'f8cbf073-185a-4ff8-b3f9-231f348850ac'),
('7a614074-e9da-4c87-981c-77ceb9c259c7', 'Kiểm tra', 50, '9.20', '1ec14d23-1891-482e-93e9-d671a8562879'),
('7a6847bd-bc54-4543-98ac-bed6de75d656', 'Kiểm tra', 50, '9.20', '613578c6-06f0-41c6-9b35-deeb549c9b27'),
('7ad0991c-f0ec-425f-8a7d-e6ae3af27d0d', 'Kiểm tra', 50, '6.60', 'ba63616d-2ddf-4c4a-98fb-bc380ac367ad'),
('7ad25746-a9ee-44a1-ac1b-bde8ead06a50', 'Kiểm tra', 100, '9.50', '2148bbb0-d71c-4a09-9520-c2667ef8fccb'),
('7aed252d-3537-408d-96a1-791e6e8fa6e3', 'Kiểm tra', 50, '9.30', '64dd725d-c803-412d-900a-9a6b81fbd24e'),
('7b051a44-4d45-4dcb-9c36-0225fe505fcf', 'Kiểm tra', 50, '8.40', '25194616-8121-4f1b-9c93-8bb948f1bcca'),
('7b4fd6fe-c606-405f-80bc-23c1ce73c950', 'Kiểm tra', 100, '8.00', '71542744-d88d-4b0c-bb85-4485e8f11818'),
('7b9d213c-5786-487f-a881-4df6ab597732', 'Kiểm tra', 50, '9.40', '1d697157-d392-41f9-86d0-d5cb0e2319b8'),
('7bb00c45-fe57-41dc-b4b0-cd7493cfb7a6', 'Điểm thi', 50, '8.80', 'b8f1527e-d69f-43bc-bf60-4604f9a33626'),
('7bc19105-b431-40a4-b01a-1ac60d1e337d', 'Điểm thi', 60, '8.50', '814a321d-7109-47c1-b972-1c12c6e022eb'),
('7be5b9e3-7e2d-4dfd-b034-f1f26c707164', 'Điểm thi', 50, '8.50', 'b2ebbc9c-9529-47fb-b01c-a0c3a9e06d6e'),
('7bf5766d-9d69-4675-b995-c4da382597b8', 'Điểm thi', 50, '7.50', 'b48213e9-d787-4e68-939f-d97873cf5c7a'),
('7bfef884-6209-40dd-9e60-2764f410edd6', 'Kiểm tra', 50, '9.30', '300d1b26-4e03-43d6-b7f1-ea9b20b0f532'),
('7c03d378-0c9a-4b6c-8c2a-c3183764c524', 'Điểm thi', 50, '8.40', '0f01208c-47db-4955-bce4-b897649b9cdd'),
('7c53a361-e43a-4200-9ef6-7eb7129fd323', 'Kiểm tra', 50, '10.00', 'a22bab45-1e76-441a-a125-cdad7529e2ad'),
('7c54347c-0646-408c-90d9-6b39ca50c8d1', 'Kiểm tra', 40, '8.00', '7bb41dde-b94c-4323-816f-7bb9b8097075'),
('7c8269ec-939a-4cde-810d-26cf886dc1d7', 'Kiểm tra', 50, '7.20', 'b4c9321a-4b06-4b90-8a1c-12dbff8f0fd5'),
('7cadc991-c20b-442f-93f4-ea24c2f2bc6d', 'Điểm thi', 60, '7.30', '44c007dc-aedf-4271-8909-41ae85f68ed6'),
('7ccfef03-8869-41ec-b70e-b07fce16361f', 'Điểm thi', 60, '6.70', '195b298b-5747-410c-82ab-f6d336e03fba'),
('7d4c20a9-1bc9-4465-8e29-dbc3a84aed49', 'Kiểm tra', 50, '10.00', '05744891-2997-46b9-84f1-260764296aea'),
('7d6e2c83-ccde-4b90-afe5-a7fa3b0fda34', 'Điểm thi', 50, '6.40', '02792029-de2d-46c2-b88a-72dc862d1439'),
('7d70c8c4-6964-4d58-9174-6909545b512f', 'Điểm thi', 60, '7.00', '09ab7e8e-032e-4e0a-a690-d48c75ced8b7'),
('7da1b8fe-ba48-4267-9cf2-adbcc0fd52c2', 'Kiểm tra', 40, '8.40', 'aca96d07-a1e1-4f4a-a996-60f662eea974'),
('7e104f61-d99d-43b4-940b-16f923f52c7d', 'Kiểm tra', 50, '8.40', 'f53a73dc-ec1e-494a-9df8-18db4d0454cc'),
('7e787c76-4f7e-4808-912d-65a5ae0005d9', 'Kiểm tra', 50, '9.00', 'c6664982-4d7d-4856-9581-a396e5f8810e'),
('7e869011-7bf5-4b8b-9878-50c450e7e648', 'Kiểm tra', 40, '9.50', 'b373dbc9-c6be-4139-a2d5-cb770de11b82'),
('7e94d821-69ba-41d3-8b84-769ce762ca25', 'Kiểm tra', 40, '9.30', '07ad3b89-609a-41d4-ba3b-3ae83bb6a0f5'),
('7eb59944-b972-40aa-9099-1ffdbacc552b', 'Điểm thi', 60, '6.20', '31bf34b7-20b7-4059-ba29-83347199c052'),
('7ec2c91e-a677-4824-b918-b8d8fd57b0dc', 'Kiểm tra', 50, '4.90', 'b18ff26f-2484-4f05-8909-ba47255ee104'),
('7ee56ea3-55af-4d47-8a15-3665908c6034', 'Kiểm tra', 50, '8.20', '0def8937-afb4-4640-a418-98d0dc91a736'),
('7eee45c0-e86b-4cda-ab97-bda10f5e99a1', 'Kiểm tra', 40, '7.80', '039280b1-4b3b-48f9-8990-9c78115f7374'),
('7f05c3d3-5f9d-4d5c-ad2e-4b0e52deb6df', 'Kiểm tra', 50, '8.60', '81b9c289-b159-4d92-b52a-aad98304c02f'),
('7f09a8e6-9e4b-4684-be07-a46fe44dda21', 'Kiểm tra', 40, '9.30', '50083e50-af5a-4d64-9b6d-869664052370'),
('7f2c3803-1ce0-4e1b-86cc-184370e1322d', 'Điểm thi', 50, '1.00', '3f8086d4-9139-467f-a9f0-69daf0bdd5a0'),
('7f49cbda-cd06-44d1-b875-5e2e1c2349ea', 'Kiểm tra', 50, '9.20', '2d6146ad-02df-4cdb-8531-60b0d37c5e4e'),
('7f5b7a54-b8ea-4f6a-a0e9-addf42bfa5cf', 'Kiểm tra', 50, '9.30', 'a714f8b4-1aa5-4bab-879c-c6af6e896d13'),
('7fde55ac-b2a9-4034-9779-fa06a7184a71', 'Kiểm tra', 50, '6.50', '334710e6-8e3c-4c43-bf31-a68eaa7ca37f'),
('7ff58334-fc75-4535-999e-7e5687ba917d', 'Điểm thi', 60, '5.80', '0ca0e8f2-72eb-4b8b-83d0-0d77fdbc2b15'),
('801ce782-3b64-4946-baed-c1a67ba60c37', 'Điểm thi', 50, '7.80', '0fd5dcdc-d7c8-4b2c-aa8d-bc2b9b6a78d5'),
('807a7c36-acdf-49c4-9344-19bcb8429d50', 'Kiểm tra', 50, '8.30', '86f38bb4-b773-473b-8207-aff7eedca8ca'),
('809953e2-b90b-45ef-aacc-174239d39f0e', 'Kiểm tra', 100, '9.90', '0f3ea358-4e12-4dd3-885a-298fd730b156'),
('80ca2248-4903-4595-a343-b45e3706af69', 'Kiểm tra', 40, '8.40', '8e19412e-ec71-43df-b1cb-e4d855d8ef7e'),
('80cb829f-1efc-4847-a61c-39b556756598', 'Điểm thi', 50, '8.80', 'be2bf038-224c-4bd2-8920-7f8df6334659'),
('8108742a-0b9d-4be7-b933-d4e3e6c19102', 'Điểm thi', 60, '7.70', 'feed0896-b9f9-4c7c-82a5-ea23d01d05be'),
('81767fd7-98af-4ada-9895-de7e302a4ae6', 'Kiểm tra', 50, '8.70', '5d3ccd18-3e68-460d-b6fa-3979d376e2f0'),
('8195cef5-80d1-4143-a445-6c71169e9e1f', 'Kiểm tra', 100, '8.30', '5c70049f-1d2f-476f-9ee9-991a7cb5fb14'),
('81a49d0e-fc7a-4a07-8c4c-07b376b5684b', 'Kiểm tra', 50, '9.20', '4d2b31de-e81f-44cb-8b7a-1f346bc0c64c'),
('81a97b84-3635-4e6e-a44a-548f0fc460a5', 'Kiểm tra', 50, '9.00', 'f8cbf073-185a-4ff8-b3f9-231f348850ac'),
('81bde3d9-c418-4183-b0ed-972b120d8b31', 'Kiểm tra', 50, '5.00', '2b955f10-b9b9-4d79-99cd-983087770db7'),
('81d897f3-4e3f-401c-a4e5-9658a42997e2', 'Kiểm tra', 50, '9.60', 'f34a2541-0b47-445b-ba8d-dfd6afe7afea'),
('81d9c2ff-3804-419d-97ab-cbf11bf49c9d', 'Điểm thi', 60, '8.70', '901986e0-0891-495a-a343-06f38cf035ed'),
('826f2a24-ec7f-4742-97d9-5aebb49be1c0', 'Kiểm tra', 50, '9.10', 'f91612a7-4106-4b4e-bf2c-8cfb9f53f719'),
('82962cf7-31a6-4a5a-b293-da5dd29c6adc', 'Kiểm tra', 50, '9.10', '9d0d5be4-86f6-4f41-be0c-13475a24602f'),
('829d5c70-b44d-4262-bcea-eafd13b534a4', 'Điểm thi', 50, '7.30', '06825ee5-5068-4809-abaf-cb8b436c6111'),
('82b2d61c-490f-43a0-8926-334184a8f57b', 'Kiểm tra', 40, '6.30', 'ab69963f-3253-43ac-a7d2-bd5f8de15a3f'),
('82b33cee-deaf-4ddf-bf52-b64f23fe7361', 'Điểm thi', 50, '7.30', '68d7c1c6-1d8c-4ab0-85b0-156ba5b4de76'),
('82df61d1-b58a-4e3c-82c7-16e75a5a74a9', 'Điểm thi', 60, '7.40', '0f17004f-521e-4417-9354-5883c2308b04'),
('8306bf65-26c0-4268-81ab-9d0d0066db21', 'Kiểm tra', 50, '8.30', '0f794c95-ddbd-4e41-80ad-9cc3b6d49f2f'),
('8385eb58-57d0-4ac2-9841-3463175ba7d1', 'Kiểm tra', 50, '8.50', '1596d912-1916-4ce8-aaf5-6107d5900b8a'),
('8392e110-272f-40a7-9ac3-8ae353facd65', 'Kiểm tra', 40, '9.80', '48d64d89-268d-4a52-947a-972724c878ee'),
('83d2bde4-efa3-4b89-9972-ae65a5b31178', 'Kiểm tra', 50, '7.00', '0377bd71-4cf8-4a03-9a3b-af25aa868d40'),
('83ded02b-8982-4c1d-97a7-6adbe6fdc538', 'Kiểm tra', 50, '7.00', '56b60b0a-1430-458a-b00e-67725d0dcda9'),
('840e79f9-4a15-49c2-90ff-42ca79043017', 'Điểm thi', 50, '8.50', '24cda3ce-aa26-4432-870a-11cb55c393d9'),
('848827be-0fe8-4350-8da5-47b674c82739', 'Kiểm tra', 50, '7.40', '10aed6e5-c595-475c-ba76-ff7e40f53724'),
('84ecfcb4-ae70-484e-a050-0771fa192a1d', 'Kiểm tra', 50, '0.00', '1446813a-0712-4461-832b-2d95f5812d33'),
('84eeb744-e149-4bf4-a070-d3ee74474738', 'Điểm thi', 50, '5.50', '24ea929d-c823-4c3a-a492-440e93f6207e'),
('855673bb-eb53-4dbb-9d55-d698ef0dff40', 'Điểm thi', 60, '8.50', '63b3dd62-8207-40d1-92db-dc829483eadc'),
('85988684-e5e8-49c6-a5a7-4cf6cdc3a24e', 'Kiểm tra', 50, '10.00', '49993f29-a4cc-41f9-9a16-28a8b726848d'),
('864f38f5-0d99-466b-a3ba-b5ff4d2ba26c', 'Điểm thi', 50, '0.00', '15d8193d-aa90-4356-a80f-3dd46b275b34'),
('865b4d17-0030-4bec-8f9d-9f3c3b8735cf', 'Kiểm tra', 40, '9.50', 'da87a36f-a744-4c34-af73-4acc610d74d9'),
('865d0d6a-565d-4a49-8815-f70267e6da44', 'Điểm thi', 50, '0.00', '00b683f0-4109-4816-8d22-875b506dd1b8'),
('867a5f32-4df6-4937-a1f3-7261bc8c22b0', 'Điểm thi', 50, '7.40', '2feb355d-de0b-4150-a422-cecc322a0b9f'),
('8687178d-9ee5-402f-9741-9e9444e05a9d', 'Điểm thi', 50, '7.80', 'a0529cd8-8e6e-4bbb-9654-a520393da24f'),
('86901d4f-7f5f-402c-8caf-62886ede3f72', 'Kiểm tra', 50, '9.10', '3c8613e8-b905-4c42-bf17-be57dc42301d'),
('86c4c910-ef59-4c3e-9d1a-717dc8c4b2d0', 'Điểm thi', 50, '3.30', '1fdda6d5-dbee-481c-89da-3ebcd62959c8'),
('86c8cd4f-8e16-4f6a-b128-3e9469256132', 'Điểm thi', 50, '8.70', 'e7139cd2-c91a-4b31-98de-37cabe5e10ce'),
('86c921fe-3d72-473d-86af-0b94ce316cce', 'Kiểm tra', 50, '9.00', '438f3ecf-8f55-4b6a-a333-fcf239b2fa84'),
('86f612da-e233-4a55-b374-a70862e2e09d', 'Kiểm tra', 50, '8.00', '03a1f6b2-dd19-482f-9673-6967f5e5416d'),
('870a8041-413c-4b9a-accb-17fc783875b5', 'Kiểm tra', 50, '9.10', '0e91552c-37a6-4467-badb-519b0e3a27bf'),
('8714ff37-6189-46a0-a556-729c07f48011', 'Kiểm tra', 100, '7.30', '4a81d981-d40f-43ae-a8ee-589f67ab5b5e'),
('872a4cd3-8ebe-462e-838c-6a17f0f0a747', 'Điểm thi', 60, '8.00', '5f74e483-9b2b-4596-b1a6-7edfcb42f9a7'),
('87361a62-8d48-42b5-8682-2da9fcbbdaac', 'Điểm thi', 60, '7.30', '3aad91fb-4f99-47fd-9ba6-1be33998a003'),
('876029b4-9493-44b6-9ff4-00004c49702f', 'Điểm thi', 60, '8.70', 'd61f4759-a184-4a6d-905a-cb28dad140a7'),
('87712d48-66f8-4d13-9a9c-e1b86e8fafa4', 'Điểm thi', 60, '5.00', '8f7476a0-9e1e-456f-b430-90501a490d37'),
('87bcf95c-c83b-4bb2-b923-c3e947975010', 'Điểm thi', 50, '6.00', 'd783166d-838f-4360-9c5c-290a6ca677ce'),
('87c8f17d-d1d8-49be-be32-17e9be94bd56', 'Kiểm tra', 50, '9.40', '3c5c2fd8-301f-40c9-8fe6-3809483d73bd'),
('87f95f46-6be4-4750-925c-5c72fc338210', 'Kiểm tra', 50, '0.00', 'e3817565-7610-493d-91e4-b31a8fbb234e'),
('881e9062-e176-48f9-80b3-0ee5ffb915ae', 'Kiểm tra', 100, '10.00', 'e0ed886a-cfc6-469f-adff-6c37051feed6'),
('8821621b-f597-4bb2-8f2f-ed31d7c5309c', 'Điểm thi', 50, '9.10', 'f34a2541-0b47-445b-ba8d-dfd6afe7afea'),
('882e31fb-3dcd-4163-b7df-a3e990e50ee1', 'Điểm thi', 60, '9.30', '47cb024a-90bd-4d25-bc38-ab34b371e63b'),
('8849f951-ee98-4b14-9f29-7399bedcb708', 'Kiểm tra', 100, '6.90', '14ced08c-0d9e-45fb-b6eb-d863cebfd48e'),
('88684063-db8c-450e-afa1-f1a2d118ab13', 'Kiểm tra', 40, '0.00', 'd2d59cad-081c-4d8f-843b-40b53acc74f1'),
('887a62bc-f333-497f-b856-ad21cbb21952', 'Kiểm tra', 50, '8.30', '7d6b3fe6-2a5a-4645-9584-bbe2029fe679'),
('88dd0251-320e-4389-a10e-b7f370a75f85', 'Kiểm tra', 40, '9.50', '0832fc2c-21be-4784-af1c-c343cf89a137'),
('88e70c7b-7f6c-4d5d-bb96-5ccf76d5a32d', 'Kiểm tra', 50, '9.20', 'eec26da1-6a49-46c8-8032-b38ae36554e9'),
('88f2ea31-a7d5-442b-b2d7-047d0c1a9870', 'Kiểm tra', 40, '7.40', '5651f2a6-1277-4a4d-bb83-e09602029ac6'),
('88f625e3-4b14-4aef-85e5-b42ab318af1f', 'Kiểm tra', 40, '6.30', '028df814-21ba-4bd0-83c5-ed77a5a9deb1'),
('8911b699-c590-4071-a675-888e0e50ea08', 'Điểm thi', 50, '8.50', 'b4c9321a-4b06-4b90-8a1c-12dbff8f0fd5'),
('895236f5-72f4-436d-b368-77fb8dd564e9', 'Điểm thi', 50, '4.40', '1f7f0610-146a-44e8-8fb5-d7e94a36dba0'),
('895ad8e8-b9b2-4c41-adeb-a28295802b4b', 'Điểm thi', 50, '5.30', '8a6e75b5-78e4-46b4-8844-51938209d66f'),
('8974d055-cfa2-468e-ad23-cdda5bba6c59', 'Kiểm tra', 50, '9.20', 'b2998708-d6da-4007-8ab8-5cb1b70680c0'),
('8988e2f5-4f4d-4159-8eee-a143e19adb3c', 'Kiểm tra', 100, '8.30', '77b0c7eb-6c1a-4101-b721-ca679a24439c'),
('89e52411-7237-4c8f-b3e0-1249170c11c9', 'Điểm thi', 50, '9.00', 'fc7e8e57-acc5-4682-b5ed-e343f6ca8d53'),
('8a1039ef-23d9-4220-a2af-74567d58d2b1', 'Điểm thi', 50, '6.00', '12a86ed0-9530-488f-9230-74e4195f5df8'),
('8a7750af-5f04-4563-b5f3-a6c802cd7e5f', 'Kiểm tra', 50, '8.70', '24b8481d-a620-4538-91dd-62a587b2d51c'),
('8a945caa-a395-467a-8f17-b66542e8f1eb', 'Điểm thi', 60, '7.50', 'dda5d2d3-3849-4bbb-bfca-d148b6973cae'),
('8b5623dc-501f-415b-97a8-ce8e7f057252', 'Điểm thi', 50, '10.00', '11602c41-ed1a-4635-b0c1-c8b1a5c1740b'),
('8b8846f4-6584-4469-8f49-f6b7c1bd95d0', 'Kiểm tra', 40, '8.40', '5cb82bc1-970d-4b6f-8301-3c25ac1bb0df'),
('8bdd7238-0993-489f-848d-153800d8d360', 'Điểm thi', 60, '8.00', '911cc78b-f37d-417a-837f-301d9dc857c9'),
('8c319f5a-024d-4fc9-903c-772ecac77ed3', 'Điểm thi', 50, '4.00', '2ff26f56-cd25-47ce-87f9-d47c954c9585'),
('8c60fcc3-8647-4bdd-bc5c-ec7f7cb03689', 'Kiểm tra', 50, '8.00', 'afee4170-9908-4363-a833-03ca865e9844'),
('8c8ca69d-6e25-4e01-b6af-06d4b9757a25', 'Điểm thi', 50, '7.00', '154eb11b-3916-4e84-a2a1-fba40862db5c'),
('8c8d6f4e-84a5-442e-aa33-f0b1be7ab0ad', 'Điểm thi', 50, '4.50', '62879b76-1ce8-4b61-b8b0-ca9bbe3fe9f7'),
('8cacf4f7-f3b8-4416-936a-b9a3d86542a1', 'Điểm thi', 60, '8.80', '244f7b0b-c414-4237-a11c-48a31ed658d5'),
('8cc1d987-3f50-48d8-8381-2e7df33c6317', 'Điểm thi', 50, '4.50', '9edd67b3-3688-4ccc-b107-f90e6e1d18ac'),
('8cd1ad74-8041-4cb5-b5d7-a9a2599e889e', 'Điểm thi', 60, '5.00', '5651f2a6-1277-4a4d-bb83-e09602029ac6'),
('8ce30f03-5d49-499e-906a-2458ae14ef15', 'Điểm thi', 60, '8.70', '807a9065-cd93-40e2-99e8-37d4782467b0'),
('8d28c789-408c-4e33-aed9-95fcb8163831', 'Kiểm tra', 50, '7.90', 'd48aed35-b904-4249-ba6f-03e04954c88d'),
('8d3f38d1-5091-4a96-b937-2a3cc4d28376', 'Kiểm tra', 40, '8.10', '07fc6250-9090-4b31-90f4-77dfeee22f0c'),
('8dc45a12-7c5e-4614-9f8f-d4e618ff622a', 'Điểm thi', 50, '6.40', '842821db-d5fa-4146-8919-cba41aa0bbf6'),
('8de7db37-6fb5-4bc9-a056-f52613086590', 'Kiểm tra', 40, '8.00', 'df1257c5-3375-49b8-aa95-9da073c56e1f'),
('8df1991a-ea01-498f-bd48-6bb736049b92', 'Kiểm tra', 50, '7.20', '252dea1e-e675-4003-acbf-b4896622dcdd'),
('8df3df09-0051-46f1-a54a-efe39365aaad', 'Điểm thi', 50, '7.50', 'ee6ce4e0-7dde-46a3-94be-debaddfaefd7'),
('8df4d0b4-cf0e-4c44-91d8-a9c5624efe1f', 'Kiểm tra', 40, '9.30', '02d0dbd4-4977-4ba3-8c4f-1002d264aa50'),
('8e06de50-8ad7-4311-a3a0-d9f09b8ce3dd', 'Kiểm tra', 50, '9.00', '0f9ff989-cbec-4dfc-aa0d-75d8d761a4ef'),
('8e2a15be-b58b-4637-a54e-ce2c5c2253be', 'Kiểm tra', 50, '8.20', 'dd8d55b1-96dd-4d9a-a642-683781fef4de'),
('8e3ca7de-a9b7-42f4-a24e-5c81b8fb9d8f', 'Điểm thi', 60, '7.80', '357ed40a-b3a2-4b8a-ba96-69e46dc7c5c9'),
('8e5a2512-e4a1-493d-bd44-199bf3a5b180', 'Kiểm tra', 50, '4.00', '31dfb586-57cb-4502-86bf-27a13f318404'),
('8ea6f8b4-dd4f-4eed-8e85-5335cab92a5d', 'Điểm thi', 50, '7.80', 'fbbab3a2-4a50-486b-a2a0-bda13438574a'),
('8ec83a37-084d-4976-b579-2e6863116b44', 'Điểm thi', 50, '9.00', '72c80176-9835-4178-90f3-8a3f15886b9b'),
('8eca0055-2d28-4079-9679-2e930ef695bb', 'Kiểm tra', 40, '6.30', '0159681c-dc59-43c3-a684-665dbb132961'),
('8ef54b97-a235-41c8-b37e-0ba20b0b1789', 'Điểm thi', 50, '0.00', '1446813a-0712-4461-832b-2d95f5812d33'),
('8f0c7d56-2c82-42fd-a3ca-892789542ab1', 'Kiểm tra', 40, '9.80', 'cf8255d5-9e9a-4595-a9c6-376b02dafca8'),
('8f45e9ae-c5b8-425a-8cca-833241cf0a43', 'Điểm thi', 60, '3.30', 'a527dd56-8fb1-48d8-97f9-ac42efab69e3'),
('8f472ff4-5ab2-4557-9396-f31d254b73e0', 'Điểm thi', 50, '8.80', '1b151ce1-c06d-4961-904f-7de25624fa74'),
('8f6fe5fc-e8c3-4707-a5c6-d94b58d4dc93', 'Kiểm tra', 40, '8.10', '37ad7d24-e1de-4d6f-b254-2ce34cb13433'),
('8f7090b2-b318-4a75-8a7b-a92d17cd0324', 'Điểm thi', 50, '7.40', 'eae3d26e-dc2f-4d9f-a921-4506f1efb3fe'),
('90227154-5cef-4950-bdec-7a88d938b9ae', 'Kiểm tra', 50, '8.50', '880cee87-9753-4321-9d7d-c0ff456d9018'),
('90b1c4cf-7e14-4a29-b579-d5cd2c8d0be6', 'Điểm thi', 50, '8.50', '437c8260-1b0b-49f7-b6ab-d1f753cbcd2f'),
('90b4a6d1-fd9a-4683-8e4c-40d0689cb836', 'Kiểm tra', 50, '9.00', '16858822-4fde-427f-9e4f-160f5bf52855'),
('90b91b3b-a6c4-4d3f-ae30-977a961afef5', 'Điểm thi', 60, '8.00', '5c5909b7-9e27-48a3-83d1-b242cea09c21'),
('90d3b5e6-e970-4b06-bb87-eeac0f8d1b5c', 'Điểm thi', 60, '7.40', 'fc330f15-c2e8-4100-b30e-6014c552f502'),
('910247b2-94e6-465c-914a-c70b4fc5d5b8', 'Điểm thi', 50, '8.50', '05af6887-b007-49cd-a359-87ad08e1ae02'),
('9136a103-ffc6-4fb2-a2e6-6b4eb75cefe0', 'Điểm thi', 50, '8.30', '05f2ed69-353b-4d78-b6ef-67c5d2c57fd5'),
('9144f2a9-394f-4973-81de-e49a0ad34020', 'Điểm thi', 60, '7.70', '419de448-4cfe-4238-98c1-149805edb6dd'),
('91801e83-bae9-44ef-bfc3-a50c74ec88b9', 'Kiểm tra', 50, '7.60', 'c6d1566f-84cd-4b64-9fd8-f4137202cbe9'),
('91d5ba5f-5b59-438f-9483-31a758d62163', 'Kiểm tra', 100, '8.00', '29b19e65-60ee-4d97-99f5-37b6f3e6c941'),
('91d84559-13a3-4972-b0fa-4bb05080d88a', 'Điểm thi', 50, '6.00', 'b2bd3f89-ea88-4f44-b31d-b17f442c5022'),
('91e6cb23-b3a7-4dcb-8f64-1c6d23127e20', 'Kiểm tra', 40, '9.30', 'aab9f7ce-46d4-48a7-8eed-20222e42e717'),
('91fec26a-8695-4b77-848c-7822bacd05b1', 'Kiểm tra', 50, '9.20', '3dd69577-4dd4-4bdd-bb79-81f46101ff93'),
('9264e164-f98e-42c5-bb02-4e4a5bab4634', 'Điểm thi', 60, '8.00', 'e0214953-c96c-41a8-a2e6-ef25f04731f2'),
('92a98053-58ac-431f-9842-c2e306f75fa2', 'Điểm thi', 50, '7.00', 'a5920968-85f7-4934-a47a-bb865ca5897b'),
('934a1903-8293-4836-bae7-dea396d0b60b', 'Kiểm tra', 50, '8.20', 'f6be84ee-2ca1-49f1-b423-5ec694da50b5'),
('937f6c80-07d8-431f-a00d-9d4de1b6ae99', 'Kiểm tra', 100, '8.00', '7575d61d-9ebb-4659-b0bd-856ccefa4a74'),
('9385f32a-d975-4e44-96be-74668cb21230', 'Điểm thi', 60, '3.30', '699ce4d7-fb50-4e35-9d51-a8dbe7b8b1c3'),
('93995974-fd94-4a82-832a-12ff577e3147', 'Kiểm tra', 50, '8.20', '0afda70e-12f6-4d45-964c-218438b7e6df'),
('93aa3325-8848-48db-89e3-3901b39ca43e', 'Kiểm tra', 50, '5.80', 'd26dca5f-b20a-4386-a487-8180028726a4'),
('93ad7931-d454-4f42-8bfa-fee16434ee33', 'Kiểm tra', 40, '0.00', 'e1ca2d20-16ac-4499-8e47-fe47f41be198'),
('94008115-296f-4929-822b-253cb8e50047', 'Điểm thi', 50, '6.80', '0449f857-0337-4951-871d-1dab7d56966c'),
('940adcca-8066-45b9-91eb-7fdb4c0a7a4a', 'Kiểm tra', 50, '8.70', '029ae4b3-a12a-4fb3-9388-9db9c5c18ee9'),
('943d7920-c01f-44cf-aa7b-037c343b2780', 'Kiểm tra', 50, '9.80', '4fafc1a4-4e8d-47fa-8a11-31b7e1606c34'),
('94551c69-760e-4289-822f-8863eab02cf7', 'Kiểm tra', 50, '8.20', 'cff4a992-6b28-4f64-8f18-3f0b03d00506'),
('94565aeb-e41d-47c5-a564-05cd9042e688', 'Kiểm tra', 50, '9.10', '1d5d5b7c-e122-44cd-a8c9-7dfa549c4d3c'),
('94788204-44a1-43d0-9e75-271b33fdd90a', 'Điểm thi', 60, '8.80', '8b6af078-251c-490e-9ac9-b10aef0bf05d'),
('94dcae37-7e74-4607-9433-ed252dba9648', 'Kiểm tra', 40, '8.80', '188f2163-ff83-4d2d-a568-080e7bdb52f3'),
('950c9c86-7525-43d6-8ce2-1dc13f739a22', 'Điểm thi', 60, '0.00', '5ba91592-c0ca-4bfd-b2f1-1e5ea236ced8'),
('9546ffb0-ce75-4897-a9ae-c5608933c329', 'Điểm thi', 50, '5.50', 'efb81458-f508-4d79-a4b2-40ef1b100e19'),
('955a3f9b-e516-44f0-998c-31775d9f617f', 'Điểm thi', 50, '10.00', '53e58c95-e234-451b-86cf-3a89bbd3b123'),
('95656323-0a8a-42d2-bd54-2867203021c1', 'Kiểm tra', 50, '6.10', '06a1b0c3-be47-461a-a9a3-f3f4b96f8855'),
('95879436-4540-4b7b-be6d-d54b3dbb10df', 'Điểm thi', 50, '4.50', '579d229f-9cb8-4ed8-bb8c-4af41a369f21'),
('958f6dcd-5f04-47bf-8f3a-7db4ee9de683', 'Kiểm tra', 50, '9.00', 'e07ffb5a-5a61-46e1-acc8-6c4dc6fe5565'),
('9599df9d-08e8-4ead-a812-6f5073ff0382', 'Điểm thi', 50, '8.00', 'b142c0cb-0304-429e-b2dc-46eff6a1ce8b'),
('959b5bdb-13b7-401b-b789-67dfd6815bb1', 'Kiểm tra', 50, '8.00', '7045684b-f345-401d-893a-6f44572982d3'),
('9600d78b-bc8e-4bd1-9b07-184990b5e5e9', 'Kiểm tra', 40, '6.30', '09ab7e8e-032e-4e0a-a690-d48c75ced8b7'),
('964a4edb-a276-4b3f-9aa2-370148db1db1', 'Kiểm tra', 40, '10.00', '8c54e283-e925-4475-819f-164621a16287'),
('9664ed79-039d-471b-b108-1afb7ee7b184', 'Điểm thi', 50, '5.50', '7ebad5f5-b378-42d0-9104-8648eac6970f'),
('968503f5-6c3d-43f8-ba0e-d89f69daf181', 'Điểm thi', 50, '5.60', '252c9f9d-e3c6-44fb-af24-3748ab1830ba'),
('968b0bf1-1f2f-49cf-9fdd-8fa01b3c2042', 'Điểm thi', 50, '8.70', 'f91612a7-4106-4b4e-bf2c-8cfb9f53f719'),
('96afc9b3-ee43-4c9e-9804-280cbed31f83', 'Điểm thi', 50, '6.00', 'c751b720-9044-48c2-b0be-2e37df2442cd'),
('96dbdec4-7a5b-44f3-a3bb-4c747a783c5d', 'Kiểm tra', 40, '7.80', '3ab89cff-cfc6-41f6-94d0-1e569453d1a9'),
('97a40bf4-8fd8-4181-be65-fe52813c9d90', 'Kiểm tra', 40, '8.00', '047c5496-9543-4985-8408-95c5fba49296'),
('97c37f61-6ddc-4e42-9817-db2da752bf76', 'Điểm thi', 50, '7.00', 'c0baa88c-85ca-4282-86ec-9492845ac708'),
('97dbc2b4-5e7b-4e68-999f-636bc13a8c68', 'Điểm thi', 60, '4.10', '0be1aeda-401c-4e99-8ead-7d63d7dbee25'),
('98380cef-1fbf-4428-8a86-879647496342', 'Điểm thi', 50, '7.00', '10bfaf9c-3125-4840-b147-3f87306ee8e9'),
('984052f4-3ac5-402f-98e7-2d15e026a5d9', 'Kiểm tra', 40, '8.30', '06a1c6a9-6cfd-4699-a9bb-9962fa38f100'),
('9866fdf3-72a0-440b-9308-b7a0327ca25e', 'Điểm thi', 50, '6.30', 'fbef1bd2-5f70-468b-91ad-2b58641acd2c'),
('986f6753-9055-410b-9dcd-6df52f27ba0e', 'Điểm thi', 50, '8.50', '195a7f1b-b43d-4930-ac7e-4b6620764fcd'),
('987845e5-04ae-4fc4-8b3d-1549076e46f6', 'Kiểm tra', 50, '8.20', '01291a45-2356-4e85-8863-e77aed2168cc'),
('987a4cf9-e3e1-4c75-9fd2-c57b04539a3e', 'Kiểm tra', 40, '8.40', 'f40c0a8c-76ed-4dc1-a235-cf338f972fff'),
('989a3d01-264f-4f47-9cb0-97da762badf8', 'Kiểm tra', 100, '9.10', '24ca8440-6517-461d-9711-d5e756fbccb5'),
('9914633f-7fc1-43a4-bf72-71a4233523f3', 'Kiểm tra', 50, '8.40', '6f358135-c888-457c-b73d-9050d93d9b73'),
('99443dd3-0a8c-4f1f-944d-6de1684288b0', 'Kiểm tra', 50, '5.00', '7fb1ed03-5123-477e-b412-270d9513d8d3'),
('995b38ec-3c32-44d3-8d02-8ed19562029e', 'Kiểm tra', 50, '10.00', '0f5028d3-d590-4cd6-a241-ef817e4a4d01'),
('996f0758-b8bd-40ec-a2e9-ecb47f4f4088', 'Kiểm tra', 50, '8.70', '154eb11b-3916-4e84-a2a1-fba40862db5c'),
('9978fe04-ffa0-41b8-878c-6c6ee47b7630', 'Điểm thi', 50, '6.80', '890f4233-3b11-4a8b-bf47-ef3397251ae2'),
('9979cd79-13f9-41cc-8dcc-b8a3e9196577', 'Điểm thi', 60, '8.00', 'a9361616-14f1-41ab-9a56-580b56083d37'),
('99bd640e-46e4-49e2-9b4b-df0c5f085250', 'Kiểm tra', 40, '9.60', 'af97bf7e-82fc-4001-b021-5c810ad5a444'),
('9a04263b-f11e-4274-8e93-60033609111b', 'Kiểm tra', 40, '8.50', '92cf407c-cead-42f8-8361-41f0bb4ddb63'),
('9a2b03d7-f0ba-42f9-bcbe-5790655171f3', 'Kiểm tra', 50, '10.00', '2c87723d-c133-4852-8307-368ce0900208'),
('9a2d5f86-570c-45d9-8e2e-48086e59c406', 'Kiểm tra', 50, '7.20', '03d1207d-0527-4da2-abb7-077de3d0f790'),
('9a33973e-f586-4cd3-8cf9-0298cb81835a', 'Kiểm tra', 50, '7.20', '1029e740-5135-468e-b3f3-5f35f38494d4'),
('9a9ffd44-1065-4603-9aa1-0e57da3340b1', 'Điểm thi', 50, '8.50', 'b288976b-8ab7-47aa-bfe1-e107ffa1c40d'),
('9ac25caf-4697-4ab1-b1b7-441e027f0efa', 'Kiểm tra', 50, '9.60', '612d0067-d2e6-4a1e-8cff-61cda73a4e8f'),
('9ac7291d-a4be-4dd3-8671-9f4ceb10e504', 'Điểm thi', 60, '9.00', '50083e50-af5a-4d64-9b6d-869664052370'),
('9b4fa1c9-1863-4134-9f9d-bd9e7c1827ef', 'Kiểm tra', 50, '10.00', 'beb0fd91-4166-400f-9dd2-316bc8fe5a31'),
('9b5e8fbe-7cde-47c8-98b6-d129ca7af15e', 'Điểm thi', 60, '8.20', '037b44ef-0c93-4b36-9f9e-61ec1b4ff235'),
('9b6909fe-d526-4787-ae18-1fc61abaa9fc', 'Kiểm tra', 50, '8.10', 'd1b28304-23ee-474a-8da8-de0e5ef34778'),
('9b6cdf16-7691-4555-8ebf-f981019fefc8', 'Kiểm tra', 100, '8.80', 'ab7df9cd-f302-4612-bab9-0e67a62da0b0'),
('9b89627e-9461-412f-a75e-d09cb7fb29dc', 'Điểm thi', 50, '7.80', '25194616-8121-4f1b-9c93-8bb948f1bcca'),
('9b8fa3ac-0ac4-4153-ac94-016eec72f8b7', 'Điểm thi', 50, '5.00', 'ba28314d-c39d-4612-bf79-e78dcff216ef'),
('9b91f617-61ad-46ef-adc1-26d0780f9d66', 'Điểm thi', 50, '8.40', '2c87723d-c133-4852-8307-368ce0900208'),
('9bb4e45b-2124-4469-b1f2-8e99978c48f0', 'Điểm thi', 50, '5.00', '7010ffe6-3daf-4377-a805-4fca4c618971'),
('9bd39c8b-11ce-4359-ba05-30a8f1d7ee7c', 'Kiểm tra', 50, '7.20', 'de07a671-a114-43d4-8fe2-9df28303be85'),
('9bdcdf53-f988-4ccc-8343-1af4c3c113ba', 'Kiểm tra', 50, '8.00', '0c1d41a6-2afb-4924-a9b0-36b6bd8cf97b'),
('9bf2f361-7029-4028-8e91-d3a918c84cba', 'Điểm thi', 50, '6.30', '04e5edd1-6b9a-44d2-be17-01074e327614'),
('9c051485-3590-477d-9a75-9c77b62a69af', 'Kiểm tra', 40, '9.30', '045854ba-d8ce-4fbe-8409-746d57fbc985'),
('9c2e78b2-1dc0-43a1-8c22-c711734e84f9', 'Điểm thi', 50, '6.50', '16ae2e35-75c3-4aef-93e5-543b0ca98e93'),
('9c3bc61d-a108-4ff3-994d-a84533065d02', 'Điểm thi', 50, '7.40', '52932e67-80e3-45a0-bada-d5f61baff1a1'),
('9c4eb545-51c5-4247-85a3-f805bc9e7c66', 'Kiểm tra', 50, '8.30', 'b48213e9-d787-4e68-939f-d97873cf5c7a'),
('9c63c902-596a-4e2b-80a7-519763b2ca2b', 'Kiểm tra', 40, '10.00', '274450a6-495d-4f31-8c2b-84b7008c43eb'),
('9c726017-78a6-4c09-bb40-887b0e60123e', 'Điểm thi', 50, '9.00', 'c306f793-5b48-4b1f-ac10-fcbe3a5d3613'),
('9c8910db-6b82-4f1c-8ac3-3e21a2842885', 'Điểm thi', 60, '6.80', 'fd7938e0-e9e3-4245-a660-aa847d98b38c'),
('9cb3b248-d284-47ef-8361-b85609283a51', 'Điểm thi', 50, '7.00', '15b61b72-ccfc-40f2-bcdc-e76c6ee9cd8c'),
('9cbfdfa3-eb58-4a3e-93ca-5e3053f8e4f4', 'Kiểm tra', 50, '6.60', 'f7a3a743-c873-4090-8686-5b440bc8807d'),
('9d2352ed-cb00-4bc3-8637-03714879827d', 'Kiểm tra', 40, '7.40', '0394ab8c-725e-4b6e-8372-a22daee95672'),
('9d55cee3-e058-4648-98a3-4609aa67e29a', 'Điểm thi', 60, '9.00', '60c63a0e-2fe7-4f65-bc10-eb6bb51cde15'),
('9d8b6b78-4b2f-4d6a-af01-349c1ad4a4b1', 'Kiểm tra', 50, '9.20', '28e370b3-a1d3-401c-9637-b1fd92091705'),
('9de9e633-1429-4f8b-9931-c1a689c546fb', 'Điểm thi', 50, '6.00', '03a1f6b2-dd19-482f-9673-6967f5e5416d'),
('9e1cf58a-cd7d-4c18-8812-db564edc88d0', 'Điểm thi', 50, '4.00', '16c24587-024f-45db-9443-62e975addb37'),
('9e25b617-f644-43b6-86c0-25b2286275c4', 'Kiểm tra', 40, '7.80', '5f74e483-9b2b-4596-b1a6-7edfcb42f9a7'),
('9e40693b-2f12-44c0-8087-a32c99e866ce', 'Điểm thi', 50, '4.00', '587d7132-70a0-48b6-a445-2fa1aa8f2591'),
('9e86ac99-feb5-43a5-9856-cef1e4e6de65', 'Điểm thi', 50, '7.40', 'ffcd5f01-ba0e-49a4-891d-1f8402cbb0f7'),
('9e8ff04c-a6ae-44bf-ad37-a7395bde372a', 'Kiểm tra', 40, '9.50', '57f539f9-fb5c-4362-8a27-0a2a96104852'),
('9e93111f-322f-4060-bb6e-e4f7153d89db', 'Kiểm tra', 100, '9.90', '1e7f6edd-b481-49e9-ab95-68da1b88ec5b'),
('9e9a5de6-d735-492c-8987-9798fc80316d', 'Kiểm tra', 100, '8.50', '4992b632-5976-44bf-b5a0-213ac2d9dd82'),
('9e9eed54-5ae0-473f-a045-521a04ae7c31', 'Điểm thi', 50, '6.50', 'b18ff26f-2484-4f05-8909-ba47255ee104'),
('9ed058c3-d9c9-4423-924d-4205a76c156c', 'Kiểm tra', 50, '9.10', '3cf7d082-55fa-4e25-9d83-51ee00eec8f8'),
('9ef7057d-51a9-42ad-a783-1c426ff69c83', 'Kiểm tra', 50, '9.90', 'f5dbb76b-80d9-4912-ba0a-b517967b6fab'),
('9f4b40b0-299a-4bb4-9f71-d403adb1dbef', 'Điểm thi', 50, '7.70', '0377bd71-4cf8-4a03-9a3b-af25aa868d40'),
('9f705506-8f4d-4272-a076-4d035c42be6a', 'Kiểm tra', 50, '9.20', '0aa096d0-a8a4-4383-a21d-1cbefe0b3bb3'),
('9f7ffa74-1497-4e81-82a8-f7836a0ee67b', 'Kiểm tra', 40, '7.80', '769b52bc-b2a7-4ef9-be12-02bc418936a5'),
('9f89d6a8-dec2-48f5-bda7-128704a0706c', 'Điểm thi', 60, '9.00', '18ef859f-d38f-41b6-9c70-71e776224a55'),
('9ff04800-ea2e-4af6-a0b9-b3a8920dbf83', 'Điểm thi', 50, '7.60', '613578c6-06f0-41c6-9b35-deeb549c9b27'),
('a000e46b-c0bf-4a18-8caf-c60fab93d041', 'Kiểm tra', 50, '6.80', 'cbef0bdf-f19a-4d65-83b3-f7e4c9783613'),
('a02fa6c6-5a9e-4059-adee-7fdc57f6845c', 'Kiểm tra', 50, '8.00', '359128a1-3b26-4d76-8d31-007c3ec707ad'),
('a06b7c87-2801-435e-90e1-20e256fcd4ce', 'Kiểm tra', 40, '9.30', 'df3f03b5-c8a7-4853-848c-64108f11936c'),
('a06c6968-2a82-4c87-a3c0-a7d7c49dabb4', 'Kiểm tra', 100, '7.70', '216445c1-aea3-46da-a009-4e071e12777e'),
('a0988825-de32-4ca1-8ba3-06a0348e5bad', 'Kiểm tra', 40, '8.70', '3307f690-4f95-4f96-88ae-2e500ec5e54e'),
('a0d289f8-7420-4577-9965-724eb63b858e', 'Kiểm tra', 100, '8.30', '411aafd7-962c-4b6a-906f-65085742d2bf'),
('a13811b8-90fa-4694-9394-831eb4644e32', 'Kiểm tra', 50, '10.00', '00cdbf6e-f6b6-440c-b5cf-891951a1e1de'),
('a180f00d-a8b5-428b-92cf-5051f11f0c28', 'Kiểm tra', 50, '10.00', 'ca8bafab-5ea3-4659-8a1e-c3277ffc51f5'),
('a1837ef8-d4ce-45ae-87cd-bf60252e0f91', 'Điểm thi', 60, '5.80', 'f40c0a8c-76ed-4dc1-a235-cf338f972fff'),
('a184fe7d-d5aa-478d-acee-e505933b033a', 'Điểm thi', 50, '7.00', '26ce64d8-245e-4564-9a99-cb4d8e423625'),
('a1854b2b-7026-47af-b42d-cc3b102d4f1b', 'Kiểm tra', 50, '6.20', '15796c34-761a-495c-9b23-5f91a5e5464c'),
('a19e7b73-050b-470f-b352-4ad66b709b25', 'Kiểm tra', 50, '8.30', 'dd460bd1-e744-4a62-b78f-30266d4ed7c4'),
('a1d1a47d-7534-4a6b-8b1b-25e675c2afac', 'Kiểm tra', 40, '8.70', '7ad4ca72-b34c-43ac-8901-694b667b64f6'),
('a1d37d98-8de5-44de-98e1-384d67fdfc34', 'Điểm thi', 60, '8.20', 'f190f01c-7612-4768-aa56-2ed1e9c550dc'),
('a23d461e-d0b3-4754-8d28-cf3a815ad5f4', 'Điểm thi', 60, '9.30', '246ecb4d-2948-4f66-9e63-35e137239ae0'),
('a23ebc3d-88d5-44b3-afa2-e5bbfcad4f42', 'Điểm thi', 50, '8.00', 'd6c6db69-ba98-4ffa-a7e4-fb7c0c6ae153'),
('a251fa48-13c4-421c-a89a-b3d3305d8456', 'Kiểm tra', 100, '9.90', '9d5e3d6f-1bd9-4259-bdba-15692d74ff2d'),
('a298f47c-aafb-48a8-927f-bda8bb6d0f8d', 'Kiểm tra', 50, '7.80', 'a062b0fe-054d-4240-8639-c075723e1a69'),
('a2d5b956-950d-4a36-aa39-396f7f1d1d52', 'Kiểm tra', 40, '8.10', '2d5892e4-a8a0-4a41-b6b4-ae7d43b40c46'),
('a2dbd4d0-ce3f-4a1e-8baf-2b91333ceb56', 'Điểm thi', 50, '9.20', '6e3393a2-8eba-42db-b05d-b2ad37e74c3d'),
('a31496b9-e522-4515-911f-c6ef6fc383a5', 'Kiểm tra', 50, '9.50', '204e5973-8ffd-4c85-a55d-ed1198e0d0d4'),
('a384b1a4-5968-437f-9750-56e6b06c3a70', 'Điểm thi', 60, '9.00', '52396213-a8c0-437b-9ad8-4e813c0287f6'),
('a3994de4-8cfa-4997-8102-60c5ee7059e4', 'Điểm thi', 60, '5.00', '97d9e138-5b5f-44e4-bedf-b4481ba538b2'),
('a3e63ba8-9ed6-4ba8-b8c2-ee0d8a2d99c9', 'Kiểm tra', 50, '8.80', '2ff26f56-cd25-47ce-87f9-d47c954c9585'),
('a4497110-1859-4b48-ba0f-b2520004d540', 'Điểm thi', 50, '7.10', '62e76024-f29e-4e82-b395-1d35c4dd05e9'),
('a4db5097-16f2-4c5b-8fca-d4abe4c646ac', 'Điểm thi', 50, '8.70', '891bea05-3910-41ee-a3ab-d7e01c811a6f'),
('a4f77afb-28e8-4414-8fd9-fc9ac0b781fa', 'Điểm thi', 50, '7.80', '6925ad5b-be67-4a0b-bc2b-8ad48d80e1d4'),
('a54fccc3-f282-4c75-a031-fa0023e95b28', 'Kiểm tra', 50, '9.80', 'f46fc627-fbba-4a2a-b5d7-388a4d11dadc'),
('a55c6dc2-6c2e-4e0e-b1fc-0c7ee1185bc8', 'Kiểm tra', 50, '8.20', 'e4e5d1a1-6f19-4b95-bc35-c8d74d784d96'),
('a5e96dbc-5536-4565-9d43-162f07a8b115', 'Điểm thi', 60, '8.80', '48d64d89-268d-4a52-947a-972724c878ee'),
('a6051375-162e-481e-b76e-b81de351e550', 'Kiểm tra', 100, '7.30', '28331f61-db88-4347-8510-5ec1ede0f895'),
('a617f535-eca6-434c-9771-7ef4ea07a0cb', 'Điểm thi', 60, '6.00', '028df814-21ba-4bd0-83c5-ed77a5a9deb1'),
('a61af250-c3bb-483e-b83f-648a88e34975', 'Kiểm tra', 100, '9.90', '00101bce-4a58-47fc-9c69-16c876278e35'),
('a63bc7d8-6cf6-4a85-8bf5-fcfb6e3b4de5', 'Kiểm tra', 50, '9.80', 'a9ab403f-675f-4d8d-8ff6-79fdbbcf85b4'),
('a64b088d-68c7-4274-9a23-d80dbf8c41c6', 'Điểm thi', 60, '6.80', '01a8ccb9-8412-43ff-91f7-ba00b8059142'),
('a656f8c7-c489-4cf2-81b8-95326f8ae4d0', 'Điểm thi', 50, '8.50', '5bb4417f-2ee3-4f58-9e63-04162d3abf47'),
('a6ad5752-9ed2-4b53-8c0a-56213aae6798', 'Kiểm tra', 50, '9.60', 'da8edfde-3836-4f45-a297-fdd840bbdfaa'),
('a719a02e-fca2-488a-ac87-74cee464b5b2', 'Điểm thi', 50, '4.20', '1042d6e0-bb26-4dfe-af97-6142b6135a5e'),
('a755e0c6-5ad9-4fbd-9d47-6f69166288ae', 'Kiểm tra', 40, '7.60', '3790e0a4-e400-420d-bad2-e2087db00660'),
('a7ad267b-374c-438a-b204-cd1531743a9d', 'Điểm thi', 50, '7.70', '816500b5-d0a5-4881-9c9e-7370bd363103'),
('a819c7d6-e2ad-47e2-b87c-db464a86123a', 'Điểm thi', 50, '8.00', '72f7a2a4-1b95-4e4c-b26f-448a2d352b54'),
('a82cad3b-45d5-4c95-acc0-94ff74dabbcd', 'Điểm thi', 60, '8.70', '53e035b2-7157-432f-a2f4-e7fdc2f89e84'),
('a83895a7-8b24-496f-948d-b19f98608edb', 'Kiểm tra', 100, '8.30', '0d7679c3-a291-4b30-a10a-04802d8bbd19'),
('a83a6566-659d-4d82-ba5e-aae0f094c87c', 'Điểm thi', 50, '7.00', 'afa4aa85-78e1-4988-a7ba-6aaf2f950ac1'),
('a8597b62-33b6-4c14-ae64-16ca274f4805', 'Điểm thi', 50, '7.80', '1cf6a7ec-f3ae-4310-9b79-ee5c2ed9ea90'),
('a872b188-d317-40b5-969a-e278d3231d27', 'Điểm thi', 60, '5.00', '10095b85-c541-4c96-8342-1fa3bd42051b'),
('a89ba4b7-ac9e-4373-9e9e-a0883d5a262d', 'Điểm thi', 50, '6.40', '023d85cf-0f9a-4d5e-ad6f-c63c0adf07c4'),
('a8e30683-6720-4dce-b2d2-d5e52089c728', 'Điểm thi', 50, '7.80', '73f019fb-9f65-4855-89f0-f608eb74300b'),
('a9458119-6d3e-4aba-9e14-39de075b4e05', 'Điểm thi', 50, '9.10', '612d0067-d2e6-4a1e-8cff-61cda73a4e8f'),
('a96ec682-7769-4c7c-8cab-141b57c722d8', 'Kiểm tra', 50, '8.40', 'c1442f4f-e3d4-4d60-9ee0-756a78525554'),
('a9af8dfd-ab55-41ed-8efd-cf18cc7c1651', 'Kiểm tra', 100, '9.50', '2feb59a6-aad7-45d4-a0f9-1e8c3cac54f4'),
('a9b4cd25-bd98-4c78-8430-fc761f1bd379', 'Điểm thi', 60, '7.80', '2319337f-6c3b-4427-8473-1744c5b11d46'),
('a9c656a3-2c6d-4503-b525-0608a4f29ea7', 'Kiểm tra', 50, '9.60', '01b73edc-bd84-4a93-88e3-4c6ccc245650'),
('a9cc2e44-c566-4e1a-b5d2-5fee0eb423cb', 'Kiểm tra', 100, '9.10', '6e7a867a-4590-4284-ac94-6b4fa1ee0548'),
('aa158c36-0ed6-4232-81a0-17fb4f34464e', 'Kiểm tra', 40, '6.90', 'fb90e1da-d8e4-4f07-8872-d7cc10b230e5'),
('aa2b2b1f-dc47-4e9d-ba60-f0056c430064', 'Điểm thi', 50, '0.00', 'aba76687-8dfe-444f-bf3e-90a55b33515f'),
('aa37b660-8d07-464a-9b9f-67061fe2a180', 'Điểm thi', 50, '6.30', '213c9a31-9b89-437c-9f29-2d50652f8b72'),
('aa402c73-15e6-41b0-9e82-011c08c3a9c7', 'Điểm thi', 50, '6.50', '16858822-4fde-427f-9e4f-160f5bf52855'),
('aa544cea-ea75-4b16-86e3-1cafb9693925', 'Kiểm tra', 50, '7.60', '018a81da-082c-41a4-bcce-01b5a25ab852'),
('aad68af9-a21f-46b7-8bd4-6be380bd195d', 'Điểm thi', 50, '0.00', '05226cbe-afd1-4a21-adec-da74956132b1'),
('aaff9a0e-3b5c-4999-a0bb-f6eb1bc71491', 'Kiểm tra', 100, '7.60', '4deac401-c4ed-4fb4-8cb2-af3164733e1a'),
('ab00b047-b161-4afe-a026-1d12020eab68', 'Kiểm tra', 40, '7.30', 'a52512d4-07bd-4a45-9793-3590d1eff90e'),
('ab2f93cf-fcb3-445e-9a6d-5727b1a81af9', 'Kiểm tra', 50, '8.40', 'fbbab3a2-4a50-486b-a2a0-bda13438574a'),
('ab75193b-fa66-4ab6-b4df-a3922745283d', 'Kiểm tra', 50, '9.60', 'b142c0cb-0304-429e-b2dc-46eff6a1ce8b'),
('aba0c857-6d24-49b9-a14b-bfc3cc2fcc59', 'Kiểm tra', 50, '9.20', 'f9c9905b-975b-4e15-a3f7-2b27f65fbb69'),
('aba32693-af26-4a1e-b090-6de352bead69', 'Kiểm tra', 50, '8.00', '4f959f34-ec9c-42c8-a81d-dcf7e747d149'),
('aba9d6b6-074c-4a5f-a6c4-a144f6077b7d', 'Kiểm tra', 50, '7.20', '6b647853-1521-409d-94c3-a787e5221616'),
('abaa132f-84ab-4332-80e1-a576d29400d4', 'Điểm thi', 50, '5.00', '7e24a0f4-64be-4e0d-bf05-6650aacece7e'),
('abade4c8-e3e8-4be5-9e68-2f6228eeb920', 'Điểm thi', 60, '7.30', '153e63f9-354b-4151-afd9-a7e8ae7c8fd1'),
('abaef089-6c2d-423a-bcf4-225ed2eb9a8c', 'Điểm thi', 60, '7.30', '484b9111-1e5e-4bb8-869a-369fd391232d'),
('abb56522-89fc-4c54-a435-8b8e4dcfd059', 'Kiểm tra', 40, '9.30', '419de448-4cfe-4238-98c1-149805edb6dd'),
('ac202cf4-48f2-4c73-8c6a-a66767bc396d', 'Điểm thi', 60, '8.30', '014bc294-2711-4b75-bd98-3f206f56b995'),
('ac4857e1-6f16-471a-865a-b51b27b07445', 'Kiểm tra', 50, '6.20', '8602902b-3f1d-4efd-ae00-1087f2eae2b9'),
('ac7bc9cb-6567-4179-8b3e-d3d41005ad30', 'Kiểm tra', 50, '7.40', '842821db-d5fa-4146-8919-cba41aa0bbf6'),
('aca4ee6f-0d0c-4c14-94e6-6e0ab5828d8e', 'Kiểm tra', 40, '7.60', 'fbc48bb6-697a-43ca-9a7d-c9cda8bef47a'),
('ace164ce-4dfc-44ae-b75a-56340764080f', 'Kiểm tra', 50, '9.20', '3c85313f-4f86-4062-b891-4aeff84b72df'),
('ace6a4f8-b76f-434b-a017-85fd9d137ab3', 'Điểm thi', 50, '7.00', '01745189-0e23-4ba7-807a-516863e2d27a'),
('acf4c0ef-bf89-4edf-b5b3-8b8bd5f2587d', 'Kiểm tra', 40, '9.50', '0cd8f8ee-ab84-459d-b282-9cc476b8e7bb'),
('acfde65c-38f3-488c-a606-3efe441886c8', 'Điểm thi', 60, '7.70', '3debb40c-9a2b-4ef8-8cc6-7d5b7b1008c6'),
('ad1d1db9-6060-4098-84e5-fc356b35c68e', 'Kiểm tra', 40, '9.60', '5396085d-4323-484f-bdcc-a350307a9bfc'),
('ad359626-bedd-410d-88e0-77a3fbed114f', 'Kiểm tra', 40, '6.30', '45901a82-65ea-4a01-9edd-05b1590ab96f'),
('ad6efa93-bbca-4dbd-9cd9-b2752cb1975c', 'Kiểm tra', 50, '7.60', '09d2ff93-43bb-40b5-a0b7-715d1ad98ecd'),
('ad863b79-23c3-4b36-bafd-d36068334d9e', 'Điểm thi', 50, '6.00', 'c8f4ab42-c6ea-4b0d-b927-2e608eb57244'),
('ade134a4-8d73-4f21-aef8-09440b3a0759', 'Kiểm tra', 40, '6.90', 'ee3b747d-749e-4524-a271-89b96a5df16e'),
('ae00abf5-ad2c-448b-aa18-e0197df42cc9', 'Kiểm tra', 100, '8.00', '4f1c8c91-0715-42dd-a7a7-1695af930865'),
('ae01f098-2136-4f13-8eff-f34eb60270f2', 'Điểm thi', 50, '6.30', '8602902b-3f1d-4efd-ae00-1087f2eae2b9'),
('aee3a18c-8455-4e58-969d-602c1315d0cd', 'Điểm thi', 60, '7.40', '8fe91396-1b55-4d27-bc80-a4a10a1dabf3'),
('af181c4a-3ddb-4026-ad14-f766faaaf918', 'Điểm thi', 50, '0.50', '5b8917d9-b4a1-4d60-b9a8-7ca0499ca544'),
('af29439e-2dfd-42ce-a38a-147989606c44', 'Kiểm tra', 50, '8.20', '04686936-9b76-49e1-9220-2d24be95caea'),
('af66c021-c2cd-4b2a-9e37-314610a4f57a', 'Điểm thi', 50, '8.50', '22977151-a6c2-41d5-9183-f7c8055ddc5b'),
('af9442fd-fb4f-4b20-9a7a-dbcc49d58470', 'Điểm thi', 60, '7.50', '19c3f3cd-7727-4650-988d-207946565e19'),
('af95d763-9c8c-4eaf-82df-c1716617fbd4', 'Kiểm tra', 40, '8.10', '2c705c8b-f343-4225-a6d0-1d6bbc46e26a'),
('af9e50df-254b-4aec-bcdc-3f8ac1e464c6', 'Điểm thi', 50, '7.50', 'aaea25a3-4429-4ad3-a6a2-53d302990441'),
('afb5501d-6b2c-4782-9e68-b1dbd3b241dd', 'Điểm thi', 50, '6.00', '108c2211-f1aa-4c35-a6bc-1cdbef38d05f'),
('afc0f634-456f-4e4e-b5da-51c7cbd360d5', 'Kiểm tra', 50, '9.20', 'a78e6f47-f747-4cf6-8ef9-83f9b7c3b9b2'),
('b003a16c-72e5-428b-b24b-e2091bbf2fda', 'Kiểm tra', 50, '9.60', 'f5aa75ba-aa84-4d30-9725-7012b40a30f6'),
('b02aa633-3ba6-48d5-963f-6d340a31e63a', 'Kiểm tra', 50, '6.00', '68d7c1c6-1d8c-4ab0-85b0-156ba5b4de76'),
('b0527165-d94b-4c2c-8f0a-3521a09f5693', 'Điểm thi', 50, '9.10', '1ecc29bf-6360-49fe-91a8-9adcdb4f5b8b'),
('b0c69977-6c67-425c-93d0-3829b32aefdb', 'Kiểm tra', 40, '8.50', '39498088-c1e1-42d4-8dab-8e0d2b7b6387'),
('b0e1d883-7f7e-461f-be01-d3b203103b22', 'Điểm thi', 50, '9.50', '11c474ea-956f-4e87-b705-71d3bb9d1302'),
('b0e5b65f-cb3e-448b-9c09-b9df7a5cde6a', 'Kiểm tra', 40, '8.10', '5f985b1a-fc40-46fd-83e0-a51cb9f9dab8'),
('b0ec0fa0-da60-4b95-a4b9-e3bfbab05bd7', 'Kiểm tra', 50, '10.00', 'af0e5094-2262-44e0-8cb0-639aaed9b3b8'),
('b0f4e148-4cd6-4108-95d9-d022b4cabd8a', 'Kiểm tra', 40, '9.30', '0c40ca28-7f18-4c1a-8f7d-9db990eba3b2'),
('b138ec6a-1c25-4cc6-b557-a20d177fe406', 'Điểm thi', 50, '8.50', '9a8f3173-2571-4dfe-b842-1d7bacd35449'),
('b1699892-e0e8-4eea-b188-18dc592151d3', 'Điểm thi', 50, '7.80', '7956c3fe-d453-40e3-b8b9-f58c27c90869'),
('b177c872-4dd7-490f-a48f-70d32536bef4', 'Điểm thi', 50, '8.00', '1ab82d65-b2cd-4167-b997-6b73b32ad84a'),
('b1879e4d-9a11-41ba-b7d7-02f8705f93ea', 'Kiểm tra', 50, '0.00', 'aba76687-8dfe-444f-bf3e-90a55b33515f'),
('b1abd193-b673-462a-96ec-51bcc6f2effa', 'Kiểm tra', 40, '6.60', '0be1aeda-401c-4e99-8ead-7d63d7dbee25'),
('b1c09427-9a30-45ec-b0da-660854de9c5a', 'Kiểm tra', 50, '9.60', '0254fd9e-8705-4e53-9fe2-a4a2b6787905'),
('b1c74d36-673b-43eb-af1a-ab83c6b13f27', 'Kiểm tra', 50, '9.60', '05af3024-ccbd-4120-a3dc-513edb0686a4'),
('b1d25bc0-2e51-483e-834e-803eb7991d75', 'Điểm thi', 50, '6.80', '49d2f644-1c9e-4a9d-aa00-733111283855'),
('b1e4f739-e7b1-4e7a-a23f-ca44b5b0378f', 'Kiểm tra', 50, '7.30', 'af86e8a7-5ee2-4fbd-97a7-79a9e9a45dfe'),
('b1ec5ed6-1d5e-4a06-a7e5-6e476c67473e', 'Kiểm tra', 50, '9.20', 'eaf24497-4b4b-4e46-bbed-7856e2ef43b5'),
('b21637bc-090d-4e60-b730-b15b36bb64a7', 'Kiểm tra', 40, '9.30', '1113c5ed-d9e1-4f90-bfa4-1dd3a14132f0'),
('b24a0fc7-8617-4f22-bdfb-b624b96adcfe', 'Điểm thi', 50, '7.40', '00b5579b-ed6a-4b16-a738-c59a1470cf8b'),
('b27633a6-a134-4de8-9e52-c3642a9590c6', 'Điểm thi', 50, '7.40', 'cb52dff3-f500-4b9b-9cac-ca2173c0d376'),
('b29e5a94-e87e-421c-8cbd-b5f07cba64f3', 'Kiểm tra', 50, '10.00', '890f4233-3b11-4a8b-bf47-ef3397251ae2'),
('b2b8fcb8-793a-4163-a68b-d9a9c92371e3', 'Điểm thi', 60, '6.00', '45901a82-65ea-4a01-9edd-05b1590ab96f'),
('b2c4c5d0-a631-4a36-a5c0-9f9e9be239cf', 'Điểm thi', 60, '8.70', '274450a6-495d-4f31-8c2b-84b7008c43eb'),
('b2eab366-5aa2-454a-adff-5e3c66890693', 'Kiểm tra', 50, '9.10', 'd33340d2-45ef-4b38-a208-925414d56613'),
('b2f518ac-e6e6-4380-9219-8bb5dbd119ac', 'Điểm thi', 50, '9.00', 'addebe5d-8a89-4065-8a2b-9ecc1c4f9bbb'),
('b32dd8f5-a5f4-4343-88ba-6d6720d53a09', 'Điểm thi', 50, '6.00', 'a714f8b4-1aa5-4bab-879c-c6af6e896d13'),
('b33596e2-d064-464c-af31-d5a6b99212ee', 'Điểm thi', 50, '8.00', '0254fd9e-8705-4e53-9fe2-a4a2b6787905'),
('b3853f3b-4c3e-4056-b40c-685aa8b739f1', 'Kiểm tra', 50, '9.10', '2cbf6ab3-37d9-4106-8792-afc38a1102e6'),
('b3d553c3-0e99-4a67-ad9b-e69eadf441d5', 'Kiểm tra', 40, '7.50', '3bdc87da-be92-4e2d-9d85-8d261834f3c3'),
('b413be94-be7f-43e0-af00-6d9f9951e493', 'Kiểm tra', 100, '9.10', '8f1b713f-cb72-4bcb-bd60-d7deaa90eaea'),
('b4425c2d-f90d-4d8d-bfc6-ae917c467c53', 'Kiểm tra', 50, '7.90', '0284a543-28ff-4bc4-9a24-9dfaae5a76f5'),
('b46fae18-fc26-4b3a-aa19-9ac7e9f93e1e', 'Kiểm tra', 50, '9.30', '3e0f2c0a-77f4-419e-995f-8b70ac88f98a'),
('b4988723-ccfe-4b15-8562-7a7d7b892689', 'Điểm thi', 50, '5.00', '27fb663a-67f2-45e6-b6ad-bba1dfc47f43'),
('b4c89a63-d591-41a8-a959-67a27fd10dd4', 'Kiểm tra', 40, '9.50', '400e4b53-9886-4ae9-b32e-aa504a3cb285'),
('b4d2d834-dde6-40bb-96f3-0f3739926182', 'Kiểm tra', 50, '8.00', '44f6c0ee-72b4-4874-bd84-6142e6b1ccff'),
('b4ef925f-989e-4556-bc5d-c8f616352525', 'Điểm thi', 50, '7.10', '7efc428d-ce42-4bde-a21b-c9ee3d843f14'),
('b51da517-213e-4dca-b273-493d5353b204', 'Điểm thi', 60, '7.30', 'b373dbc9-c6be-4139-a2d5-cb770de11b82'),
('b5c7f9a7-461b-4582-85f8-eee2d23bd65c', 'Điểm thi', 50, '7.00', 'b2998708-d6da-4007-8ab8-5cb1b70680c0'),
('b5f6cccf-0170-433a-b157-1e065240c393', 'Điểm thi', 50, '8.80', 'f5affa8d-750f-4bb9-8a2b-b3d5a184e47d'),
('b5f715b6-c61f-4ddc-a0a0-624177feba27', 'Kiểm tra', 40, '8.50', '54ce2b08-7f67-49f8-874e-31b05c9cfc59'),
('b5f74b03-fe1c-4191-b7e6-20759adfb752', 'Điểm thi', 50, '6.60', '0da051c7-1c04-4c61-9464-f9f7cb89fb53'),
('b5f76f66-8e3c-4f62-8b43-d57435b48baa', 'Điểm thi', 50, '6.50', 'fda296aa-c2d6-4be4-accc-114267483941'),
('b6486e67-1313-4a8f-8e5d-03a09b5fa68e', 'Điểm thi', 60, '6.00', '66caf818-10ff-44f9-a6b6-11765a60eb30'),
('b67ac870-ee88-4d6f-be80-be00c21c47e1', 'Kiểm tra', 40, '9.80', '5f7769c5-43ac-42a6-a98d-c7b1cbdfbf18'),
('b67e972d-cc01-4563-94b3-6a740a656e99', 'Điểm thi', 50, '6.70', '31dfb586-57cb-4502-86bf-27a13f318404'),
('b6d4aadb-b251-40fe-b8b4-10eb7d50cbde', 'Kiểm tra', 40, '9.00', 'c9b491e1-5781-464b-a4f7-14bbfdea8ab8'),
('b7097ad9-4013-4303-901b-c81cbb97c680', 'Điểm thi', 60, '6.50', '05e91ebd-75d2-4e25-acd7-bf9a192aef89'),
('b716a46a-292e-4d8c-ad2a-883d378f2b22', 'Điểm thi', 50, '7.50', '0f794c95-ddbd-4e41-80ad-9cc3b6d49f2f'),
('b73473da-199c-4f6b-a7d2-d43203cd4fce', 'Điểm thi', 60, '4.50', '2a634bb9-a0d3-4ac3-ae08-8a5ca347afcc'),
('b7d8c782-95bd-44e6-9731-b3dd63567cc3', 'Kiểm tra', 40, '9.10', '281df404-32c5-4b63-bcee-1b8bd18165d1'),
('b88b18a0-576f-4fde-8080-76fae9c96eec', 'Điểm thi', 60, '7.50', '7b25c74d-2b6d-4029-aa79-f7a578591ad6'),
('b8b6042c-27ab-40b2-b892-c8a46ec895db', 'Kiểm tra', 50, '10.00', '16d4851f-6176-434d-9c3e-786e2415bcac'),
('b8ee15dc-5b79-4fbe-a614-57f9a7245fdd', 'Kiểm tra', 40, '7.40', '97d9e138-5b5f-44e4-bedf-b4481ba538b2'),
('b8efbcd0-3cea-459d-90c6-c6832d8d7cc9', 'Điểm thi', 50, '6.50', '0075b8fe-521b-4288-9b0a-ab883cf7c89c'),
('b97584fa-4c58-4117-be57-2dc86b3abf7d', 'Kiểm tra', 100, '9.90', 'bd238866-9cc0-49a8-a697-b1815bae203e'),
('b97b2d92-f668-403d-8ee2-4ded4d590ae5', 'Điểm thi', 50, '9.00', '8d591ca1-a805-40d5-a13f-3d931cc027b8'),
('b98e78f0-f8b6-406b-a6e0-16515c42ddb3', 'Điểm thi', 50, '7.00', '01e35594-f373-4309-b07e-73543157c388'),
('b9cbedf6-82fc-448b-9b63-565eaee41ffb', 'Kiểm tra', 50, '10.00', '5aeccfae-d9b1-402f-9315-ed66eefc237c'),
('b9f83424-fadd-40db-8354-b05be2237b8b', 'Điểm thi', 50, '7.50', '9396b17f-bcea-4f3c-8b47-e4de798dee76'),
('b9fe5b59-767e-4ea0-a4ba-128a81200a28', 'Điểm thi', 50, '8.00', '9720ea3e-ef4f-4764-88a6-a1819aeb2821'),
('ba3628bf-a71d-442c-a335-114458884019', 'Điểm thi', 50, '6.50', '10712e3a-538a-459e-a2ac-9657d68d0048'),
('bab7f2a2-2f9e-42da-a8ee-ebe19eec0cf7', 'Kiểm tra', 100, '9.50', '0d93983c-66ce-4e9f-b30a-876964fde4ed'),
('bb0c3a05-d6de-4138-8262-cd12f3ed7763', 'Kiểm tra', 100, '9.10', '7a0f2a6b-d07b-45ad-a9bb-cf40a2387c51'),
('bb7b381c-8f0e-4411-b18b-317aafb36f6f', 'Kiểm tra', 50, '8.40', '827f9933-0e04-411f-992a-a70198b6df45'),
('bc0821ec-d5cf-49c6-ada1-f61c463b7318', 'Kiểm tra', 50, '10.00', '38bbdf45-1ddd-4e03-95bd-2411a9327a86'),
('bc19584f-e996-469e-8f1c-334dba3e0964', 'Điểm thi', 50, '5.80', '16154efb-7459-4a82-bcee-23f398ff92ec'),
('bc395a90-82c5-4643-a08b-f3e9bcb8ad3a', 'Kiểm tra', 50, '8.00', 'be37f7a7-5841-46a0-a90f-f0e7f0f32808'),
('bc415c21-6e94-40ce-93fc-c26f44dd7709', 'Kiểm tra', 40, '9.30', '0b942f34-d879-40ca-bdd6-5b1ac2cffcea'),
('bc9cc3dd-bb5d-48ad-8b02-8e449a627a2e', 'Kiểm tra', 50, '9.30', '017fa1a2-bdc1-41a1-b425-285f922035d6'),
('bcc9988b-9c23-4db4-b1d4-33038d70d2b5', 'Kiểm tra', 50, '8.20', '8d591ca1-a805-40d5-a13f-3d931cc027b8'),
('bcfb2468-9d49-4c48-899f-c9d4e17966aa', 'Điểm thi', 50, '9.70', '86f38bb4-b773-473b-8207-aff7eedca8ca'),
('bcfc3781-da50-4b70-beb9-e878fbb099fb', 'Điểm thi', 50, '8.00', '880cee87-9753-4321-9d7d-c0ff456d9018'),
('bd0213e3-3a30-4ba9-8c8c-63bafe3d281c', 'Kiểm tra', 40, '9.60', 'e71f833e-4875-4268-943b-925c77868114'),
('bd18dce1-9f1e-4d8e-9e9c-cf626b7f7570', 'Điểm thi', 50, '7.40', '24ab0e23-b513-461a-86c3-793b8f8a319b'),
('bd38ad16-e66a-4c19-9b85-9ebe9fe7a7e9', 'Kiểm tra', 40, '9.00', '15c66f8c-f9e6-45ff-b57c-3983e98e9076'),
('bd4a4ab4-3f3e-4dc8-a9b5-372239e72708', 'Kiểm tra', 40, '7.80', '195b298b-5747-410c-82ab-f6d336e03fba'),
('bd9f4c1d-aad6-4cff-8aec-de8a0b4629f3', 'Kiểm tra', 50, '7.60', '56b38ba6-90c8-47a8-9f4d-30e35b249434'),
('bdd32328-5171-47ab-8a1d-ae98f98a737f', 'Kiểm tra', 50, '9.30', 'c0053e84-ce0e-4f42-acc3-05e78831498e'),
('bde3e0f5-ee46-4ece-86fe-7cab7940e4d1', 'Kiểm tra', 50, '8.00', '9c4d5a16-e03f-457e-b993-4f1c55778376'),
('be154919-5293-4bf8-a6a9-b4d385bac269', 'Kiểm tra', 50, '8.40', 'c0fb41ef-a2ee-4b54-8f8c-abd8acbe32e9'),
('be2a738e-6469-4ff7-bb6f-096550b90514', 'Điểm thi', 60, '5.80', 'aca96d07-a1e1-4f4a-a996-60f662eea974'),
('be72ec8e-9dc2-4856-9b64-0e3a41c1f9cd', 'Kiểm tra', 50, '7.20', '80ec3702-a942-407f-b8b1-125ea554e361'),
('be8f109a-1e80-49cd-92f4-b3d31a6c911e', 'Điểm thi', 50, '7.50', 'fc50abfb-1a62-4e05-80c5-e4c7b8e387ad'),
('be9ba649-d6cb-4154-939c-a2e7fc4d4f85', 'Điểm thi', 50, '6.50', 'd98779c2-cc07-411b-b950-1c23accccf9d'),
('bec99994-3d9e-4d06-b6e0-1a734e3ffaf4', 'Điểm thi', 50, '6.00', '2813d13f-11ca-4866-ac95-2cb68a1e3769'),
('becb743f-f0c6-4882-b669-07dca7dadc83', 'Kiểm tra', 50, '9.00', '12a86ed0-9530-488f-9230-74e4195f5df8'),
('bee34367-a41c-4037-bc87-dccafcf16426', 'Kiểm tra', 50, '8.10', '7094370b-4f5c-4e5a-a30e-8a98478292e2'),
('bf054b06-c01f-40c0-9b72-15109721aa3e', 'Điểm thi', 50, '7.50', '4a7653fc-6b60-41f7-b084-579b509eafff'),
('bf4537b5-f061-4cb5-8209-204102f572f1', 'Kiểm tra', 50, '8.40', '8bb15993-7b83-45cb-8f6e-f67fa60d6577'),
('bf7ff0d7-264b-4435-b994-b145017aaabe', 'Điểm thi', 60, '0.00', '2d92dad9-e3a0-4641-b89d-386d629df9d4'),
('bf81ba1d-5fc4-41f5-98b8-ae02e07a369d', 'Điểm thi', 50, '1.00', '204e5973-8ffd-4c85-a55d-ed1198e0d0d4'),
('bf86121e-5d14-4141-9503-fbeba0f7ca24', 'Điểm thi', 50, '4.80', '39de912c-72c2-47ba-aa9c-a19703a4bd6f'),
('bfa45f13-a801-4d30-8e7b-a05a45f88ff5', 'Điểm thi', 60, '7.80', 'aac53fa1-b715-42e5-8970-ae0d9637e072'),
('bfc378bf-3b2a-44c0-905c-5c7cfbbe7ffa', 'Kiểm tra', 50, '9.20', 'b288976b-8ab7-47aa-bfe1-e107ffa1c40d'),
('bfd24642-369e-4fbf-98f5-fc673a1795ef', 'Điểm thi', 50, '9.50', '49993f29-a4cc-41f9-9a16-28a8b726848d'),
('c005ac57-24c6-45b6-8531-f66bbe9c4fd7', 'Kiểm tra', 50, '7.40', '02792029-de2d-46c2-b88a-72dc862d1439'),
('c005ccb1-e356-4e0a-97e5-80cce052172e', 'Điểm thi', 50, '7.60', '159e33cb-de55-4af4-9350-f5fe5c8d030d'),
('c0179e9e-88bd-499b-bb27-e931d1c456cd', 'Điểm thi', 50, '7.90', 'c1442f4f-e3d4-4d60-9ee0-756a78525554'),
('c131640b-e648-4f83-9109-9e114a496a77', 'Điểm thi', 60, '6.80', '4edad114-1514-4550-a9ea-85a1f8c21ed9'),
('c165f07a-c4ea-433b-b370-743ba8b1f165', 'Điểm thi', 60, '5.00', '874d2dc9-08dd-41c3-8d58-197e57957bbe'),
('c1f49bd8-36e3-47c8-aad3-2b98757da2da', 'Điểm thi', 50, '4.00', '0c80df04-a859-400b-a4e9-1e2d3fe45f2a'),
('c1fd95d9-8a63-49ce-9461-c3e314f46978', 'Điểm thi', 50, '5.00', '182a56db-a526-4a90-bf0a-43df033b010f'),
('c2251551-617a-4843-8723-88209a7dfbae', 'Kiểm tra', 40, '8.80', '2d95b437-3cc5-4aaf-8bd9-7241ce8e561b'),
('c22836aa-3e37-4308-be27-fda7cd8be43a', 'Kiểm tra', 50, '9.40', 'e5fbbc28-7c7f-46a6-81e2-e2555e9f3834'),
('c23ce353-597c-4025-892a-333715fcdc8f', 'Điểm thi', 50, '4.50', '4f959f34-ec9c-42c8-a81d-dcf7e747d149'),
('c2669f1b-d023-494a-b4af-2a766ea9d2e5', 'Kiểm tra', 40, '0.00', '0729959d-16e1-45ea-b1c8-598f3d162e43'),
('c26e9f31-95d9-4892-b918-509122ea9eca', 'Kiểm tra', 50, '9.20', 'ffcd5f01-ba0e-49a4-891d-1f8402cbb0f7'),
('c283e21d-32ef-44c0-b3e4-81988eb95eb7', 'Điểm thi', 50, '9.10', 'dd065915-2508-4176-a1dd-39cbeb9afbad'),
('c28990fd-795b-400c-aa48-67e4772aa497', 'Kiểm tra', 40, '7.80', 'ca23ea23-7985-4516-b965-0dbfc00bcb8a'),
('c2959a9a-d7d0-4bb2-a984-dc5785ac9adf', 'Kiểm tra', 40, '9.30', '18ef859f-d38f-41b6-9c70-71e776224a55'),
('c2e6b43f-185c-4dc5-bfd2-607783bc7ad2', 'Kiểm tra', 50, '9.00', 'daa34816-d445-4c7e-b148-424b04026b3c'),
('c2f7f5f9-196b-42c6-9e5d-4cf2e341d432', 'Điểm thi', 60, '7.00', '045854ba-d8ce-4fbe-8409-746d57fbc985'),
('c34403c1-f11f-4c4d-90a8-b5933b0d55e6', 'Kiểm tra', 50, '9.20', '968510f5-ff1c-46ce-b6c0-792388accaa8'),
('c35be8bc-bf7c-4400-bb7d-6fed07edbdad', 'Điểm thi', 50, '8.40', '0f5028d3-d590-4cd6-a241-ef817e4a4d01'),
('c3ba3f7f-1840-430b-9818-52852128ab6c', 'Kiểm tra', 50, '9.10', '93be6878-87e4-407a-82f5-8142ea31f689'),
('c3cc1d53-672f-423d-a607-8a56a5345a12', 'Kiểm tra', 50, '9.00', '75ca30d7-3b77-4fde-a6fd-ec7b468fd94b'),
('c43e3b20-bc71-41b9-ae90-0a5722aeb93a', 'Điểm thi', 50, '4.50', '34976112-ef18-4ec3-bcfd-5872defc77d2'),
('c4456616-8ca5-4ff0-a2d4-cab9cc3c3fe2', 'Kiểm tra', 40, '8.50', 'da52bfc7-e885-4d46-b21d-39fb69bb3462'),
('c478d38e-376a-4dc6-89a7-d7ee4b24d6ad', 'Kiểm tra', 50, '7.20', '53a15358-1e66-4690-affb-26a3d2d05dc2'),
('c4a470c2-4e16-4018-b530-9f1fdcd9e2ff', 'Điểm thi', 60, '8.30', '74a7b788-1e19-4ac5-b21b-aa193e04c4fc'),
('c4c28809-67f2-4104-a8c1-2cd5e332a637', 'Điểm thi', 60, '7.40', '3790e0a4-e400-420d-bad2-e2087db00660'),
('c4f93f19-bb15-4b24-b796-68360c8f28b2', 'Điểm thi', 60, '3.30', '1e0bb6ca-6834-4ac9-8ea1-f3b0b11ad2df'),
('c519b2f2-7ffa-4066-8a76-ad1e501d8c6e', 'Điểm thi', 50, '4.50', 'c1bc201b-ec7a-4f9e-80ab-068a542fd282'),
('c5599cbd-6cc0-49cf-ae2a-bee44fd2a276', 'Điểm thi', 50, '4.50', '75ca30d7-3b77-4fde-a6fd-ec7b468fd94b'),
('c59ccf4b-3769-48e7-9c02-c45c40f075da', 'Kiểm tra', 100, '8.30', 'ac6a20bd-537a-4f88-97a7-cb9cce6434f4'),
('c5ec4a3c-c1c2-4861-83ec-d3ed92773c67', 'Kiểm tra', 50, '8.90', '855d83dd-74a8-4c41-bddd-5fc174856cdf'),
('c6febd6e-bda1-44da-9aca-a42430d01744', 'Điểm thi', 50, '5.00', 'd48aed35-b904-4249-ba6f-03e04954c88d'),
('c75a71a1-43dd-4953-aaee-6a9775246b0b', 'Điểm thi', 50, '7.40', '02e0aabb-4a68-46c7-a0ca-b4967459ebc5'),
('c75cfb22-fdde-4e9a-a3ec-f883afe08f1c', 'Điểm thi', 50, '6.40', '65b789cd-f9db-462f-824b-b6f4592b18dc'),
('c79c229a-3aa5-4842-9712-82012cb34bf8', 'Kiểm tra', 40, '8.60', '05e91ebd-75d2-4e25-acd7-bf9a192aef89'),
('c7d06a3f-3891-4740-b5c6-f40a6fe037ff', 'Kiểm tra', 50, '8.00', '82b19366-3aab-41a9-86c0-e51cf918d8e0'),
('c7d6f021-9936-424b-bd1e-92a60b95827f', 'Kiểm tra', 50, '6.20', '213c9a31-9b89-437c-9f29-2d50652f8b72'),
('c8335e55-fe56-4f41-9e42-12cd38cce565', 'Kiểm tra', 40, '9.50', '484b9111-1e5e-4bb8-869a-369fd391232d'),
('c840c861-3fb9-44f8-9f4a-d920f97dea12', 'Kiểm tra', 40, '9.80', '0b8226f2-0634-4419-8236-e3f4b0bf5749'),
('c8559b04-c628-4323-bd8d-883b7577fad0', 'Điểm thi', 60, '8.50', '3307f690-4f95-4f96-88ae-2e500ec5e54e'),
('c863abf1-0e8c-4e6a-a6ba-0e2e0ade3a24', 'Điểm thi', 50, '8.30', 'dcb57ad3-f716-4ccf-966e-f92825f660a6'),
('c8bfb0e4-a3d0-4584-a7bf-99b30fb65264', 'Kiểm tra', 50, '8.10', '28ceec19-4636-432a-b505-4b1636d5d4fa'),
('c8c1cef4-4a2d-4529-97b0-b6420392686a', 'Điểm thi', 60, '8.00', '6369edcb-24b8-46c9-bb58-f4831cc76da9'),
('c8ddbaf8-067c-4f06-ac4d-b54408573b82', 'Kiểm tra', 40, '8.60', 'c7a4ce3f-0afe-45af-a995-06650bf9d43e'),
('c8e4623d-520d-4306-a12d-1e2a14cedfcf', 'Điểm thi', 50, '9.10', 'f5aa75ba-aa84-4d30-9725-7012b40a30f6'),
('c8f082c4-8351-48fc-a9e5-9edf7d69b45f', 'Kiểm tra', 50, '0.00', '9425c09b-04e8-4162-a827-da481b57aed8'),
('c91271f5-6c7b-4d7e-8596-bc507043e60b', 'Điểm thi', 60, '6.00', 'ab69963f-3253-43ac-a7d2-bd5f8de15a3f'),
('c998fdfe-9928-44fe-a403-2dcabdd04fa1', 'Kiểm tra', 50, '9.20', '2feb355d-de0b-4150-a422-cecc322a0b9f'),
('c9bd3831-7386-418d-80d1-f0de6ee83bae', 'Điểm thi', 60, '5.50', '4ad0407e-ddf0-4e4f-b486-a196452422ca'),
('c9cdd27f-02ac-41df-975d-2bdbb9c0a888', 'Kiểm tra', 100, '8.60', '5693e1bb-10f6-4780-9dbf-c1904cb38ddb'),
('ca0fbfd4-6169-4958-87e4-741372bfcc02', 'Điểm thi', 50, '6.30', 'cabb2f62-d9af-4157-a727-b32497546fe7'),
('ca350eb3-4edb-46e6-8342-a5f08d7ada81', 'Điểm thi', 50, '5.00', '2cbf6ab3-37d9-4106-8792-afc38a1102e6'),
('ca39695a-dce4-4aca-8b87-c7bc7e72e966', 'Điểm thi', 50, '6.30', '359128a1-3b26-4d76-8d31-007c3ec707ad'),
('ca6081e0-ef70-42df-8e6c-197c7ae18b5e', 'Điểm thi', 50, '7.70', '24d061fa-1179-43d1-8019-a7da58626daf'),
('ca60bee8-3076-4153-b0f4-45f2a951f71c', 'Kiểm tra', 50, '7.60', 'e406baaa-d1b4-4796-93cf-8f893321f9fd'),
('ca84ceab-6ee4-45c9-9138-54fbbac9ad7d', 'Điểm thi', 60, '9.30', '2c6b06bb-c65d-4941-98df-48512464fdfb'),
('ca8d5787-edf6-4677-8e8f-fa893a96d0e9', 'Kiểm tra', 40, '9.60', 'f190f01c-7612-4768-aa56-2ed1e9c550dc'),
('ca942734-fa5a-4cd3-a046-f4d305d332eb', 'Điểm thi', 50, '6.50', '6611fd7f-828d-4b82-8caa-cc202608b866'),
('cabe47d3-6a0f-46ad-8bcc-617e084fdff2', 'Kiểm tra', 50, '8.00', '24ea929d-c823-4c3a-a492-440e93f6207e'),
('caca35d2-dace-4a4c-b978-a13f8ea58727', 'Kiểm tra', 50, '8.00', 'cdb329bf-78c6-4d69-8a6d-8d0a1b9b05fb'),
('cad46b98-abda-491e-9442-3fc33e8dacba', 'Kiểm tra', 50, '8.60', '5f35927a-2893-4a19-93e6-b3f2b040d3d9'),
('caeb0b6b-e706-4ff6-b1ef-c68d5b63eb8b', 'Điểm thi', 50, '7.00', '9e1591dd-08ef-4f8a-b742-f2f310fc212a'),
('cb0979a3-9e4c-493b-9949-15226db29fe2', 'Kiểm tra', 50, '8.70', '0410356b-a899-48d4-a7d8-525f13afb0c4'),
('cb27763e-184d-460f-ba46-c12113f34eaa', 'Kiểm tra', 50, '7.20', 'addebe5d-8a89-4065-8a2b-9ecc1c4f9bbb'),
('cb34ade7-c175-4ea9-b03b-1c2d4d288949', 'Điểm thi', 60, '5.00', '88dbae41-e447-4804-a42a-dfc63223da45'),
('cb3a8f92-2af3-4899-bf3c-81de5d347914', 'Điểm thi', 50, '8.00', 'aefdc28a-f834-494a-84a1-faa7b43f18c9'),
('cb69cda2-d440-4859-9f81-76811f05f8e5', 'Điểm thi', 60, '5.80', '8e19412e-ec71-43df-b1cb-e4d855d8ef7e'),
('cbeac961-74f9-4e9d-b8c8-a6eba426e0a4', 'Kiểm tra', 50, '9.00', '437c8260-1b0b-49f7-b6ab-d1f753cbcd2f'),
('cbef9ccc-3f98-40a1-b4cc-e65d1a8baa54', 'Kiểm tra', 40, '9.60', 'b6139277-4b4a-4473-a082-8d4bd979b18d'),
('cbf04102-55f9-4cd0-8e85-9f4cbddbbcca', 'Kiểm tra', 50, '9.20', '02f728c1-1307-4e62-a711-b7795bee4aca'),
('cc02c6dd-59c5-4e09-97f2-90522c81e6af', 'Điểm thi', 60, '9.30', 'cb92783b-3166-4a66-869d-3c58ef410e31'),
('cc149aa8-a376-4bec-ac57-8f72edfc3c85', 'Kiểm tra', 50, '6.20', 'ae692c25-7ed4-4508-a798-84b4e20430f6'),
('cc2481be-3604-43e9-b13f-ea943989173f', 'Điểm thi', 50, '7.50', '21f7454b-8355-486d-9267-afbf1b3167c3'),
('cc59b8c5-36a9-4c49-9183-c086d960f4fb', 'Điểm thi', 50, '3.80', '050b02c5-958d-4018-886e-3a7e23d836dc'),
('cc648123-dacb-4f7d-9918-dfebf08e5d23', 'Kiểm tra', 50, '9.20', '615d766c-c1c9-4814-b65d-230ac53a8bd1'),
('cc6990f0-8c14-4b1c-87ea-1b45e3b06a10', 'Kiểm tra', 50, '9.40', 'b9ab58fb-0c1c-4d0d-b3c2-c8dc83276698'),
('cc6b7631-1d2b-4c51-b245-f695879d4566', 'Kiểm tra', 100, '8.60', '5d5387b9-2c3f-4d33-8f99-ab4102b3565c'),
('ccc50866-9b48-4322-8907-28195ea5ed9f', 'Điểm thi', 50, '6.50', 'c6664982-4d7d-4856-9581-a396e5f8810e'),
('ccf2deda-1101-4119-9379-35943deff08b', 'Điểm thi', 60, '7.00', '43232ee4-ad35-46ca-afa7-80ea2ef748f6'),
('cd4c9671-db4a-4f0f-a61e-9a8b3fe6350f', 'Điểm thi', 50, '7.80', 'a062b0fe-054d-4240-8639-c075723e1a69'),
('cd582e41-cea6-41e7-a487-f10163cf5947', 'Kiểm tra', 50, '0.00', '76a6ed48-3955-4fcc-a0e0-49d9f6d39b52'),
('cd6ad256-b4d1-46a8-ac4d-59424284f286', 'Điểm thi', 50, '8.00', 'aa8215df-0e92-4671-808d-bad667f73dcb'),
('cda39127-d728-4672-86aa-f05059939407', 'Điểm thi', 50, '7.00', '14fc0a41-e468-4de9-af0d-4f0e4a2e39eb'),
('cdf7333e-6b50-4579-975e-330dc4e3e0a0', 'Điểm thi', 50, '7.40', 'd50f407d-b5b9-4c2b-b9d6-08521ca6195c'),
('cef71f88-400f-4d58-af3a-9e64671bea38', 'Điểm thi', 50, '0.00', 'dad4f7d5-2fea-4731-8de1-5aca15d5afd0'),
('cf09369e-911a-41ab-a1d1-269a3f8f644e', 'Kiểm tra', 50, '10.00', '523a67ea-e05a-410c-8c8a-0cc24669bdb6'),
('cf16a53e-1b8c-47c6-8ebe-eb4a6cd5c747', 'Kiểm tra', 50, '0.00', '15d8193d-aa90-4356-a80f-3dd46b275b34'),
('cf39741b-6682-4356-8e0d-5604a949f8e9', 'Điểm thi', 60, '9.70', '8b8a4c7a-2930-4352-9903-dc5d35d18eb9'),
('cf7ef5bd-05c2-43ac-a7a3-88f125f03004', 'Điểm thi', 60, '5.80', '5cb82bc1-970d-4b6f-8301-3c25ac1bb0df'),
('cf839c0f-348a-44dc-b6a1-fff249bc9d68', 'Điểm thi', 50, '0.00', 'e3817565-7610-493d-91e4-b31a8fbb234e'),
('cfa47788-063c-4f8e-8145-18da53c0e254', 'Điểm thi', 50, '4.30', 'cbef0bdf-f19a-4d65-83b3-f7e4c9783613'),
('cfd781d4-0bb7-4d72-9b8c-d7deebd44231', 'Kiểm tra', 50, '9.10', 'e7139cd2-c91a-4b31-98de-37cabe5e10ce'),
('cffc169a-8b7d-419e-bbaa-c3554ef85011', 'Điểm thi', 60, '7.50', 'f97779cf-912e-4e76-b46f-6cbdafa34328'),
('d009de9d-7f15-4c2d-bd54-8aa3e7c753cd', 'Điểm thi', 50, '6.00', 'be33d9d6-5d27-4aa5-8617-73814a04537e'),
('d0283095-9002-4108-9ddd-3a9d3f9a8350', 'Điểm thi', 50, '6.00', '5c4874ad-fa51-43e2-b043-3c011eb80e12'),
('d06dfbbd-2b33-4473-904a-64470589e58d', 'Điểm thi', 50, '4.90', '300d1b26-4e03-43d6-b7f1-ea9b20b0f532'),
('d0843a9a-7581-4351-8759-972f87d39e3a', 'Điểm thi', 60, '9.30', '72adb177-b1bc-45d0-8cef-559fe294fb77'),
('d0931ed4-3278-4d75-8d2a-ad2747c69442', 'Kiểm tra', 50, '9.80', '066d0051-2170-4e80-9b35-d5a018a0c2be'),
('d0c6dbfd-ed5b-4499-943e-a5bd03d8ad92', 'Điểm thi', 50, '6.00', 'fe4926fd-884b-468b-9c70-7cff26513d68'),
('d0c77a3f-9bee-44a5-b7aa-b73346adc51f', 'Kiểm tra', 40, '7.80', '609858ad-3b58-48de-a9a9-2654d079ec76'),
('d10fe73e-3c47-4538-b28c-73d950ddcb15', 'Điểm thi', 60, '7.40', 'ce8ea7c6-6cbd-40c9-83f4-d9c224cd6fb5'),
('d14ee3d6-0d30-4f6b-976c-60c207f6a7b7', 'Kiểm tra', 100, '9.10', 'e510c688-cbad-4e2f-808b-fb1ab98db0cf'),
('d1a030f4-6ebd-4d26-86f7-78951c60727e', 'Kiểm tra', 50, '9.90', 'd25b7a09-462b-436f-913e-5fd8d5fbca23'),
('d1a153e1-3ff0-4760-867c-c636a21a8148', 'Kiểm tra', 50, '9.40', '2f3096b0-c0fd-4d65-a9fe-ac51a7a5a136'),
('d1f428e1-0612-4e24-b4d4-945427d5e43d', 'Điểm thi', 50, '8.00', '9c5e8ed8-1e9f-445a-9b5f-b07cf6c7ae9b'),
('d1fa90fc-7f7b-4aa1-b1ba-3ccf56e10412', 'Kiểm tra', 40, '8.50', '3debb40c-9a2b-4ef8-8cc6-7d5b7b1008c6'),
('d20bb11e-4924-4798-a8d2-10c5c9816889', 'Điểm thi', 60, '6.20', '002e2de2-acae-49c6-98a0-e462541c9361'),
('d25a098f-aa5d-4c9d-84ae-4f054de10cee', 'Kiểm tra', 50, '9.20', '6e0b7448-7c03-47c5-b772-927958237ff0'),
('d288408e-14e1-464d-956d-9708622253e0', 'Kiểm tra', 50, '7.80', '5b8917d9-b4a1-4d60-b9a8-7ca0499ca544'),
('d2d54758-19dc-4055-9105-46240da6f1dc', 'Điểm thi', 60, '7.40', '316eedd3-e60a-45cc-9c6c-464a12cb0e81'),
('d2df53ae-cb6b-4147-b5e0-e09ea3584169', 'Kiểm tra', 50, '7.40', '023d85cf-0f9a-4d5e-ad6f-c63c0adf07c4'),
('d2ebb17d-5e70-4873-b680-69caa526b433', 'Điểm thi', 60, '6.80', 'fb90e1da-d8e4-4f07-8872-d7cc10b230e5'),
('d30087c5-4949-4a71-8902-7fc7a8757b5f', 'Kiểm tra', 40, '9.60', '037b44ef-0c93-4b36-9f9e-61ec1b4ff235'),
('d3580063-ddc1-4125-b5fc-08e7c8ef793e', 'Kiểm tra', 40, '8.10', '15e33490-8a48-4cee-a408-9cf70258987a'),
('d3854749-a2c6-409f-8512-38b9f8a92393', 'Kiểm tra', 50, '9.00', 'c7947bce-9fc8-4616-9264-a4daaf9af8d2'),
('d391e766-d432-4056-817b-8a7179b41c24', 'Kiểm tra', 50, '9.40', '0a64a04c-ef2a-4f2b-b758-f6eb59546b11'),
('d3c2119f-b8e3-404b-827b-250320fca771', 'Kiểm tra', 50, '8.00', '333219ab-d760-4eb2-8b9b-6b63ab369628'),
('d3cfe927-7dce-4057-a5b5-8097a66894e7', 'Kiểm tra', 50, '9.20', 'e1770131-a683-431b-ad53-199b5a9f0957'),
('d417425c-d17d-4f54-91bd-3dd8ca0bd95d', 'Điểm thi', 60, '8.30', '5136c5d4-b353-4722-93d2-80e848ab4c8a'),
('d4a5ab31-3a06-4c4f-97e9-4f324fd4bf5a', 'Kiểm tra', 50, '8.40', '670b224d-31bf-4ad7-ba98-2a3efe7ca854'),
('d4d90e28-f91f-41d4-885a-f7282f8eb6c1', 'Kiểm tra', 50, '9.20', '02e0aabb-4a68-46c7-a0ca-b4967459ebc5'),
('d4fd4d5c-1267-466f-8016-763fc428ee09', 'Điểm thi', 50, '10.00', 'a8eed790-4857-41a1-b76b-9a72756cd2ec'),
('d50b4361-edb4-4662-bf9b-5b53f789c8e6', 'Điểm thi', 60, '4.50', '7737d591-3bcc-4b6d-845d-c67c5f3cb828'),
('d511134a-f635-46f0-a3da-36a0dbfa8005', 'Điểm thi', 60, '7.70', '3ee3f816-b30a-4cb1-81bf-d7d734bf3dd0'),
('d57d8ec7-0948-481d-b09c-79849adb3a1c', 'Điểm thi', 60, '8.80', '77ba0adf-c075-4dba-b13e-bf5de5b26876'),
('d5826d35-775c-4f71-9210-659581b0b371', 'Điểm thi', 50, '7.50', 'ca0aef3b-5349-4999-8a2a-31f2bc97c785'),
('d5946ef9-fcbd-4482-8791-0bfdf740a391', 'Điểm thi', 50, '4.80', '61b7ef15-6940-4198-803e-53cdaa0c7aa8'),
('d594fa34-8102-4f83-8b73-5dad58e56db2', 'Kiểm tra', 50, '9.60', '23b15a62-e096-4b90-94f8-b9ccbb7f40e7'),
('d599835a-e329-4f57-9193-43f34d909c17', 'Điểm thi', 50, '4.50', '3e83e0b8-5b18-460d-b9f5-fe71028837f5'),
('d5a0eea2-8c1a-4520-85ee-66f2ad554fde', 'Kiểm tra', 40, '9.30', '60c63a0e-2fe7-4f65-bc10-eb6bb51cde15'),
('d5e3514e-5b0b-431e-99a8-6aa178443433', 'Kiểm tra', 50, '6.00', '375d68e4-b407-45bc-80ab-76a20246ef24'),
('d5fda3e8-7080-441d-a29f-3e503cf6e5e7', 'Điểm thi', 60, '6.50', 'e8d2e83b-74cf-4f76-84d7-ca6c44cf9eaf'),
('d62c5d07-05ff-435c-bdce-816bf3603ea6', 'Kiểm tra', 50, '8.00', '624763a3-d467-4384-8cc5-335b79bd98cc'),
('d63c47d4-0b9f-45d7-b9d7-16a5aca29298', 'Kiểm tra', 40, '7.40', 'b4fc85ad-1aec-4b34-8b32-63d9ee15cde2'),
('d678e81f-2497-4e2e-90d3-a6e2d3eca3db', 'Kiểm tra', 100, '9.10', '9ef214e5-959d-4c61-a429-78482b2638ed'),
('d693a9f3-e84b-42de-888d-d8634db1a7a5', 'Kiểm tra', 50, '9.90', '108c2211-f1aa-4c35-a6bc-1cdbef38d05f'),
('d6a29973-1dd6-460f-97e6-930c8d722718', 'Kiểm tra', 50, '8.80', '5cd0b588-df1f-4f15-85d9-9b18b2dca176'),
('d6b8fec5-121f-4984-9aa4-d5fa28145376', 'Kiểm tra', 50, '8.30', '22977151-a6c2-41d5-9183-f7c8055ddc5b'),
('d6f92ff1-e3a6-4a70-9dfd-afc3bd8fe75e', 'Điểm thi', 60, '6.20', '3bdc87da-be92-4e2d-9d85-8d261834f3c3'),
('d7026534-9114-41e1-a98e-2d79fe89a505', 'Kiểm tra', 40, '6.60', '3aad91fb-4f99-47fd-9ba6-1be33998a003'),
('d717cb31-6b58-4c3d-a623-07f6c156c8d4', 'Kiểm tra', 50, '6.60', 'b2bd3f89-ea88-4f44-b31d-b17f442c5022'),
('d75bfe0b-2c91-4af7-ba9e-a14a40af4475', 'Kiểm tra', 50, '8.00', 'd783166d-838f-4360-9c5c-290a6ca677ce'),
('d78d2ad1-c382-4117-b8fc-2efe159a8175', 'Kiểm tra', 50, '7.80', '816500b5-d0a5-4881-9c9e-7370bd363103'),
('d7a895e6-9d09-496e-9526-6e2644ceb802', 'Điểm thi', 50, '6.00', 'daa34816-d445-4c7e-b148-424b04026b3c'),
('d7aebde8-c64d-4bb8-bb60-607fbcd64f97', 'Kiểm tra', 100, '7.70', 'af71ea81-04ce-40c2-b2b1-efafe4441333'),
('d7fe8d59-090b-414e-bab1-e6cdf408d291', 'Điểm thi', 50, '8.00', '8eaee082-5425-40eb-9c95-38d465372905'),
('d84d9a79-5b93-4a8d-9332-e481e3d9725e', 'Kiểm tra', 50, '9.20', '5929acaa-5f13-485c-8d4c-aa44a4746c44'),
('d86be7eb-4236-431d-9a64-819b525aa929', 'Kiểm tra', 100, '7.70', '9a9ea726-f513-41d8-b2c7-cc5f6ef5d37c'),
('d8a03f07-6ea7-43e2-8d50-9508fda63d94', 'Điểm thi', 50, '0.00', '06a21caf-d506-41e9-8da3-be176479e89c'),
('d8b0065e-8bfc-4aa6-8f10-df74c22228c4', 'Điểm thi', 60, '5.00', '0cd8f8ee-ab84-459d-b282-9cc476b8e7bb'),
('d8bda578-bfdd-4997-b5b0-2287f2929151', 'Kiểm tra', 50, '8.10', 'd33bc61c-f20a-4677-ab9e-1f5916ce1594'),
('d933b6f2-fc4a-4319-a5da-79aa3e016ba4', 'Điểm thi', 50, '6.50', '651e495a-43fa-42da-93ad-1682b58d3009'),
('d95508b0-5d67-493d-ade4-8cc2a1f21688', 'Kiểm tra', 50, '8.60', '08bfe118-3004-4674-9e4d-806e661d17c3'),
('d9d35d78-2748-41b1-b619-a884133b011e', 'Kiểm tra', 40, '9.50', '874d2dc9-08dd-41c3-8d58-197e57957bbe'),
('da459e05-af8b-4285-8804-e65e8375c4aa', 'Kiểm tra', 100, '7.30', 'c843b0a3-2e7e-4d59-8372-b7749ced8038'),
('da58c312-4b72-42df-86c1-37dec81efd04', 'Kiểm tra', 50, '8.10', '9e1591dd-08ef-4f8a-b742-f2f310fc212a'),
('da7156f0-f179-41ac-afc7-b59675ab604b', 'Kiểm tra', 50, '9.30', '3ccddf78-34e9-4439-be86-3a897a3b35ec'),
('da7c7253-65d6-4cb4-806d-913c8f5ac182', 'Kiểm tra', 50, '8.80', '4d2efd62-70c7-4684-9929-fbeb4313c6e3'),
('da99e710-84b5-406f-b1bd-e7003a4b408b', 'Kiểm tra', 50, '6.60', '61b7ef15-6940-4198-803e-53cdaa0c7aa8'),
('da9a9644-7c4a-4eb6-85cd-81befa5f9d65', 'Kiểm tra', 50, '10.00', '26fb3250-ecdc-4673-9f99-99b6db62108d'),
('daaa7e27-efa1-4385-a717-f379f3e5eb1a', 'Kiểm tra', 100, '9.50', '1ed954f0-6278-47ef-ab05-9df7e38f28c2'),
('dad33161-f3b4-4597-b61d-c76e38638401', 'Kiểm tra', 40, '0.00', '2d92dad9-e3a0-4641-b89d-386d629df9d4'),
('dae49b97-2b1b-49f5-abae-5bb5e39683bd', 'Điểm thi', 50, '8.50', '01b73edc-bd84-4a93-88e3-4c6ccc245650'),
('dae8ce45-2f96-4b12-a6b4-0ed530495d63', 'Điểm thi', 60, '8.70', '880c597c-58d0-476e-85d0-f17f4bce0a48'),
('daf2d4af-d267-44eb-aadd-9c47bbfea1d3', 'Điểm thi', 60, '3.30', 'd3e44393-d09d-4088-9691-108926121ac3'),
('db11a220-1029-42b2-be9a-5a9f7d4b3f98', 'Kiểm tra', 50, '8.40', '73f019fb-9f65-4855-89f0-f608eb74300b'),
('db2c85ca-284e-4a1a-b240-40b8d0739739', 'Kiểm tra', 40, '7.90', 'ff185f31-0f8f-4709-a62a-f24f1fb5747e'),
('db471abf-5bd7-4dce-8973-02826cfcc91a', 'Điểm thi', 60, '7.50', '047c5496-9543-4985-8408-95c5fba49296'),
('db74698d-bf8d-4395-abc9-b4a003113891', 'Kiểm tra', 50, '6.80', 'd0448585-7638-4237-b9c2-d16ffa0ec0de'),
('db782c0f-07d5-4868-af61-b9f585fec91c', 'Kiểm tra', 100, '8.60', '58af6608-2d49-4bdd-86de-23b4a4b2dc98'),
('dbe6c3b9-cb39-44aa-b91d-b3c8f104860d', 'Điểm thi', 50, '6.50', '4cef573b-b31b-4e65-8c3f-e345e9275390'),
('dc1ad68e-a3ca-4779-8c1a-4f556d7d2b1a', 'Điểm thi', 50, '9.10', '05af3024-ccbd-4120-a3dc-513edb0686a4'),
('dc41543c-f4b1-4b5f-93e5-544d3a15c74f', 'Điểm thi', 50, '8.50', 'af0e5094-2262-44e0-8cb0-639aaed9b3b8'),
('dc9bf21c-201c-4dce-8b55-86f39a7f8ffa', 'Điểm thi', 50, '7.80', '5cd0b588-df1f-4f15-85d9-9b18b2dca176'),
('dcb93183-fdf1-49cb-9312-cfb9381bff18', 'Điểm thi', 50, '8.40', '0410356b-a899-48d4-a7d8-525f13afb0c4'),
('dccad2bb-aae1-4243-9015-73060e46b93f', 'Kiểm tra', 100, '9.90', 'b4da4916-aef2-4dda-9b25-4fcd80d583a8'),
('dcf714ba-5d07-4b31-b6d7-72f9b1cd1ff1', 'Điểm thi', 60, '7.30', 'b8877748-b9f2-42f7-a50b-5cb5da86c8f8'),
('dd1e3027-d641-4e39-aad7-a98be4bf3997', 'Điểm thi', 60, '3.30', 'f9ba6930-da54-4106-9502-ca104f41900f'),
('dd52a34e-cd28-4654-a24e-5e7e569c0bc8', 'Điểm thi', 60, '7.40', '55c89e23-3c92-459e-9d38-676322ca2a08'),
('dd8e69e8-3d11-475c-9852-3ba0740592a5', 'Kiểm tra', 50, '8.00', 'd1e1a9ce-b587-4e3f-bd12-800126869397'),
('dda9e985-8f67-46cc-bcd3-313d39afdaec', 'Điểm thi', 50, '5.00', '0e29a994-7a17-4da1-9a19-f4595cda4314'),
('ddbc7f76-826b-40b1-a782-c56c53ae83b3', 'Kiểm tra', 50, '8.20', 'becc5a29-b086-439e-9e15-c289515eb8ef'),
('ddd1d5ef-8110-406f-814e-d3e601407d2e', 'Điểm thi', 50, '7.40', '0aa8cd91-540d-4c7a-9289-6d6a62cd68e6'),
('ddeefc5a-1840-4031-b3c0-d633f73474a3', 'Kiểm tra', 50, '9.20', '01745189-0e23-4ba7-807a-516863e2d27a'),
('de290c84-eecb-4f3e-ba7a-e45cce354982', 'Kiểm tra', 50, '7.20', 'b8f1527e-d69f-43bc-bf60-4604f9a33626'),
('de3e6bb0-ff8a-4410-b13c-45f1835448ab', 'Kiểm tra', 50, '8.30', '1d0ae3b2-259b-4607-aa31-13e3dda89c44'),
('de45c631-9738-4943-b064-c5ee675866e3', 'Kiểm tra', 50, '8.50', '72f7a2a4-1b95-4e4c-b26f-448a2d352b54'),
('de86172e-bfff-42c9-b62d-499235ab6642', 'Kiểm tra', 100, '10.00', 'e0324cfb-9867-4434-ba94-e97d6070487f'),
('de882839-0d13-4cce-be5f-f5f0250d73fe', 'Điểm thi', 50, '7.10', '66c0eca0-adc4-4bd3-9928-ced1e8f891c2'),
('df2e297c-10c8-436a-b492-0365b89433b1', 'Kiểm tra', 40, '8.80', 'e8d2e83b-74cf-4f76-84d7-ca6c44cf9eaf'),
('df51326b-369a-411a-9e0f-f63982e88261', 'Điểm thi', 50, '4.90', 'c0053e84-ce0e-4f42-acc3-05e78831498e'),
('df9360c0-74bf-472a-8ad0-daed62ecbb40', 'Điểm thi', 50, '9.00', 'b9ab58fb-0c1c-4d0d-b3c2-c8dc83276698'),
('dfc3343d-2999-4968-a304-3007f7af0be2', 'Kiểm tra', 40, '8.10', '75be8dd0-6389-48f3-824e-dd63c81e3988'),
('dfc5e4dc-ee95-47f9-bc11-18cd215fd71d', 'Kiểm tra', 50, '8.40', 'a0529cd8-8e6e-4bbb-9654-a520393da24f'),
('e08d234f-8d9a-4fb8-9ad4-8ee83f7075b1', 'Điểm thi', 50, '1.00', 'af86e8a7-5ee2-4fbd-97a7-79a9e9a45dfe'),
('e0baf1ab-fbc6-4e1c-8b3b-ac1f06268f68', 'Điểm thi', 50, '6.60', '482ca47f-34c4-4a2f-bd25-564ae09cfe46'),
('e0dd1ab6-b73c-48dd-8a93-abb084009bf2', 'Kiểm tra', 40, '7.50', '8a7a9636-508f-4abf-81b4-c1917e306ee9'),
('e0efd878-671e-4695-b712-86238bdda1b9', 'Điểm thi', 50, '9.00', '53a15358-1e66-4690-affb-26a3d2d05dc2'),
('e11037b1-bfa0-4a23-a575-a4ebbeb6c498', 'Kiểm tra', 50, '6.60', '6aed29aa-77c4-42f4-a32d-9ad52ad8bfdc'),
('e1105dac-6eb5-46e3-b9bd-a133895147b8', 'Kiểm tra', 50, '8.10', 'e629bf6e-4241-43ae-874f-580f6cc655da'),
('e1111d81-db2d-442d-8b9c-29555e539783', 'Kiểm tra', 50, '9.20', '7e24a0f4-64be-4e0d-bf05-6650aacece7e'),
('e12132da-7304-481b-8700-b69601f05312', 'Kiểm tra', 50, '9.00', '34976112-ef18-4ec3-bcfd-5872defc77d2'),
('e1eeea1d-597e-4bcc-8d94-89836f13552c', 'Kiểm tra', 50, '7.40', '65b789cd-f9db-462f-824b-b6f4592b18dc'),
('e23c9ef9-9017-4488-a33a-a9aa4b5a92b1', 'Điểm thi', 50, '7.40', '670b224d-31bf-4ad7-ba98-2a3efe7ca854'),
('e27e3b19-d530-4c5d-b571-3760fd24565c', 'Kiểm tra', 50, '9.10', '891bea05-3910-41ee-a3ab-d7e01c811a6f'),
('e2be660e-6d9c-454c-806b-6c3fbcd98399', 'Điểm thi', 50, '6.00', '45c0d417-3fb7-46c3-94c5-db2476025547'),
('e2e71300-a2df-4d32-be68-880741e37dc6', 'Kiểm tra', 50, '8.50', 'd6c6db69-ba98-4ffa-a7e4-fb7c0c6ae153'),
('e333eda9-4faa-4b83-9949-68f9f89e4ae1', 'Kiểm tra', 50, '8.90', '9396b17f-bcea-4f3c-8b47-e4de798dee76'),
('e37cc4ae-4670-4430-b176-28185685c736', 'Kiểm tra', 50, '9.30', 'fe4926fd-884b-468b-9c70-7cff26513d68'),
('e3a1a020-1796-4930-99bf-f8fba93aeda6', 'Kiểm tra', 50, '9.60', '5bb4417f-2ee3-4f58-9e63-04162d3abf47'),
('e3b32461-2c29-4a84-a961-514ea53fa0b3', 'Điểm thi', 50, '4.50', '438f3ecf-8f55-4b6a-a333-fcf239b2fa84'),
('e42439ca-cb06-4f44-ab16-022fefc71ac5', 'Điểm thi', 60, '5.00', '009edcbb-834a-4c20-907e-bb23bec0a702'),
('e4919685-9fc8-40f0-af6c-bdef81dc27f4', 'Điểm thi', 50, '8.70', '1d5d5b7c-e122-44cd-a8c9-7dfa549c4d3c'),
('e49a6b79-20fd-41c2-b86a-61339df6b3c9', 'Điểm thi', 50, '6.00', '4b38a96c-c76c-4bc6-b7d6-2bc6f5c22e4b'),
('e4a0ac87-2a21-46a6-acad-b5ba3833664a', 'Kiểm tra', 40, '9.10', '316c2376-999d-4f60-a508-fd606fdc5151'),
('e4bef772-57e3-43eb-9621-1cabaa97189e', 'Điểm thi', 50, '7.00', '01dfa714-b227-446b-85ba-29566471fda3'),
('e4e76ff0-9e93-44af-b660-a2cf2b31bf4d', 'Kiểm tra', 40, '8.70', '738b4fc7-e26b-4fb6-8fe8-98adb56535aa'),
('e59a1b66-2d3b-4fa1-bef7-85ee3ebcd525', 'Kiểm tra', 40, '9.60', 'b171f93d-17ff-483b-93e8-547550f1f6e6'),
('e5e2dd42-a09c-41b3-97d9-ad67e7d7bc0b', 'Kiểm tra', 40, '6.30', '66caf818-10ff-44f9-a6b6-11765a60eb30'),
('e61b4e6b-5df8-429a-a777-fd65945c94ec', 'Kiểm tra', 40, '10.00', '53e035b2-7157-432f-a2f4-e7fdc2f89e84'),
('e626c946-336e-4eb9-b260-7877e92abc58', 'Kiểm tra', 50, '8.20', '252c9f9d-e3c6-44fb-af24-3748ab1830ba'),
('e66c3900-3a6c-4991-8df1-e17d776698b4', 'Kiểm tra', 50, '9.00', 'c86792ce-a1cf-4ff0-81b8-273621f932dc'),
('e68c780f-abd1-4174-b94e-8c17433e1cd0', 'Kiểm tra', 50, '7.00', 'ba28314d-c39d-4612-bf79-e78dcff216ef'),
('e6f7040b-3542-46b3-989c-c182a28e3bfa', 'Điểm thi', 50, '7.40', '2d6146ad-02df-4cdb-8531-60b0d37c5e4e'),
('e700fcc3-6367-4d3a-b200-004f904dd949', 'Điểm thi', 50, '8.70', '93be6878-87e4-407a-82f5-8142ea31f689'),
('e726de0d-e5d8-49c2-bdb6-6c5d209b60c2', 'Kiểm tra', 50, '9.00', '0075b8fe-521b-4288-9b0a-ab883cf7c89c'),
('e76836e0-03c8-445c-a168-74bd3616ca56', 'Kiểm tra', 50, '0.00', '06a21caf-d506-41e9-8da3-be176479e89c'),
('e7ac5aa2-997c-40d6-ae3c-a61bb6cde761', 'Điểm thi', 50, '7.70', '56b60b0a-1430-458a-b00e-67725d0dcda9'),
('e7c76865-0bb9-47ba-aee3-a2c04d2604c1', 'Kiểm tra', 40, '4.00', '10e3027f-7628-42c4-8347-ab1fa0e043d0'),
('e7d05ebd-9dc1-49d8-b6b9-4fd5f0e084dc', 'Điểm thi', 50, '7.50', '04bebeae-e156-46ba-9ba6-9ca534acdddf'),
('e7fa673e-efdf-41e3-b043-e4f9132aeaf4', 'Kiểm tra', 50, '9.10', 'c1bc201b-ec7a-4f9e-80ab-068a542fd282'),
('e814fea9-12f7-4a67-a6eb-8f04759aeb14', 'Kiểm tra', 50, '7.40', 'a30c6662-7f51-47fd-bdaf-97e62ed6fb1e'),
('e85dab84-aff2-4754-8878-5f32b725a619', 'Kiểm tra', 100, '8.00', 'cf95f2f7-94f0-47f4-bb90-68da8feaa0dd'),
('e882dd60-532e-40e7-af19-a6d1cb3dd444', 'Điểm thi', 50, '6.50', 'b847cc86-69a9-4169-8814-2e4b8c43600a'),
('e8a26525-7ff8-4e4a-b777-8afddfbdde54', 'Kiểm tra', 50, '9.00', 'e4eeddf7-d638-4119-970b-216b7d73ae93'),
('e8b5d14e-f188-4f53-8833-0c4db3de1b40', 'Kiểm tra', 100, '8.00', 'cc656064-1872-43dc-88a6-0defe871ecd7'),
('e8eb1c98-0f06-40fe-8a80-d9da775334a8', 'Kiểm tra', 50, '9.40', '48ad71dc-4c47-4246-b9b3-f806b6a5d830'),
('e91e05c7-9eb2-4caf-9c34-981a22efa654', 'Kiểm tra', 50, '8.90', 'ee6ce4e0-7dde-46a3-94be-debaddfaefd7'),
('e9cfa798-33b3-413a-bbda-c63c2b2eb60f', 'Điểm thi', 60, '8.00', '769b52bc-b2a7-4ef9-be12-02bc418936a5'),
('e9d2d045-9d69-4da7-9013-84d1b0c9408a', 'Điểm thi', 50, '6.50', '059c127c-56ff-44f1-8892-bdffa24b79ca'),
('ea0a5211-bb4a-47d5-bc18-c422b3ddff1a', 'Điểm thi', 50, '7.00', '3c85313f-4f86-4062-b891-4aeff84b72df'),
('ea385fed-fdd2-402f-96e8-9cd2d31fe6f9', 'Kiểm tra', 40, '9.80', '244f7b0b-c414-4237-a11c-48a31ed658d5'),
('ea977943-dabb-472c-96e2-d9ce63fb56a3', 'Kiểm tra', 40, '7.50', '5bc43567-dbfa-4c2e-ad7c-54d052c6003f'),
('eb780522-e519-4568-9ca2-cab2b8f18c3b', 'Kiểm tra', 50, '10.00', '9a8f3173-2571-4dfe-b842-1d7bacd35449'),
('eb82d9b3-a830-41da-8a82-8d9562fe8918', 'Điểm thi', 50, '3.00', '2b955f10-b9b9-4d79-99cd-983087770db7'),
('eb98cfaa-72bd-4f43-a2f0-262875148f17', 'Điểm thi', 60, '0.00', 'e1ca2d20-16ac-4499-8e47-fe47f41be198'),
('ebb76eec-9824-4bc0-925f-1733c227c0f3', 'Điểm thi', 60, '8.30', '39e5b871-7d4c-444a-9cbc-f2fe6221f85f'),
('ec129368-2f0f-4c89-911d-550d6c12a6b4', 'Điểm thi', 50, '6.50', '12658067-a31b-4951-9c47-5b71cd58773f'),
('ec28a041-1691-4fb1-9986-6d10f91d1a56', 'Điểm thi', 50, '8.50', 'ea3d2fd8-7389-497d-8d98-c64657194d1f'),
('ec417492-6299-4734-895b-9e11daa85649', 'Kiểm tra', 50, '9.20', '1b91d124-d0c9-4501-866c-98b9b62d3062'),
('ec831567-20d4-4a07-a3e1-4bca371ac603', 'Điểm thi', 50, '8.50', 'eec26da1-6a49-46c8-8032-b38ae36554e9'),
('ecabf6db-981f-4f91-80f8-acb2ffc67cf7', 'Điểm thi', 50, '8.30', '2336fe76-87ed-4c9b-87ac-dce218ef2e40'),
('ecb8b719-9a52-4b35-be2a-360330db6729', 'Điểm thi', 50, '8.00', '0f079667-b2a9-4bfe-8f8c-462dca5c0dbc'),
('ecc11f16-e146-4e4c-8c38-2b2c082403e9', 'Điểm thi', 60, '6.50', '7bb41dde-b94c-4323-816f-7bb9b8097075'),
('ecd0b6ab-b219-4c6b-b9c7-f70606c06915', 'Điểm thi', 50, '8.70', '2692f539-3915-40cd-8d97-a5cf596f4b8b'),
('ecdbd007-7b7f-4e0d-b436-fc908dcd251e', 'Điểm thi', 60, '3.30', '643eccf8-751d-4303-8e17-c74631dd14db'),
('ed24a82d-6690-4dd6-a3c0-0a857887d834', 'Điểm thi', 50, '9.00', '8421ae20-2252-4c0b-b800-00c12c444207'),
('ed4c2c3e-b8c2-4b79-8f4e-7cde7f3b708c', 'Điểm thi', 60, '7.30', '400e4b53-9886-4ae9-b32e-aa504a3cb285'),
('ed834cd4-47bb-46cc-90fb-82d247953785', 'Điểm thi', 50, '6.00', 'dfcf3bdb-e06c-4460-b0e4-d12035eef2a0'),
('edffaa34-4dad-4830-9994-d8801a459884', 'Điểm thi', 50, '6.40', 'a30c6662-7f51-47fd-bdaf-97e62ed6fb1e'),
('ee11c07b-67a9-46e9-8d0e-fc627483a765', 'Kiểm tra', 100, '9.90', '59e0a9a4-ec30-4661-9010-5aa7da7f1746'),
('ee33d308-b325-43d8-ace9-9402283377b5', 'Điểm thi', 60, '8.20', 'd5ee0acb-ea96-4ddc-b1e6-e005ce44514c'),
('ee4c0601-fd7e-40ac-9aac-312b65871dc3', 'Điểm thi', 50, '7.40', 'b5fa47bb-112b-42ff-87ab-4c6ab92395a3'),
('ee4d8583-41cc-46cb-b2c7-9f25e2073c0e', 'Kiểm tra', 50, '9.20', 'c0baa88c-85ca-4282-86ec-9492845ac708'),
('eed0d39e-d10d-4479-9a8c-35a339d5cf37', 'Điểm thi', 60, '8.20', 'b171f93d-17ff-483b-93e8-547550f1f6e6'),
('eeec0d63-9b42-42ae-a663-ca4c6329ba56', 'Điểm thi', 50, '8.40', '1529d43b-e878-4f4c-9bb8-d10fe0291b3e'),
('ef1b4480-69df-42da-98ea-629ab8422987', 'Điểm thi', 50, '7.30', '7045684b-f345-401d-893a-6f44572982d3'),
('ef44aef5-9e49-4f5a-a90f-2f82c0da80bc', 'Điểm thi', 60, '8.00', '040c6601-f2f5-4cd9-8dae-09286a525800'),
('ef4b5e67-10bb-4102-a5f3-24daf73635a0', 'Kiểm tra', 40, '9.30', '43f8c729-0e9b-4841-b045-b278cdf383a4'),
('ef60a385-31a3-4d69-a8a5-a32992c7b821', 'Kiểm tra', 40, '8.80', '15efe327-a729-4f23-b106-de5b182d6bb4'),
('ef74bdcd-fb4b-4d73-87ad-4ebd994b205c', 'Điểm thi', 50, '8.50', 'de07a671-a114-43d4-8fe2-9df28303be85'),
('ef78699b-a8c3-4be7-aded-6009e52638df', 'Điểm thi', 50, '4.90', '3ccddf78-34e9-4439-be86-3a897a3b35ec'),
('efc38a8d-3cf8-4502-9166-d3b4708428df', 'Kiểm tra', 100, '10.00', '0c0fe8c8-d6f8-4198-8840-ce9b82baded7'),
('efe91faa-5fa9-4b42-a392-3e91b0f4bd7a', 'Kiểm tra', 40, '7.60', 'aac53fa1-b715-42e5-8970-ae0d9637e072'),
('f01f3f4e-60d9-4900-9f2b-810f07868f0b', 'Điểm thi', 60, '7.70', '29e877c7-b5bb-4533-8d8f-b2afc36e45d9'),
('f09516bc-da01-4e61-8f9d-a7a4ec35f051', 'Kiểm tra', 50, '9.20', 'cb52dff3-f500-4b9b-9cac-ca2173c0d376'),
('f12dd9b2-9e13-4542-8a61-a6c32a628d7b', 'Kiểm tra', 100, '8.70', '70c4f314-fb9c-4f1f-8537-083fb0eabe6a'),
('f13f0908-a84a-45a6-85f6-4b86216c531e', 'Điểm thi', 60, '7.70', '39498088-c1e1-42d4-8dab-8e0d2b7b6387'),
('f1489c37-be67-4eff-b964-d32da3cdaba9', 'Điểm thi', 50, '4.50', '036fa5d8-9294-4714-a6c4-94bd099e260b'),
('f14e2795-c892-4856-aef8-ded17fdc093d', 'Điểm thi', 60, '7.70', '1113c5ed-d9e1-4f90-bfa4-1dd3a14132f0'),
('f15701f2-badd-424d-a77c-2d862ee84cc4', 'Điểm thi', 60, '6.50', 'c7a4ce3f-0afe-45af-a995-06650bf9d43e'),
('f1dc333b-7a76-403d-b4d3-9f0ee2df13e7', 'Kiểm tra', 40, '8.70', '63b3dd62-8207-40d1-92db-dc829483eadc'),
('f1e5704d-cf8c-4f69-89c5-deb6807ee262', 'Kiểm tra', 50, '8.50', '2ba36f4b-78d8-4bf1-a5d5-e72cd33fd018'),
('f20f3178-3348-4c68-8b23-58d0e74f06d8', 'Điểm thi', 50, '6.00', '2f3096b0-c0fd-4d65-a9fe-ac51a7a5a136'),
('f21d15ca-6734-4ba8-858a-e209faf369b3', 'Điểm thi', 50, '4.50', '85de62a5-77d1-4c73-9092-4b35f6a39b93'),
('f2def608-cbcb-49bd-97ed-2accdf07e1ba', 'Kiểm tra', 50, '7.20', 'ea3d2fd8-7389-497d-8d98-c64657194d1f'),
('f3463b79-be2d-445e-9bf3-8094846aae4f', 'Điểm thi', 50, '9.00', '04686936-9b76-49e1-9220-2d24be95caea'),
('f35df13d-591d-4ec2-9d29-74fb613d22e1', 'Điểm thi', 50, '8.50', '968510f5-ff1c-46ce-b6c0-792388accaa8'),
('f3a54a8a-3e32-42f2-8b20-c53f2aef7aa6', 'Kiểm tra', 50, '9.20', 'c8f4ab42-c6ea-4b0d-b927-2e608eb57244'),
('f3ab3a1b-24c9-4fd8-8ca7-763029e1ec62', 'Điểm thi', 50, '5.00', '597537f8-20ec-42b0-8aae-433eb7056b05'),
('f4159931-8c30-420f-b69d-ce1f1fc22f4e', 'Kiểm tra', 50, '9.40', '0da051c7-1c04-4c61-9464-f9f7cb89fb53'),
('f45432a9-dfe7-482b-8e1f-f4f017975a44', 'Kiểm tra', 50, '7.20', 'fc7e8e57-acc5-4682-b5ed-e343f6ca8d53'),
('f469fa19-54b3-4203-bf89-8280f3cd2939', 'Điểm thi', 60, '6.20', 'baf5737b-dece-4fe4-be63-bdb2fe66b632'),
('f4744f69-6488-4769-ade5-3687d6227095', 'Điểm thi', 50, '7.50', '274da407-e0a2-4444-9b05-84a9e2526b05'),
('f48ef5cb-d20b-48ee-b734-38a1d32b7d45', 'Kiểm tra', 50, '0.00', '00b683f0-4109-4816-8d22-875b506dd1b8'),
('f4b661c7-afd6-4673-91bd-d99df148fd21', 'Điểm thi', 50, '8.00', 'ab9e1000-1c72-4000-b656-1522550bd181'),
('f4db019c-5119-4547-8950-e08be7914b64', 'Điểm thi', 60, '5.00', '12082abf-f4dd-4627-add4-b87e48dcb18b'),
('f4f9765b-3988-4fdd-884a-d413335092b2', 'Điểm thi', 50, '6.00', 'cd686d15-3601-42bd-beb0-f8dd7eab8511'),
('f51ba16c-59ba-4b24-8016-850b315d5ade', 'Kiểm tra', 50, '9.60', 'dd065915-2508-4176-a1dd-39cbeb9afbad'),
('f51e3d45-a5a0-49a1-98e1-b77051b23a92', 'Kiểm tra', 50, '8.90', '04bebeae-e156-46ba-9ba6-9ca534acdddf'),
('f580f6a5-a1d7-49bf-a07f-711919142725', 'Điểm thi', 60, '7.30', 'bbd5a9a1-1ffe-4167-8975-064e94347396'),
('f596b775-cf45-4c01-90e7-ebafe31f581f', 'Kiểm tra', 40, '8.80', '442c3e36-5c1b-44b0-8878-fd26ba0001c1'),
('f5de01fc-e0c2-4b81-a749-8967662e80e9', 'Kiểm tra', 50, '6.50', '66c0eca0-adc4-4bd3-9928-ced1e8f891c2'),
('f631964b-935e-445c-87d8-9c0e6bee93cb', 'Kiểm tra', 50, '9.40', '482ca47f-34c4-4a2f-bd25-564ae09cfe46'),
('f676b515-1ba3-4bf4-826c-e0bec8879dd1', 'Kiểm tra', 50, '6.80', 'f58665d6-f164-4a83-a45a-077ec68ca354'),
('f6965736-b779-40ae-91b5-be4a7932ee19', 'Điểm thi', 50, '6.50', '31a79074-39cd-4db1-a435-1f5d559e0575'),
('f69dea94-8873-4a59-a9e9-b2f532d060aa', 'Kiểm tra', 50, '7.60', 'd98779c2-cc07-411b-b950-1c23accccf9d'),
('f6fde4c0-f182-44bb-bfcb-347842e70079', 'Điểm thi', 60, '7.00', 'a52512d4-07bd-4a45-9793-3590d1eff90e'),
('f797f9ef-c195-4bed-ad4c-b50e0dba4d71', 'Kiểm tra', 40, '8.70', '153e63f9-354b-4151-afd9-a7e8ae7c8fd1'),
('f7ba5b9b-ff28-478c-be35-35e85f0dcbfd', 'Kiểm tra', 50, '7.20', '472d1e59-f3e2-4be1-bc0c-f49a220f90cd'),
('f7fdff48-df5a-409f-a7a7-91e9319ab199', 'Kiểm tra', 40, '9.30', '43232ee4-ad35-46ca-afa7-80ea2ef748f6'),
('f823bb59-c499-4a78-a977-b3744b3433fd', 'Điểm thi', 60, '7.00', 'f6dc2d71-0426-4494-8805-f5d304ca1d2f'),
('f869d46e-2962-44e8-9881-812b8c1f01be', 'Điểm thi', 50, '3.60', '8d921156-486c-43ce-9b43-cc016fcce160'),
('f86df59c-d30c-46eb-aa8b-db73c50d8278', 'Kiểm tra', 50, '9.10', '182a56db-a526-4a90-bf0a-43df033b010f'),
('f8b94cfe-d2cd-40db-a4df-32791cf569fc', 'Kiểm tra', 50, '7.60', 'ac936d88-0312-43e6-9fad-eb44e9a8c178'),
('f93e8ae9-2894-4661-a223-d12ebd8928e1', 'Điểm thi', 50, '6.50', '0def8937-afb4-4640-a418-98d0dc91a736'),
('f96481f5-1d8c-4c9f-ad2f-63e99fead0de', 'Điểm thi', 60, '8.80', 'e72ca703-5fa2-470b-b018-fd2653869cf8'),
('f9a9b8dd-0be1-4111-afa6-1f4ece0cdd78', 'Kiểm tra', 40, '9.10', '4f24079f-0d9b-44b8-a60f-68b009065d93'),
('f9afc1d9-e4f7-419e-90fd-a3638560b891', 'Điểm thi', 50, '5.50', '03733b08-5874-435a-879c-28817030bd9b'),
('f9bc1083-9033-419f-a4bd-64081f85de28', 'Kiểm tra', 40, '8.50', '55d699f2-713a-4b26-a71e-ed2e96b9be3b'),
('f9d13062-52f7-45f1-9ebf-fdc7fc476561', 'Kiểm tra', 50, '9.20', 'df286f40-a327-4f68-98b9-72697c0af547'),
('f9fc613e-ad80-4a21-bb16-9c7ba9a98afb', 'Điểm thi', 60, '7.70', 'da52bfc7-e885-4d46-b21d-39fb69bb3462'),
('fa539f74-085f-4a3c-ba84-a12f403fc370', 'Kiểm tra', 40, '6.90', '01a8ccb9-8412-43ff-91f7-ba00b8059142'),
('fa9001c8-4d46-4135-a2fa-6496cd65ed1e', 'Kiểm tra', 50, '8.80', '597537f8-20ec-42b0-8aae-433eb7056b05'),
('fa93d16d-0585-41d0-aaaf-8555c06f61d7', 'Kiểm tra', 40, '8.10', 'a9361616-14f1-41ab-9a56-580b56083d37'),
('fac3e612-0392-427f-b669-aa29fb8b5f44', 'Kiểm tra', 40, '9.60', '4a30b6ae-1106-4506-a829-7528d8014b04'),
('facc2c9d-5ed5-4d8c-8247-5316f3b48965', 'Điểm thi', 60, '7.50', '2e575637-924f-42aa-bb0b-2b89419dbb24'),
('fb06b93d-c494-4c5e-bac4-cb2d27d19b0d', 'Kiểm tra', 40, '7.60', '1be10fb6-ae34-4e4f-9238-f3dc9c9817dd'),
('fb2f687e-13ed-48e9-b760-c4411817ee10', 'Kiểm tra', 40, '8.00', 'b668e6d5-a1ce-449b-a639-e32ab8bd016b'),
('fb57bed2-5f2b-47d2-a052-8de2d82fc4e8', 'Điểm thi', 50, '6.00', '624763a3-d467-4384-8cc5-335b79bd98cc'),
('fb6f3306-acf6-4dc5-8876-1063e6b352ba', 'Kiểm tra', 50, '8.00', '24d061fa-1179-43d1-8019-a7da58626daf'),
('fbc8bc1d-5301-486c-9b06-cc4754fdd387', 'Kiểm tra', 40, '7.60', '0f17004f-521e-4417-9354-5883c2308b04'),
('fbe7540f-55a6-4a80-b332-b2bec6c4708a', 'Kiểm tra', 50, '7.20', '53e58c95-e234-451b-86cf-3a89bbd3b123'),
('fc098562-cf8f-47b4-91f0-08c368a20b1d', 'Điểm thi', 60, '4.50', '442c3e36-5c1b-44b0-8878-fd26ba0001c1'),
('fc0da739-3759-4fbe-b5d6-51ab960a56a9', 'Kiểm tra', 40, '10.00', '5f27c9a3-96aa-4f9a-89b4-9de49f8a4f87'),
('fc5151e9-4a75-4224-869e-2f03881e9123', 'Kiểm tra', 50, '8.70', '1529d43b-e878-4f4c-9bb8-d10fe0291b3e'),
('fc63ce76-0720-41d2-878b-fdcb45d32c8c', 'Điểm thi', 50, '6.00', '7378f771-1b60-4b70-b646-db6fb9a098e8'),
('fcabe83d-3487-4efa-948c-07425b7b4483', 'Điểm thi', 60, '7.00', '0b942f34-d879-40ca-bdd6-5b1ac2cffcea'),
('fcb7683f-fb7e-4725-a053-6376a5326787', 'Điểm thi', 60, '7.50', 'c9b491e1-5781-464b-a4f7-14bbfdea8ab8'),
('fcd7e020-b7a1-4ffc-8fc5-30f38f645562', 'Kiểm tra', 50, '8.10', 'f674037d-5643-4ce5-affd-0835b8d683b2'),
('fd7a56f8-b8af-494b-ba07-455fb8101149', 'Điểm thi', 50, '7.40', '02f728c1-1307-4e62-a711-b7795bee4aca'),
('fd851351-89e3-47db-aa69-01525918138d', 'Kiểm tra', 50, '9.20', '01e35594-f373-4309-b07e-73543157c388'),
('fdb4bbee-921f-48e1-bee3-9c0b3f8c814e', 'Kiểm tra', 50, '9.40', '44e3fb86-194a-41c2-85e0-146aa3cd38f4'),
('fdc0d3ed-ad34-4542-ae9f-00e9181c9691', 'Kiểm tra', 50, '9.00', '7378f771-1b60-4b70-b646-db6fb9a098e8'),
('fddffbb2-a8cd-4cdf-bc81-6777e5665afc', 'Kiểm tra', 40, '8.10', '46a0b038-8b57-4d84-a817-0bf1444b759a'),
('fe1ebffe-ef11-47ff-84f7-2b067de26cb7', 'Điểm thi', 50, '8.80', '6b647853-1521-409d-94c3-a787e5221616'),
('fe5df1f9-9515-46fc-ba94-ffd67130daeb', 'Kiểm tra', 40, '9.30', 'b0925145-0fc3-4603-9dab-2e48a73d7fac'),
('fea77e94-b5c0-410a-8ed1-4b8b4820afcd', 'Kiểm tra', 50, '9.20', 'cf53781e-36f2-4aba-aac8-ed24e16f23ec'),
('fec1227f-ece6-488d-b9f0-e5ea67e687ed', 'Điểm thi', 60, '7.20', '54ce2b08-7f67-49f8-874e-31b05c9cfc59'),
('fecd423a-ea0d-40bf-aa5b-0fbf67c9c7e5', 'Điểm thi', 50, '7.80', '066d0051-2170-4e80-9b35-d5a018a0c2be'),
('ff5f3c89-94b2-4cd3-bf89-f7f37d4a6b42', 'Kiểm tra', 50, '9.80', '9a724e42-4356-470d-a630-d4df9236a6db'),
('ff7d2716-8699-407d-87f8-4d1603a21269', 'Kiểm tra', 50, '8.40', '0fc0b427-4035-4356-b629-98bdd6800727'),
('ff866f6d-50d3-4c05-a0f8-aee1e4c152b0', 'Điểm thi', 50, '6.40', '10aed6e5-c595-475c-ba76-ff7e40f53724'),
('ffa38e72-dc30-4b2a-8a9a-0e07dbf14edb', 'Kiểm tra', 50, '9.20', '01dfa714-b227-446b-85ba-29566471fda3'),
('ffa782c2-d5cb-48e4-aaea-53a17ce40261', 'Kiểm tra', 50, '7.60', 'f82bfca9-2aca-4b4b-82d3-32a6058dfbb6'),
('ffef4641-ea85-4772-bed0-2c6f3d3b2706', 'Kiểm tra', 40, '8.80', '5a1e1f63-668d-4f04-9d92-8059ffcc9df6');





INSERT INTO `faculty` (`facultyId`, `facultyName`) VALUES
('admin', 'admin');
INSERT INTO `faculty` (`facultyId`, `facultyName`) VALUES
('CNTT', 'Công Nghệ Thông Tin');
INSERT INTO `faculty` (`facultyId`, `facultyName`) VALUES
('DTVT', 'Điện Tử Viễn Thông');
INSERT INTO `faculty` (`facultyId`, `facultyName`) VALUES
('GD', 'Giáo Dục'),
('GDCT', 'Giáo Dục Chính Trị'),
('GDMN', 'Giáo Dục Mầm Mon'),
('GDTH', 'Giáo Dục Tiểu Học'),
('Luat', 'Luật'),
('MT', 'Môi Trường'),
('NN', 'Ngoại Ngữ'),
('NT', 'Nghệ Thuật'),
('QTKD', 'Quản Trị Kinh Doanh'),
('SPKHTN', 'Sư phạm Khoa học Tự nhiên'),
('SPKHXH', 'Sư phạm Khoa học Xã hội'),
('TC-KT', 'Tài chính – Kế toán'),
('TUD', 'Toán – Ứng dụng'),
('TVVP', 'Thư viện – Văn phòng'),
('VHDL', 'Văn hóa và Du lịch');

INSERT INTO `feature` (`featureId`, `featureName`, `keyRoute`, `icon`, `parentFeatureId`, `orderNo`) VALUES
('CNUSER', 'Người dùng', 'NguoiDung', 'UserOutlined', 'FT013', 15);
INSERT INTO `feature` (`featureId`, `featureName`, `keyRoute`, `icon`, `parentFeatureId`, `orderNo`) VALUES
('FT001', 'Dashboard', 'Dashboard', 'HomeFilled', NULL, 1);
INSERT INTO `feature` (`featureId`, `featureName`, `keyRoute`, `icon`, `parentFeatureId`, `orderNo`) VALUES
('FT002', 'Danh sách học phần', 'DanhSachHocPhan', 'OrderedListOutlined', NULL, 2);
INSERT INTO `feature` (`featureId`, `featureName`, `keyRoute`, `icon`, `parentFeatureId`, `orderNo`) VALUES
('FT003', 'Điểm tốt nghiệp', 'DiemTotNghiep', 'TrophyOutlined', NULL, 6),
('FT004', 'Thực tập tốt nghiệp', 'ThucTap', 'SolutionOutlined', NULL, 3),
('FT005', 'Nhóm đề tài NCKH', 'NhomDeTaiNCKH', 'ProjectOutlined', NULL, 4),
('FT006', 'Khóa luận', 'KhoaLuan', 'FileTextOutlined', NULL, 5),
('FT008', 'Khung CT Đào tạo', 'KhungCTDT', 'AppstoreOutlined', 'FT013', 14),
('FT009', 'Mở học phần', 'MoHocPhan', NULL, 'FT012', 9),
('FT011', 'Khóa luận', 'KhoaLuan_Department', NULL, 'FT012', 12),
('FT012', 'Nghiệp vụ', 'NghiepVu', NULL, NULL, 7),
('FT013', 'Thiết lập', 'ThietLap', NULL, NULL, 13),
('FT014', 'Phân quyền chức năng', 'PhanQuyenChucNang', 'SettingOutlined', 'FT013', 17),
('FT016', 'Tài khoản', 'TaiKhoan', 'UsergroupAddOutlined', 'FT013', 16),
('FTDashboardDepartment', 'Dashboard', 'Dashboard_Department', NULL, 'FT012', 8),
('FTDeTaiNCKH_Department', 'Đề tài NCKH', 'DeTaiNCKH_Department', 'ReadOutlined', 'FT012', 11),
('FTGroupDeTaiNCKH', 'Nhóm đề tài NCKH', 'NhomDeTaiNCKH_Department', 'GroupOutlined', 'FT012', 10);

INSERT INTO `follower` (`id`, `scientificResearchId`, `thesisId`) VALUES
('6e88322d-d6b7-47c5-8c0c-139f2821fb7d', 'DANPROJECT001', NULL);
INSERT INTO `follower` (`id`, `scientificResearchId`, `thesisId`) VALUES
('4e86f92d-bf16-449a-8f0a-d8a32a4efeb3', 'DCTPROJECT001', NULL);
INSERT INTO `follower` (`id`, `scientificResearchId`, `thesisId`) VALUES
('ceee4e77-b675-4085-9108-de1e9faf869b', 'DCTPROJECT002', NULL);
INSERT INTO `follower` (`id`, `scientificResearchId`, `thesisId`) VALUES
('ced6381e-0031-4d2c-9c88-5151670b78f3', 'DCTPROJECT003', NULL);

INSERT INTO `follower_detail` (`id`, `followerId`, `userId`) VALUES
('7716d2d4-7f5c-4bc5-8c90-2b37ae88d12e', '4e86f92d-bf16-449a-8f0a-d8a32a4efeb3', '10991');
INSERT INTO `follower_detail` (`id`, `followerId`, `userId`) VALUES
('fc550aaf-efed-412b-95f7-c296bde00b12', '6e88322d-d6b7-47c5-8c0c-139f2821fb7d', '10991');
INSERT INTO `follower_detail` (`id`, `followerId`, `userId`) VALUES
('98916361-c82a-4f80-874a-c307947865d5', '6e88322d-d6b7-47c5-8c0c-139f2821fb7d', '10992');
INSERT INTO `follower_detail` (`id`, `followerId`, `userId`) VALUES
('31d5b92e-3771-405e-b853-10b7b9d259b4', 'ced6381e-0031-4d2c-9c88-5151670b78f3', '10991'),
('e37dc1a0-fa69-468f-8961-53ef42cac431', 'ceee4e77-b675-4085-9108-de1e9faf869b', '10991');

INSERT INTO `major` (`majorId`, `majorName`, `orderNo`, `facultyId`) VALUES
('CNTT-CLC', 'Công Nghệ Thông Tin - CLC', 7, 'CNTT');
INSERT INTO `major` (`majorId`, `majorName`, `orderNo`, `facultyId`) VALUES
('DAN', 'Ngôn Ngữ Anh', 2, 'NN');
INSERT INTO `major` (`majorId`, `majorName`, `orderNo`, `facultyId`) VALUES
('DAN-CLC', 'Ngôn Ngữ Anh - CLC', 3, 'NN');
INSERT INTO `major` (`majorId`, `majorName`, `orderNo`, `facultyId`) VALUES
('DDE	', 'Kĩ thuật Điện', 1, 'DTVT'),
('DDI', 'Sư phạm Địa lý', 1, 'SPKHXH'),
('DDL', 'Du Lịch', 1, 'VHDL'),
('DDV	', 'Kĩ thuật Điện tử – viễn thông', 2, 'DTVT'),
('DGD', 'Giáo dục Chính trị', 1, 'GDCT'),
('DGM', 'Giáo Dục Mầm Non', 1, 'GDMN'),
('DGT', 'Giáo Dục Tiểu Học', 1, 'GDTH'),
('DHO	', 'Sư phạm Hoá', 1, 'SPKHTN'),
('DKD', 'Công nghệ Kĩ thuật điện - điện tử', 3, 'DTVT'),
('DKE', 'Kế Toán', 1, 'TC-KT'),
('DKE-CLC', 'Kế Toán - CLC', 4, 'TC-KT'),
('DKH', 'Sư phạm Khoa học tự nhiên', 2, 'SPKHTN'),
('DKM	', 'Khoa học môi trường', 1, 'MT'),
('DKP', 'Kỹ Thuật Phần Mềm', 5, 'CNTT'),
('DKQ', 'Kinh Doanh Quốc Tế', 1, 'QTKD'),
('DKT', 'Kiểm Toán', 3, 'TC-KT'),
('DKV', 'Khoa Học Thư Viện', 1, 'TVVP'),
('DLD	', 'Sư phạm Lịch sử – Địa lý', 2, 'SPKHXH'),
('DLI', 'Sư phạm Vật Lý', 3, 'SPKHTN'),
('DLU', 'Luật', 1, 'Luat'),
('DMI', 'Sư phạm Mỹ Thuật', 1, 'NT'),
('DNA	', 'Thanh Nhạc', 2, 'NT'),
('DNH', 'Sư phạm Âm Nhạc', 3, 'NT'),
('DNT', 'Trí Tuệ Nhân Tạo', 3, 'TUD'),
('DQG	', 'Quản lý Giáo dục', 1, 'GD'),
('DQK', 'Quản Trị Kinh Doanh', 2, 'QTKD'),
('DQK-CLC', 'Quản Trị Kinh Doanh CLC', 5, 'QTKD'),
('DQN', 'Quản trị nhà hàng và dịch vụ ăn uống', 4, 'QTKD'),
('DQT', 'Quốc tế Học', 3, 'QTKD'),
('DQV', 'Quản trị văn phòng', 2, 'TVVP'),
('DSA', 'Sư phạm Anh', 1, 'NN'),
('DSI', 'Sư phạm Sinh', 4, 'SPKHTN'),
('DSU', 'Sư phạm Sử', 3, 'SPKHXH'),
('DTL', 'Tâm lí học', 2, 'GD'),
('DTN', 'Tài chính – Ngân hàng', 2, 'TC-KT'),
('DTO', 'Sư phạm Toán', 1, 'TUD'),
('DTT	', 'Thông tin – Thư viện', 2, 'TVVP'),
('DTU', 'Toán Ứng Dụng', 2, 'TUD'),
('DVA', 'Sư phạm Ngữ Văn', 4, 'SPKHXH'),
('DVI', 'Việt Nam học', 1, 'VHDL'),
('HTTT', 'Hệ Thống Thông Tin', 1, 'CNTT'),
('KHDL', 'Khoa Học Dữ Liệu', 6, 'CNTT'),
('KHMT', 'Khoa Học Máy Tính', 3, 'CNTT'),
('KTMT', 'Kỹ Thuật Máy Tính', 2, 'CNTT'),
('KTPM', 'Kỹ Thuật Phần Mềm', 4, 'CNTT');





INSERT INTO `notification` (`id`, `content`, `url`, `isRead`, `createDate`, `type`, `toUserId`, `createUserId`) VALUES
('75c9cf26-c938-455b-aa9a-ee38e418a429', 'Sinh viên Thủy Ngọc Mai Thy đăng ký tham gia đề tài NCKH DCTPROJECT001', '/Department/NghiepVu/NhomDeTaiNCKH/DeTaiNCKH?SRGId=DCTRTG001', 1, '2024-10-06 20:00:43.045922', 'warning', '10991', '3120410521');




INSERT INTO `permission` (`permissionId`, `permissionName`, `createDate`, `lastModifyDate`, `createUserId`, `lastModifyUserId`) VALUES
('abc', 'abc', '2024-09-29 16:17:04.877694', '2024-09-29 16:17:04.877694', '10991', NULL);
INSERT INTO `permission` (`permissionId`, `permissionName`, `createDate`, `lastModifyDate`, `createUserId`, `lastModifyUserId`) VALUES
('ADMIN', 'Admin', '2024-08-08 01:43:13.345630', '2024-08-29 20:01:41.630880', 'admin', NULL);
INSERT INTO `permission` (`permissionId`, `permissionName`, `createDate`, `lastModifyDate`, `createUserId`, `lastModifyUserId`) VALUES
('GIANGVIEN', 'Giảng viên', '2024-08-08 01:43:13.345630', '2024-08-29 19:59:32.004456', 'admin', NULL);
INSERT INTO `permission` (`permissionId`, `permissionName`, `createDate`, `lastModifyDate`, `createUserId`, `lastModifyUserId`) VALUES
('SINHVIEN', 'Sinh viên', '2024-08-08 01:43:13.345630', '2024-08-29 19:59:32.004456', 'admin', NULL);

INSERT INTO `permission_feature` (`id`, `permissionId`, `featureId`, `permissionDetail`) VALUES
('0ddf230d-9839-4ff5-8d1d-194e0514784b', 'ADMIN', 'CNUSER', '{\"isAdd\": true, \"isEdit\": true, \"isView\": true, \"isDelete\": true}');
INSERT INTO `permission_feature` (`id`, `permissionId`, `featureId`, `permissionDetail`) VALUES
('0e53ab62-f653-496c-9c71-7582f316dc70', 'GIANGVIEN', 'FT013', '{\"isAdd\": true, \"isEdit\": true, \"isView\": true, \"isDelete\": true}');
INSERT INTO `permission_feature` (`id`, `permissionId`, `featureId`, `permissionDetail`) VALUES
('0f749c0e-8e95-4d5e-8507-8e357d26b8ef', 'GIANGVIEN', 'FT016', '{\"isAdd\": true, \"isEdit\": true, \"isView\": true, \"isDelete\": true}');
INSERT INTO `permission_feature` (`id`, `permissionId`, `featureId`, `permissionDetail`) VALUES
('1', 'ADMIN', 'FT014', '{\"isAdd\": true, \"isEdit\": true, \"isView\": true, \"isDelete\": true}'),
('239bc94e-078c-4812-9d4f-cf2e69e8a494', 'SINHVIEN', 'FT004', '{\"isAdd\": true, \"isEdit\": true, \"isView\": true, \"isDelete\": true}'),
('3094e98c-1703-43ee-896a-8dc69af242cb', 'GIANGVIEN', 'CNUSER', '{\"isAdd\": true, \"isEdit\": true, \"isView\": true, \"isDelete\": true}'),
('347746dc-127f-4150-9557-ec0df0c6197d', 'ADMIN', 'FTDashboardDepartment', '{\"isAdd\": true, \"isEdit\": true, \"isView\": true, \"isDelete\": true}'),
('41377739-e33d-4b10-b394-40225f7658c8', 'GIANGVIEN', 'FT011', '{\"isAdd\": true, \"isEdit\": true, \"isView\": true, \"isDelete\": true}'),
('45a15f7f-9c51-496d-bd62-9c14eddc4d8e', 'GIANGVIEN', 'FTDashboardDepartment', '{\"isAdd\": true, \"isEdit\": true, \"isView\": true, \"isDelete\": true}'),
('4d207e43-ba5a-4f40-aaa4-b805dd1fde7c', 'ADMIN', 'FT008', '{\"isAdd\": true, \"isEdit\": true, \"isView\": true, \"isDelete\": true}'),
('4d4b5e25-fa19-481c-99ae-9c8178ac6aa6', 'GIANGVIEN', 'FT009', '{\"isAdd\": true, \"isEdit\": true, \"isView\": true, \"isDelete\": true}'),
('52478884-09cc-434f-8875-c47b70ac17d9', 'GIANGVIEN', 'FT008', '{\"isAdd\": true, \"isEdit\": true, \"isView\": true, \"isDelete\": true}'),
('5babb10b-c09b-4ebe-9f69-87caf3fb1146', 'SINHVIEN', 'FT002', '{\"isAdd\": true, \"isEdit\": true, \"isView\": true, \"isDelete\": true}'),
('66c85a53-22bc-41f9-bbdd-bcb1631991af', 'SINHVIEN', 'FT005', '{\"isAdd\": true, \"isEdit\": true, \"isView\": true, \"isDelete\": true}'),
('696f69b8-9a5b-4ebd-baa3-d201181da170', 'ADMIN', 'FTGroupDeTaiNCKH', '{\"isAdd\": true, \"isEdit\": true, \"isView\": true, \"isDelete\": true}'),
('87ee61fb-f073-40ee-bb77-0746fdb6b88b', 'ADMIN', 'FT009', '{\"isAdd\": true, \"isEdit\": true, \"isView\": true, \"isDelete\": true}'),
('91e69834-eea8-47a0-a6d1-64fcec7ed815', 'SINHVIEN', 'FT003', '{\"isAdd\": true, \"isEdit\": true, \"isView\": true, \"isDelete\": true}'),
('92b6e4d9-571e-498f-bb90-28da0c5dda7f', 'GIANGVIEN', 'FT014', '{\"isAdd\": true, \"isEdit\": true, \"isView\": true, \"isDelete\": true}'),
('9609f418-1835-4006-80f9-18496c9b5b1c', 'ADMIN', 'FT013', '{\"isAdd\": true, \"isEdit\": true, \"isView\": true, \"isDelete\": true}'),
('a5fedb83-89d3-421c-afa7-8731d7f9caf4', 'SINHVIEN', 'FT006', '{\"isAdd\": true, \"isEdit\": true, \"isView\": true, \"isDelete\": true}'),
('a97645d1-e652-454b-aca7-47ad9b080190', 'ADMIN', 'FT011', '{\"isAdd\": true, \"isEdit\": true, \"isView\": true, \"isDelete\": true}'),
('c0562670-af5a-42d4-96c1-b8650bcae10d', 'GIANGVIEN', 'FTGroupDeTaiNCKH', '{\"isAdd\": false, \"isEdit\": false, \"isView\": true, \"isDelete\": false}'),
('cc79b257-17ba-4ceb-84cb-850910bb55cb', 'GIANGVIEN', 'FTDeTaiNCKH_Department', '{\"isAdd\": true, \"isEdit\": true, \"isView\": true, \"isDelete\": true}'),
('d969e21e-8f56-439c-a8f0-a319b2c86804', 'GIANGVIEN', 'FT012', '{\"isAdd\": true, \"isEdit\": true, \"isView\": true, \"isDelete\": true}'),
('dc4cb921-381c-4647-9135-570d52ff5cf7', 'ADMIN', 'FT012', '{\"isAdd\": true, \"isEdit\": true, \"isView\": true, \"isDelete\": true}'),
('f39dd439-4392-4b5d-be0b-9e3e2e2176e6', 'ADMIN', 'FT016', '{\"isAdd\": true, \"isEdit\": true, \"isView\": true, \"isDelete\": true}'),
('f6ee38d1-66a1-4fe6-a094-b9ba91f87090', 'SINHVIEN', 'FT001', '{\"isAdd\": true, \"isEdit\": true, \"isView\": true, \"isDelete\": true}');



INSERT INTO `scientific_research` (`scientificResearchId`, `scientificResearchName`, `description`, `numberOfMember`, `executionTime`, `startDate`, `finishDate`, `level`, `budget`, `createDate`, `lastModifyDate`, `statusId`, `instructorId`, `createUserId`, `lastModifyUserId`, `scientificResearchGroupId`, `isDisable`) VALUES
('DANPROJECT001', 'Đề tài b', 'abc', 2, NULL, NULL, NULL, 'Cơ sở', NULL, '2024-10-10 21:58:11.028118', '2024-10-11 23:45:29.000000', '017', '10992', '10991', NULL, 'SRG003', 0);
INSERT INTO `scientific_research` (`scientificResearchId`, `scientificResearchName`, `description`, `numberOfMember`, `executionTime`, `startDate`, `finishDate`, `level`, `budget`, `createDate`, `lastModifyDate`, `statusId`, `instructorId`, `createUserId`, `lastModifyUserId`, `scientificResearchGroupId`, `isDisable`) VALUES
('DCTPROJECT001', 'Nghiên cứu thư viện mã nguồn mở Sklearn xây dựng ứng dụng dự báo nhanh doanh thu của doanh nghiệp', '- Mục tiêu tổng quát: Nghiên cứu một số thuật toán máy học phổ biến và cách sử dụng một số thư viện hỗ trợ xây dựng các ứng dụng dự báo.\n\n- Mục tiêu cụ thể: Nghiên cứu các thuật toán máy học phổ biến trong thư viện Sklearn bao gồm các thuật toán nhận dạng và phân cụm dữ liệu. Nghiên cứu ngôn ngữ lâp trình Python và cách sử dụng thư viện Sklearn hỗ trợ xây dựng các ứng dụng học máy.', 2, NULL, NULL, NULL, 'Cơ sở', NULL, '2024-09-29 20:10:50.666566', '2024-10-11 23:43:15.000000', '007', '10991', '10991', NULL, 'DCTRTG001', 0);
INSERT INTO `scientific_research` (`scientificResearchId`, `scientificResearchName`, `description`, `numberOfMember`, `executionTime`, `startDate`, `finishDate`, `level`, `budget`, `createDate`, `lastModifyDate`, `statusId`, `instructorId`, `createUserId`, `lastModifyUserId`, `scientificResearchGroupId`, `isDisable`) VALUES
('DCTPROJECT002', 'Nghiên cứu hệ thống giám sát năng lượng mặt trời dựa trên IOT', '- Nghiên cứu về công nghệ IOT và ứng dụng\n\n-Nghiên cứu về hệ thống giám sát năng lượng mặt trời: lưu trữ dữ liệu, biểu đồ hiệu suất, phát hiện lỗi, phân tích dự đoán…vv\n\n-Nghiên cứu về hệ thống nhúng mô phỏng trên các phần mềm Proteus, Arduino, Raspberry PI3, Tinker Board\n\n-Hệ thống cảnh báo về giám sát năng lượng mặt trời dựa trên Iot theo dõi trực tiếp từ xa ghi lại hoạt động của hệ thống năng lượng mặt trời từ xa', 2, NULL, NULL, NULL, 'Cơ sở', NULL, '2024-09-29 20:13:20.535569', '2024-10-10 23:06:54.000000', '017', '10991', '10991', NULL, 'DCTRTG001', 0);
INSERT INTO `scientific_research` (`scientificResearchId`, `scientificResearchName`, `description`, `numberOfMember`, `executionTime`, `startDate`, `finishDate`, `level`, `budget`, `createDate`, `lastModifyDate`, `statusId`, `instructorId`, `createUserId`, `lastModifyUserId`, `scientificResearchGroupId`, `isDisable`) VALUES
('DCTPROJECT003', 'Nghiên cứu một số phương pháp chống gian lận trong thi cử trực tuyến', 'Nghiên cứu công tác quản lý thi cử trực tuyến, khảo sát tại ĐH Tài nguyên Môi trường Hà Nội\nĐề xuất một số giải pháp chống gian lận trong thi cử trực tuyến', 3, NULL, NULL, NULL, 'Cơ sở', NULL, '2024-09-29 20:24:07.481468', '2024-10-12 00:13:51.000000', '017', '10991', '10991', NULL, 'DCTRTG001', 0);

INSERT INTO `scientific_research_group` (`scientificResearchGroupId`, `scientificResearchGroupName`, `startYear`, `finishYear`, `createDate`, `lastModifyDate`, `statusId`, `facultyId`, `createUserId`, `lastModifyUserId`) VALUES
('DCTRTG001', 'DANH SÁCH ĐỀ TÀI CỦA SINH VIÊN KHOA CNTT 5 NĂM (2018-2023)', 2017, 2023, '2024-09-15 21:16:28.386515', '2024-10-16 22:55:36.936933', '019', 'CNTT', 'admin', 'admin');
INSERT INTO `scientific_research_group` (`scientificResearchGroupId`, `scientificResearchGroupName`, `startYear`, `finishYear`, `createDate`, `lastModifyDate`, `statusId`, `facultyId`, `createUserId`, `lastModifyUserId`) VALUES
('DCTRTG002', 'DANH SÁCH ĐỀ TÀI CỦA SINH VIÊN KHOA CNTT NĂM 2024', 2024, 2025, '2024-09-16 19:08:50.071345', '2024-10-16 22:55:43.799514', '019', 'CNTT', 'admin', 'admin');
INSERT INTO `scientific_research_group` (`scientificResearchGroupId`, `scientificResearchGroupName`, `startYear`, `finishYear`, `createDate`, `lastModifyDate`, `statusId`, `facultyId`, `createUserId`, `lastModifyUserId`) VALUES
('SRG003', 'a', 2000, 20001, '2024-09-30 13:34:57.575911', '2024-10-15 01:39:56.368467', '019', 'NN', '10991', '10991');

INSERT INTO `scientific_research_user` (`id`, `group`, `isLeader`, `isApprove`, `scientificResearchId`, `userId`) VALUES
('0191f2c8-5b48-429b-ac2a-717b64f46a8d', 0, 1, 0, 'DCTPROJECT001', '3120410521');


INSERT INTO `score` (`id`, `examScore`, `testScore`, `finalScore10`, `finalScore4`, `finalScoreLetter`, `result`, `subjectId`, `studentId`, `semesterId`) VALUES
('0008c7dc-f3f6-41a1-b58b-239a2ed3de74', '4.50', '9.00', '6.80', '2.00', 'C', 1, '841048', '3120410003', '20212');
INSERT INTO `score` (`id`, `examScore`, `testScore`, `finalScore10`, `finalScore4`, `finalScoreLetter`, `result`, `subjectId`, `studentId`, `semesterId`) VALUES
('00101bce-4a58-47fc-9c69-16c876278e35', '0.00', '9.90', '9.90', '4.00', 'A', 1, 'BOBA11', '3120410003', '20213');
INSERT INTO `score` (`id`, `examScore`, `testScore`, `finalScore10`, `finalScore4`, `finalScoreLetter`, `result`, `subjectId`, `studentId`, `semesterId`) VALUES
('002e2de2-acae-49c6-98a0-e462541c9361', '6.20', '7.50', '6.70', '2.00', 'C', 1, '866103', '3120410521', '20232');
INSERT INTO `score` (`id`, `examScore`, `testScore`, `finalScore10`, `finalScore4`, `finalScoreLetter`, `result`, `subjectId`, `studentId`, `semesterId`) VALUES
('004d534a-dcf4-45b5-b983-3b8a3e4de77e', '6.00', '6.60', '6.30', '2.00', 'C', 1, '841107', '3120410003', '20212'),
('0075b8fe-521b-4288-9b0a-ab883cf7c89c', '6.50', '9.00', '7.80', '3.00', 'B', 1, '841468', '3120410521', '20231'),
('009edcbb-834a-4c20-907e-bb23bec0a702', '5.00', '7.50', '6.00', '2.00', 'C', 1, '861304', '3121410092', '20232'),
('00b5579b-ed6a-4b16-a738-c59a1470cf8b', '7.40', '9.20', '8.30', '3.00', 'B', 1, '841109', '3120410003', '20211'),
('00b683f0-4109-4816-8d22-875b506dd1b8', '0.00', '0.00', '0.00', '0.00', 'R', 0, '841072', '3120410003', '20231'),
('00bd3d6d-629c-4e3e-b073-f0295d7ef0ad', '0.00', '7.60', '7.60', '3.00', 'B', 1, '862409', '3120410521', '20231'),
('00cdbf6e-f6b6-440c-b5cf-891951a1e1de', '6.50', '10.00', '8.30', '3.00', 'B', 1, '841047', '3120410521', '20221'),
('00f7937e-e26a-4f54-a3c4-fbd75be45889', '6.50', '4.90', '5.70', '2.00', 'C', 1, '841047', '3120410003', '20221'),
('00f93af2-614c-4c63-bd4f-f0c3f57a9e9d', '7.80', '7.60', '7.70', '3.00', 'B', 1, '861305', '3120410521', '20223'),
('01291a45-2356-4e85-8863-e77aed2168cc', '9.00', '8.20', '8.60', '4.00', 'A', 1, '841481', '3120410521', '20232'),
('014bc294-2711-4b75-bd98-3f206f56b995', '8.30', '9.10', '8.60', '4.00', 'A', 1, '841402', '3120410003', '20201'),
('0159681c-dc59-43c3-a684-665dbb132961', '6.00', '6.30', '6.10', '2.00', 'C', 1, '841406', '3120410521', '20202'),
('01745189-0e23-4ba7-807a-516863e2d27a', '7.00', '9.20', '8.10', '3.00', 'B', 1, '841021', '3120410521', '20201'),
('01764a86-f317-47f6-ab8c-acd6ca461485', '6.00', '9.20', '7.60', '3.00', 'B', 1, '841431', '3120410521', '20231'),
('017fa1a2-bdc1-41a1-b425-285f922035d6', '4.90', '9.30', '7.10', '3.00', 'B', 1, '841422', '3120410003', '20212'),
('018a81da-082c-41a4-bcce-01b5a25ab852', '8.30', '7.60', '8.00', '3.00', 'B', 1, '841403', '3120410003', '20201'),
('01a8ccb9-8412-43ff-91f7-ba00b8059142', '6.80', '6.90', '6.80', '2.00', 'C', 1, '864001', '3120410003', '20201'),
('01b73edc-bd84-4a93-88e3-4c6ccc245650', '8.50', '9.60', '9.10', '4.00', 'A', 1, '841020', '3120410521', '20201'),
('01dfa714-b227-446b-85ba-29566471fda3', '7.00', '9.20', '8.10', '3.00', 'B', 1, '841310', '3120410003', '20212'),
('01e35594-f373-4309-b07e-73543157c388', '7.00', '9.20', '8.10', '3.00', 'B', 1, '841310', '3120410521', '20212'),
('01f8e571-674e-4c1d-8e20-de5722cb1b32', '6.50', '10.00', '8.30', '3.00', 'B', 1, '841047', '3120410521', '20221'),
('023d85cf-0f9a-4d5e-ad6f-c63c0adf07c4', '6.40', '7.40', '6.90', '2.00', 'C', 1, '841021', '3120410003', '20201'),
('0254fd9e-8705-4e53-9fe2-a4a2b6787905', '8.00', '9.60', '8.80', '4.00', 'A', 1, '841423', '3120410521', '20221'),
('02792029-de2d-46c2-b88a-72dc862d1439', '6.40', '7.40', '6.90', '2.00', 'C', 1, '841021', '3120410003', '20201'),
('027dfa78-9e57-46c6-ab3f-b4a242f638c9', '9.00', '9.40', '9.20', '4.00', 'A', 1, '841480', '3120410521', '20222'),
('0284a543-28ff-4bc4-9a24-9dfaae5a76f5', '4.00', '7.90', '6.00', '2.00', 'C', 1, '841022', '3120410515', '20211'),
('028df814-21ba-4bd0-83c5-ed77a5a9deb1', '6.00', '6.30', '6.10', '2.00', 'C', 1, '841406', '3120410521', '20202'),
('029ae4b3-a12a-4fb3-9388-9db9c5c18ee9', '8.30', '8.70', '8.50', '4.00', 'A', 1, '841021', '3121410092', '20211'),
('02d0dbd4-4977-4ba3-8c4f-1002d264aa50', '9.00', '9.30', '9.10', '4.00', 'A', 1, '862407', '3120410003', '20203'),
('02e0aabb-4a68-46c7-a0ca-b4967459ebc5', '7.40', '9.20', '8.30', '3.00', 'B', 1, '841415', '3120410003', '20211'),
('02f728c1-1307-4e62-a711-b7795bee4aca', '7.40', '9.20', '8.30', '3.00', 'B', 1, '841415', '3120410003', '20211'),
('036fa5d8-9294-4714-a6c4-94bd099e260b', '4.50', '9.00', '6.80', '2.00', 'C', 1, '841048', '3120410515', '20212'),
('03733b08-5874-435a-879c-28817030bd9b', '5.50', '8.00', '6.80', '2.00', 'C', 1, '841414', '3120410521', '20222'),
('0377bd71-4cf8-4a03-9a3b-af25aa868d40', '7.70', '7.00', '7.40', '3.00', 'B', 1, '841044', '3120410003', '20211'),
('037b44ef-0c93-4b36-9f9e-61ec1b4ff235', '8.20', '9.60', '8.80', '4.00', 'A', 1, '865006', '3120410521', '20203'),
('039280b1-4b3b-48f9-8990-9c78115f7374', '6.10', '7.80', '6.80', '2.00', 'C', 1, '861301', '3120410515', '20202'),
('0394ab8c-725e-4b6e-8372-a22daee95672', '8.30', '7.40', '7.90', '3.00', 'B', 1, '861305', '3121410146', '20233'),
('03a1f6b2-dd19-482f-9673-6967f5e5416d', '6.00', '8.00', '7.00', '3.00', 'B', 1, '841423', '3120410003', '20221'),
('03d1207d-0527-4da2-abb7-077de3d0f790', '8.50', '7.20', '7.90', '3.00', 'B', 1, '841464', '3120410003', '20222'),
('03d2b77a-ec54-4aaa-b581-1555d364396c', '7.70', '7.00', '7.40', '3.00', 'B', 1, '841044', '3120410003', '20211'),
('03fa2e9e-bd69-4305-855a-15a0ed175782', '6.00', '9.30', '7.70', '3.00', 'B', 1, '841113', '3120410521', '20232'),
('040c6601-f2f5-4cd9-8dae-09286a525800', '8.00', '7.80', '7.90', '3.00', 'B', 1, '862406', '3120410003', '20202'),
('0410356b-a899-48d4-a7d8-525f13afb0c4', '8.40', '8.70', '8.60', '4.00', 'A', 1, '841404', '3120410521', '20202'),
('0449f857-0337-4951-871d-1dab7d56966c', '6.80', '10.00', '8.40', '3.00', 'B', 1, '841464', '3120410521', '20212'),
('045854ba-d8ce-4fbe-8409-746d57fbc985', '7.00', '9.30', '7.90', '3.00', 'B', 1, '861305', '3120410003', '20213'),
('04686936-9b76-49e1-9220-2d24be95caea', '9.00', '8.20', '8.60', '4.00', 'A', 1, '841481', '3120410521', '20232'),
('047c5496-9543-4985-8408-95c5fba49296', '7.50', '8.00', '7.70', '3.00', 'B', 1, '861301', '3120410521', '20202'),
('04bebeae-e156-46ba-9ba6-9ca534acdddf', '7.50', '8.90', '8.20', '3.00', 'B', 1, '841461', '3120410003', '20221'),
('04e5edd1-6b9a-44d2-be17-01074e327614', '6.30', '8.00', '7.20', '3.00', 'B', 1, '841461', '3120410521', '20221'),
('04fd0f70-e672-4c88-a46d-a54c1bb350e7', '7.50', '9.00', '8.10', '3.00', 'B', 1, '862406', '3120410521', '20202'),
('050b02c5-958d-4018-886e-3a7e23d836dc', '3.80', '8.90', '6.40', '2.00', 'C', 1, '841463', '3120410515', '20232'),
('05226cbe-afd1-4a21-adec-da74956132b1', '0.00', '0.00', '0.00', '0.00', 'R', 0, '841072', '3120410003', '20231'),
('05744891-2997-46b9-84f1-260764296aea', '9.50', '10.00', '9.80', '4.00', 'A', 1, '841408', '3120410521', '20221'),
('057ee66b-06d0-4e03-896a-83d4a33a2d19', '0.00', '9.10', '9.10', '4.00', 'A', 1, '862101', '3120410521', '20212'),
('059c127c-56ff-44f1-8892-bdffa24b79ca', '6.50', '8.20', '7.40', '3.00', 'B', 1, '841403', '3120410521', '20201'),
('05a809b9-ed40-49b1-ba92-18afef0221f6', '0.00', '7.30', '7.30', '3.00', 'B', 1, '862408', '3120410515', '20222'),
('05af3024-ccbd-4120-a3dc-513edb0686a4', '9.10', '9.60', '9.40', '4.00', 'A', 1, '841404', '3120410003', '20202'),
('05af6887-b007-49cd-a359-87ad08e1ae02', '8.50', '10.00', '9.30', '4.00', 'A', 1, '841303', '3120410521', '20202'),
('05ca8e43-d336-4a67-a1f3-3cd20884ea86', '0.00', '0.00', '0.00', '0.00', 'F', 0, 'KSTA60', '3120410521', '20203'),
('05e91ebd-75d2-4e25-acd7-bf9a192aef89', '6.50', '8.60', '7.30', '3.00', 'B', 1, '861302', '3120410521', '20213'),
('05f070c8-66c9-4d0d-be42-12904abb92a8', '7.10', '6.50', '6.80', '2.00', 'C', 1, '841058', '3120410521', '20212'),
('05f2ed69-353b-4d78-b6ef-67c5d2c57fd5', '8.30', '7.60', '8.00', '3.00', 'B', 1, '841403', '3120410003', '20201'),
('066c0f81-a7b7-4898-8896-b84a2462d62f', '4.50', '8.80', '6.20', '2.00', 'C', 1, '861304', '3120410521', '20222'),
('066d0051-2170-4e80-9b35-d5a018a0c2be', '7.80', '9.80', '8.80', '4.00', 'A', 1, '841022', '3120410003', '20211'),
('06825ee5-5068-4809-abaf-cb8b436c6111', '7.30', '8.00', '7.70', '3.00', 'B', 1, '841419', '3120410003', '20211'),
('06a1b0c3-be47-461a-a9a3-f3f4b96f8855', '3.90', '6.10', '5.00', '1.00', 'D', 1, '841058', '3120410515', '20212'),
('06a1c6a9-6cfd-4699-a9bb-9962fa38f100', '4.50', '8.30', '6.00', '2.00', 'C', 1, '861304', '3120410515', '20223'),
('06a21caf-d506-41e9-8da3-be176479e89c', '0.00', '0.00', '0.00', '0.00', 'R', 0, '841108', '3120410515', '20211'),
('06baca63-ec8c-4d50-b6b1-9713e130c445', '7.80', '9.80', '8.80', '4.00', 'A', 1, '841022', '3120410003', '20211'),
('06c229b1-3a69-4219-b2e2-745a4874f299', '0.00', '0.00', '0.00', '0.00', 'F', 0, 'KSTA60', '3120410521', '20203'),
('07134cf3-7cc4-49e2-b409-1e388c5beda7', '8.00', '8.10', '8.00', '3.00', 'B', 1, '866103', '3120410003', '20221'),
('0729959d-16e1-45ea-b1c8-598f3d162e43', '0.00', '0.00', '0.00', '0.00', 'R', 0, '866101', '3120410521', '20212'),
('079c2862-4a15-4490-9737-e5592c7a5849', '0.00', '9.50', '9.50', '4.00', 'A', 1, '841070', '3120410003', '20233'),
('07a3be34-fd7e-4e18-9ff5-a5c3b28722a6', '0.00', '7.70', '7.70', '3.00', 'B', 1, 'BOCH11', '3120410521', '20213'),
('07ad3b89-609a-41d4-ba3b-3ae83bb6a0f5', '5.00', '9.30', '6.70', '2.00', 'C', 1, '862406', '3120410515', '20202'),
('07af9e08-9159-44b0-a01c-79f6c90b4465', '7.50', '8.90', '8.20', '3.00', 'B', 1, '841461', '3120410003', '20221'),
('07fc6250-9090-4b31-90f4-77dfeee22f0c', '8.00', '8.10', '8.00', '3.00', 'B', 1, '866102', '3120410003', '20213'),
('080e6f78-eab8-43ee-ad69-b3b2f31bf8fb', '0.00', '0.00', '0.00', '0.00', 'F', 0, 'KSTA60', '3120410003', '20203'),
('0832fc2c-21be-4784-af1c-c343cf89a137', '7.30', '9.50', '8.20', '3.00', 'B', 1, '864001', '3120410521', '20201'),
('0871fae5-8225-4276-921a-0637feaddadf', '0.00', '8.60', '8.60', '4.00', 'A', 1, 'CALO11', '3120410003', '20221'),
('08bfe118-3004-4674-9e4d-806e661d17c3', '6.50', '8.60', '7.60', '3.00', 'B', 1, '841048', '3120410521', '20212'),
('095b34ad-80e7-41d4-b995-19778ee487fe', '3.00', '8.40', '5.70', '2.00', 'C', 1, '841020', '3120410515', '20201'),
('09657041-d362-4f9d-a916-4957b2f5b246', '4.50', '9.10', '6.80', '2.00', 'C', 1, '841463', '3120410521', '20232'),
('09ab7e8e-032e-4e0a-a690-d48c75ced8b7', '7.00', '6.30', '6.70', '2.00', 'C', 1, '862407', '3120410515', '20213'),
('09d2ff93-43bb-40b5-a0b7-715d1ad98ecd', '8.30', '7.60', '8.00', '3.00', 'B', 1, '841403', '3120410003', '20201'),
('0a341bb0-36b9-41a2-878e-02e5af549740', '8.00', '8.10', '8.00', '3.00', 'B', 1, '866103', '3120410003', '20221'),
('0a552a2c-146e-465e-af63-af7369bff0c7', '7.00', '9.20', '8.10', '3.00', 'B', 1, '841021', '3120410521', '20201'),
('0a60f7d6-b219-4393-bcf5-9b2710c24504', '0.00', '7.60', '7.60', '3.00', 'B', 1, '862409', '3120410521', '20231'),
('0a64a04c-ef2a-4f2b-b758-f6eb59546b11', '9.00', '9.40', '9.20', '4.00', 'A', 1, '841480', '3120410521', '20222'),
('0aa096d0-a8a4-4383-a21d-1cbefe0b3bb3', '5.00', '9.20', '7.10', '3.00', 'B', 1, '841110', '3120410003', '20222'),
('0aa8cd91-540d-4c7a-9289-6d6a62cd68e6', '7.40', '8.40', '7.90', '3.00', 'B', 1, '841109', '3120410521', '20211'),
('0afda70e-12f6-4d45-964c-218438b7e6df', '7.50', '8.20', '7.90', '3.00', 'B', 1, '841107', '3121410146', '20222'),
('0b8226f2-0634-4419-8236-e3f4b0bf5749', '8.80', '9.80', '9.20', '4.00', 'A', 1, '866101', '3120410003', '20212'),
('0b942f34-d879-40ca-bdd6-5b1ac2cffcea', '7.00', '9.30', '7.90', '3.00', 'B', 1, '861305', '3120410003', '20213'),
('0b9b5353-3ed5-4848-840a-e7a2cbfa51e0', '2.50', '8.20', '5.40', '1.00', 'D', 1, '841310', '3121410146', '20221'),
('0be1aeda-401c-4e99-8ead-7d63d7dbee25', '4.10', '6.60', '5.10', '1.00', 'D', 1, '841406', '3120410515', '20202'),
('0c0fe8c8-d6f8-4198-8840-ce9b82baded7', '0.00', '10.00', '10.00', '4.00', 'A', 1, '841070', '3120410521', '20233'),
('0c1d41a6-2afb-4924-a9b0-36b6bd8cf97b', '6.00', '8.00', '7.00', '3.00', 'B', 1, '841423', '3120410003', '20221'),
('0c40ca28-7f18-4c1a-8f7d-9db990eba3b2', '7.70', '9.30', '8.30', '3.00', 'B', 1, '861301', '3120410003', '20202'),
('0c80df04-a859-400b-a4e9-1e2d3fe45f2a', '4.00', '6.00', '5.00', '1.00', 'D', 1, '841110', '3120410515', '20231'),
('0ca0e8f2-72eb-4b8b-83d0-0d77fdbc2b15', '5.80', '8.40', '6.80', '2.00', 'C', 1, '866102', '3120410521', '20231'),
('0cd8f8ee-ab84-459d-b282-9cc476b8e7bb', '5.00', '9.50', '6.80', '2.00', 'C', 1, '861303', '3120410521', '20221'),
('0cea3ced-67e8-4ba6-9cc7-721b41fccc4b', '3.30', '10.00', '6.00', '2.00', 'C', 1, '841401', '3120410003', '20201'),
('0d250b4a-50f3-40f5-8944-55c6bb492a35', '7.30', '6.60', '7.00', '3.00', 'B', 1, '841401', '3120410521', '20201'),
('0d7191a7-1522-4223-86ec-cb60a714fa7f', '7.70', '7.00', '7.40', '3.00', 'B', 1, '841044', '3120410003', '20211'),
('0d7679c3-a291-4b30-a10a-04802d8bbd19', '0.00', '8.30', '8.30', '3.00', 'B', 1, '862101', '3120410003', '20202'),
('0d93983c-66ce-4e9f-b30a-876964fde4ed', '0.00', '9.50', '9.50', '4.00', 'A', 1, '841070', '3120410003', '20233'),
('0d992692-363e-4d44-b3d1-4ff61785d44b', '0.00', '0.00', '0.00', '0.00', '', 0, '841099', '3120410521', '20241'),
('0da051c7-1c04-4c61-9464-f9f7cb89fb53', '6.60', '9.40', '8.00', '3.00', 'B', 1, '841480', '3120410003', '20222'),
('0def8937-afb4-4640-a418-98d0dc91a736', '6.50', '8.20', '7.40', '3.00', 'B', 1, '841403', '3120410521', '20201'),
('0e29a994-7a17-4da1-9a19-f4595cda4314', '5.00', '9.10', '7.10', '3.00', 'B', 1, '841463', '3120410003', '20232'),
('0e58a880-9e6b-4f8c-ab84-a34abe35b8ba', '5.00', '9.20', '7.10', '3.00', 'B', 1, '841110', '3120410003', '20222'),
('0e91552c-37a6-4467-badb-519b0e3a27bf', '8.70', '9.10', '8.90', '4.00', 'A', 1, '841303', '3120410003', '20202'),
('0ed5ddc2-f99e-4638-b1f2-61fc09877040', '0.00', '0.00', '0.00', '0.00', '', 0, '841403', '3120410515', '20241');
INSERT INTO `score` (`id`, `examScore`, `testScore`, `finalScore10`, `finalScore4`, `finalScoreLetter`, `result`, `subjectId`, `studentId`, `semesterId`) VALUES
('0f01208c-47db-4955-bce4-b897649b9cdd', '8.40', '10.00', '9.20', '4.00', 'A', 1, '841107', '3120410521', '20212'),
('0f079667-b2a9-4bfe-8f8c-462dca5c0dbc', '8.00', '9.60', '8.80', '4.00', 'A', 1, '841423', '3120410521', '20221'),
('0f17004f-521e-4417-9354-5883c2308b04', '7.40', '7.60', '7.50', '3.00', 'B', 1, '865006', '3120410003', '20202'),
('0f3ea358-4e12-4dd3-885a-298fd730b156', '0.00', '9.90', '9.90', '4.00', 'A', 1, 'BOBA11', '3120410003', '20213'),
('0f5028d3-d590-4cd6-a241-ef817e4a4d01', '8.40', '10.00', '9.20', '4.00', 'A', 1, '841107', '3120410521', '20212'),
('0f794c95-ddbd-4e41-80ad-9cc3b6d49f2f', '7.50', '8.30', '7.90', '3.00', 'B', 1, '841408', '3120410003', '20221'),
('0f9ff989-cbec-4dfc-aa0d-75d8d761a4ef', '6.50', '9.00', '7.80', '3.00', 'B', 1, '841468', '3120410521', '20231'),
('0fbe9978-a650-4217-aee8-586ab025faec', '8.50', '9.20', '8.90', '4.00', 'A', 1, '841020', '3120410003', '20201'),
('0fc0b427-4035-4356-b629-98bdd6800727', '7.90', '8.40', '8.20', '3.00', 'B', 1, '841108', '3120410003', '20211'),
('0fd5dcdc-d7c8-4b2c-aa8d-bc2b9b6a78d5', '7.80', '9.80', '8.80', '4.00', 'A', 1, '841022', '3120410003', '20211'),
('0fe26ee1-7093-40de-b6d1-4ed906a860e7', '9.00', '7.20', '8.10', '3.00', 'B', 1, '841481', '3120410003', '20232'),
('10095b85-c541-4c96-8342-1fa3bd42051b', '5.00', '9.50', '6.80', '2.00', 'C', 1, '861303', '3120410521', '20221'),
('1029e740-5135-468e-b3f3-5f35f38494d4', '10.00', '7.20', '8.60', '4.00', 'A', 1, '841422', '3120410521', '20222'),
('10382366-6527-4d62-8964-fd6e4a1de103', '0.00', '0.00', '0.00', '0.00', '', 0, '841099', '3120410003', '20241'),
('1042d6e0-bb26-4dfe-af97-6142b6135a5e', '4.20', '8.80', '6.50', '2.00', 'C', 1, '841107', '3120410515', '20212'),
('10712e3a-538a-459e-a2ac-9657d68d0048', '6.50', '7.60', '7.10', '3.00', 'B', 1, '841414', '3120410003', '20222'),
('108c2211-f1aa-4c35-a6bc-1cdbef38d05f', '6.00', '9.90', '8.00', '3.00', 'B', 1, '841110', '3120410521', '20231'),
('10aed6e5-c595-475c-ba76-ff7e40f53724', '6.40', '7.40', '6.90', '2.00', 'C', 1, '841021', '3120410003', '20201'),
('10bfaf9c-3125-4840-b147-3f87306ee8e9', '7.00', '8.10', '7.60', '3.00', 'B', 1, '841431', '3120410003', '20231'),
('10e3027f-7628-42c4-8347-ab1fa0e043d0', '4.50', '4.00', '4.30', '1.00', 'D', 1, '841405', '3121410146', '20212'),
('10f52344-f6cf-4dc3-bb58-565aaf28ab93', '0.00', '9.10', '9.10', '4.00', 'A', 1, '862409', '3120410003', '20231'),
('1113c5ed-d9e1-4f90-bfa4-1dd3a14132f0', '7.70', '9.30', '8.30', '3.00', 'B', 1, '861301', '3120410003', '20202'),
('1137bbf8-8c7d-4d37-afde-b9acee21b646', '6.80', '10.00', '8.40', '3.00', 'B', 1, '841464', '3120410521', '20212'),
('11602c41-ed1a-4635-b0c1-c8b1a5c1740b', '10.00', '7.20', '8.60', '4.00', 'A', 1, '841422', '3120410521', '20222'),
('11c474ea-956f-4e87-b705-71d3bb9d1302', '9.50', '10.00', '9.80', '4.00', 'A', 1, '841408', '3120410521', '20221'),
('12082abf-f4dd-4627-add4-b87e48dcb18b', '5.00', '7.40', '6.00', '2.00', 'C', 1, '862407', '3120410521', '20213'),
('1245f78f-d6d9-4485-ad37-185b24acdbdb', '3.50', '8.60', '5.50', '2.00', 'C', 1, '861302', '3120410515', '20213'),
('12658067-a31b-4951-9c47-5b71cd58773f', '6.50', '10.00', '8.30', '3.00', 'B', 1, '841047', '3120410521', '20221'),
('12a86ed0-9530-488f-9230-74e4195f5df8', '6.00', '9.00', '7.50', '3.00', 'B', 1, '841468', '3120410003', '20231'),
('12aa1cb0-28d0-454b-b15e-f6107ba84e13', '6.00', '7.30', '6.50', '2.00', 'C', 1, '862406', '3121410146', '20212'),
('12b614fe-b9c2-41ee-b1c1-5e92b7069ac3', '0.00', '7.30', '7.30', '3.00', 'B', 1, '862408', '3120410521', '20222'),
('12ff3ef7-988c-4f3c-8c86-15020527ad93', '0.00', '0.00', '0.00', '0.00', '', 0, '841467', '3121410092', '20241'),
('13848507-ba0f-425b-a19e-42569a032201', '9.50', '10.00', '9.80', '4.00', 'A', 1, '841408', '3120410521', '20221'),
('1446813a-0712-4461-832b-2d95f5812d33', '0.00', '0.00', '0.00', '0.00', 'F', 0, '841044', '3120410515', '20211'),
('1484e77c-a726-4ad0-bd82-85ccca54e196', '0.00', '9.10', '9.10', '4.00', 'A', 1, '862409', '3120410003', '20231'),
('14ced08c-0d9e-45fb-b6eb-d863cebfd48e', '0.00', '6.90', '6.90', '2.00', 'C', 1, 'CALO11', '3120410521', '20221'),
('14fc0a41-e468-4de9-af0d-4f0e4a2e39eb', '7.00', '9.20', '8.10', '3.00', 'B', 1, '841310', '3120410003', '20212'),
('1529d43b-e878-4f4c-9bb8-d10fe0291b3e', '8.40', '8.70', '8.60', '4.00', 'A', 1, '841404', '3120410521', '20202'),
('153e63f9-354b-4151-afd9-a7e8ae7c8fd1', '7.30', '8.70', '7.90', '3.00', 'B', 1, '841402', '3120410515', '20201'),
('154eb11b-3916-4e84-a2a1-fba40862db5c', '7.00', '8.70', '7.90', '3.00', 'B', 1, '841303', '3121410146', '20212'),
('15796c34-761a-495c-9b23-5f91a5e5464c', '6.30', '6.20', '6.30', '2.00', 'C', 1, '841058', '3120410003', '20212'),
('1596d912-1916-4ce8-aaf5-6107d5900b8a', '8.00', '8.50', '8.30', '3.00', 'B', 1, '841113', '3120410003', '20222'),
('159e33cb-de55-4af4-9350-f5fe5c8d030d', '7.60', '9.20', '8.40', '3.00', 'B', 1, '841044', '3120410521', '20211'),
('15b61b72-ccfc-40f2-bcdc-e76c6ee9cd8c', '7.00', '9.20', '8.10', '3.00', 'B', 1, '841310', '3120410003', '20212'),
('15c66f8c-f9e6-45ff-b57c-3983e98e9076', '5.00', '9.00', '6.60', '2.00', 'C', 1, '861303', '3120410515', '20221'),
('15c85dfc-cf3a-4940-a4ba-36b8171dba65', '5.80', '5.80', '5.80', '2.00', 'C', 1, '841044', '3121410092', '20221'),
('15d8193d-aa90-4356-a80f-3dd46b275b34', '0.00', '0.00', '0.00', '0.00', 'R', 0, '841072', '3120410515', '20231'),
('15e33490-8a48-4cee-a408-9cf70258987a', '8.00', '8.10', '8.00', '3.00', 'B', 1, '866102', '3120410003', '20213'),
('15efe327-a729-4f23-b106-de5b182d6bb4', '6.50', '8.80', '7.40', '3.00', 'B', 1, '861304', '3120410003', '20212'),
('16154efb-7459-4a82-bcee-23f398ff92ec', '5.80', '6.40', '6.10', '2.00', 'C', 1, '841480', '3121410092', '20232'),
('16858822-4fde-427f-9e4f-160f5bf52855', '6.50', '9.00', '7.80', '3.00', 'B', 1, '841468', '3120410521', '20231'),
('16ae2e35-75c3-4aef-93e5-543b0ca98e93', '6.50', '7.60', '7.10', '3.00', 'B', 1, '841414', '3120410003', '20222'),
('16c24587-024f-45db-9443-62e975addb37', '4.00', '4.00', '4.00', '1.00', 'D', 1, '841482', '3121410092', '20232'),
('16cc6d7d-a763-4acf-bb65-9a9441ad4c6f', '6.30', '8.00', '7.20', '3.00', 'B', 1, '841461', '3120410521', '20221'),
('16d4851f-6176-434d-9c3e-786e2415bcac', '9.50', '10.00', '9.80', '4.00', 'A', 1, '841408', '3120410521', '20221'),
('182a56db-a526-4a90-bf0a-43df033b010f', '5.00', '9.10', '7.10', '3.00', 'B', 1, '841463', '3120410003', '20232'),
('188f2163-ff83-4d2d-a568-080e7bdb52f3', '6.50', '8.80', '7.40', '3.00', 'B', 1, '861304', '3120410003', '20212'),
('18a106bd-88aa-4b05-b371-0135a03b9d5c', '8.00', '8.10', '8.00', '3.00', 'B', 1, '866103', '3120410003', '20221'),
('18ef859f-d38f-41b6-9c70-71e776224a55', '9.00', '9.30', '9.10', '4.00', 'A', 1, '862407', '3120410003', '20203'),
('1947033a-ce8a-447e-847b-23789296da09', '2.00', '8.00', '5.00', '1.00', 'D', 1, '841113', '3120410515', '20232'),
('195a7f1b-b43d-4930-ac7e-4b6620764fcd', '8.50', '9.20', '8.90', '4.00', 'A', 1, '841020', '3120410003', '20201'),
('195b298b-5747-410c-82ab-f6d336e03fba', '6.70', '7.80', '7.10', '3.00', 'B', 1, '865006', '3120410515', '20211'),
('197a99be-d387-46d4-803d-89b1f4c4bad6', '0.00', '8.00', '8.00', '3.00', 'B', 1, '841070', '3120410515', '20233'),
('19c3f3cd-7727-4650-988d-207946565e19', '7.50', '9.00', '8.10', '3.00', 'B', 1, '862406', '3120410521', '20202'),
('19df06c2-c201-40c5-b990-247a140a43c6', '8.00', '10.00', '9.00', '4.00', 'A', 1, '841419', '3120410521', '20211'),
('19e06728-a47b-495e-ac3f-2f59cc6ad875', '5.00', '9.10', '6.60', '2.00', 'C', 1, '861302', '3121410146', '20222'),
('1ab82d65-b2cd-4167-b997-6b73b32ad84a', '8.00', '8.50', '8.30', '3.00', 'B', 1, '841113', '3120410003', '20222'),
('1af82b44-358b-45c1-9cad-254cdb257c89', '0.00', '0.00', '0.00', '0.00', '', 0, '841099', '3120410003', '20241'),
('1b151ce1-c06d-4961-904f-7de25624fa74', '8.80', '7.20', '8.00', '3.00', 'B', 1, '841108', '3120410521', '20211'),
('1b91d124-d0c9-4501-866c-98b9b62d3062', '7.00', '9.20', '8.10', '3.00', 'B', 1, '841310', '3120410003', '20212'),
('1be10fb6-ae34-4e4f-9238-f3dc9c9817dd', '7.80', '7.60', '7.70', '3.00', 'B', 1, '861305', '3120410521', '20223'),
('1c888896-7ab5-4a7a-891a-f89b959084db', '6.50', '8.80', '7.40', '3.00', 'B', 1, '861304', '3120410003', '20212'),
('1cf6a7ec-f3ae-4310-9b79-ee5c2ed9ea90', '7.80', '9.80', '8.80', '4.00', 'A', 1, '841022', '3120410003', '20211'),
('1d0ae3b2-259b-4607-aa31-13e3dda89c44', '7.50', '8.30', '7.90', '3.00', 'B', 1, '841408', '3120410003', '20221'),
('1d5d5b7c-e122-44cd-a8c9-7dfa549c4d3c', '8.70', '9.10', '8.90', '4.00', 'A', 1, '841303', '3120410003', '20202'),
('1d697157-d392-41f9-86d0-d5cb0e2319b8', '9.00', '9.40', '9.20', '4.00', 'A', 1, '841480', '3120410521', '20222'),
('1e0bb6ca-6834-4ac9-8ea1-f3b0b11ad2df', '3.30', '10.00', '6.00', '2.00', 'C', 1, '841401', '3120410003', '20201'),
('1e7f6edd-b481-49e9-ab95-68da1b88ec5b', '0.00', '9.90', '9.90', '4.00', 'A', 1, 'BOBA11', '3120410003', '20213'),
('1ec14d23-1891-482e-93e9-d671a8562879', '7.40', '9.20', '8.30', '3.00', 'B', 1, '841109', '3120410003', '20211'),
('1ecc29bf-6360-49fe-91a8-9adcdb4f5b8b', '9.10', '9.60', '9.40', '4.00', 'A', 1, '841404', '3120410003', '20202'),
('1ed954f0-6278-47ef-ab05-9df7e38f28c2', '0.00', '9.50', '9.50', '4.00', 'A', 1, '841070', '3120410003', '20233'),
('1f7f0610-146a-44e8-8fb5-d7e94a36dba0', '4.40', '6.20', '5.30', '1.00', 'D', 1, '841021', '3120410515', '20201'),
('1fd217ae-b4b8-4389-a763-30a04b2207f3', '6.80', '10.00', '8.40', '3.00', 'B', 1, '841464', '3120410521', '20212'),
('1fdda6d5-dbee-481c-89da-3ebcd62959c8', '3.30', '8.20', '5.80', '2.00', 'C', 1, '841022', '3121410092', '20221'),
('2008bbbe-458e-4aa0-8531-47f3a6db4962', '7.50', '8.70', '8.00', '3.00', 'B', 1, '865006', '3121410146', '20222'),
('20103cfa-461c-4225-975b-2ec65224332d', '8.40', '8.70', '8.60', '4.00', 'A', 1, '841404', '3120410521', '20202'),
('204e5973-8ffd-4c85-a55d-ed1198e0d0d4', '1.00', '9.50', '5.30', '1.00', 'D', 1, '841047', '3120410515', '20221'),
('213c9a31-9b89-437c-9f29-2d50652f8b72', '6.30', '6.20', '6.30', '2.00', 'C', 1, '841058', '3120410003', '20212'),
('2148bbb0-d71c-4a09-9520-c2667ef8fccb', '0.00', '9.50', '9.50', '4.00', 'A', 1, '841070', '3120410003', '20233'),
('216445c1-aea3-46da-a009-4e071e12777e', '0.00', '7.70', '7.70', '3.00', 'B', 1, 'BOCH11', '3120410521', '20213'),
('21f7454b-8355-486d-9267-afbf1b3167c3', '7.50', '8.40', '8.00', '3.00', 'B', 1, '841109', '3121410146', '20221'),
('22977151-a6c2-41d5-9183-f7c8055ddc5b', '8.50', '8.30', '8.40', '3.00', 'B', 1, '841408', '3120410515', '20221'),
('2319337f-6c3b-4427-8473-1744c5b11d46', '7.80', '7.60', '7.70', '3.00', 'B', 1, '861305', '3120410521', '20223'),
('2336fe76-87ed-4c9b-87ac-dce218ef2e40', '8.30', '7.60', '8.00', '3.00', 'B', 1, '841403', '3120410003', '20201'),
('23b15a62-e096-4b90-94f8-b9ccbb7f40e7', '8.50', '9.60', '9.10', '4.00', 'A', 1, '841020', '3120410521', '20201'),
('244f7b0b-c414-4237-a11c-48a31ed658d5', '8.80', '9.80', '9.20', '4.00', 'A', 1, '866101', '3120410003', '20212'),
('246ecb4d-2948-4f66-9e63-35e137239ae0', '9.30', '9.60', '9.40', '4.00', 'A', 1, '841406', '3120410003', '20202'),
('24ab0e23-b513-461a-86c3-793b8f8a319b', '7.40', '9.20', '8.30', '3.00', 'B', 1, '841415', '3120410003', '20211'),
('24b8248e-a08a-4412-8cfc-90cc7b0e330a', '7.70', '7.00', '7.40', '3.00', 'B', 1, '841044', '3120410003', '20211'),
('24b8481d-a620-4538-91dd-62a587b2d51c', '8.40', '8.70', '8.60', '4.00', 'A', 1, '841404', '3120410521', '20202'),
('24bc2a3c-f9da-47a0-9008-e4b664d2be04', '6.50', '8.60', '7.60', '3.00', 'B', 1, '841048', '3120410521', '20212'),
('24ca8440-6517-461d-9711-d5e756fbccb5', '0.00', '9.10', '9.10', '4.00', 'A', 1, '862409', '3120410003', '20231'),
('24cda3ce-aa26-4432-870a-11cb55c393d9', '8.50', '7.20', '7.90', '3.00', 'B', 1, '841464', '3120410003', '20222'),
('24d061fa-1179-43d1-8019-a7da58626daf', '7.70', '8.00', '7.90', '3.00', 'B', 1, '841422', '3121410146', '20222'),
('24ea929d-c823-4c3a-a492-440e93f6207e', '5.50', '8.00', '6.80', '2.00', 'C', 1, '841414', '3120410521', '20222'),
('25194616-8121-4f1b-9c93-8bb948f1bcca', '7.80', '8.40', '8.10', '3.00', 'B', 1, '841022', '3120410521', '20211'),
('252c9f9d-e3c6-44fb-af24-3748ab1830ba', '5.60', '8.20', '6.90', '2.00', 'C', 1, '841047', '3121410092', '20231'),
('252dea1e-e675-4003-acbf-b4896622dcdd', '8.70', '7.20', '8.00', '3.00', 'B', 1, '841419', '3120410515', '20211'),
('259ebf2b-209e-4c4a-a29a-1ec0d9eb4c3b', '6.50', '8.60', '7.60', '3.00', 'B', 1, '841048', '3120410521', '20212'),
('2692f539-3915-40cd-8d97-a5cf596f4b8b', '8.70', '9.10', '8.90', '4.00', 'A', 1, '841303', '3120410003', '20202'),
('26ce64d8-245e-4564-9a99-cb4d8e423625', '7.00', '9.20', '8.10', '3.00', 'B', 1, '841310', '3120410521', '20212'),
('26fb3250-ecdc-4673-9f99-99b6db62108d', '8.00', '10.00', '9.00', '4.00', 'A', 1, '841419', '3120410521', '20211'),
('274450a6-495d-4f31-8c2b-84b7008c43eb', '8.70', '10.00', '9.20', '4.00', 'A', 1, '861303', '3120410003', '20211'),
('274abf51-ce13-406b-8b84-f12a9aa0eb15', '0.00', '0.00', '0.00', '0.00', '', 0, '841431', '3121410146', '20241'),
('274da407-e0a2-4444-9b05-84a9e2526b05', '7.50', '8.90', '8.20', '3.00', 'B', 1, '841461', '3120410003', '20221'),
('278c9572-be1d-44bb-b16e-6d7a32fe4627', '0.00', '7.60', '7.60', '3.00', 'B', 1, '862409', '3120410521', '20231'),
('27fb663a-67f2-45e6-b6ad-bba1dfc47f43', '5.00', '9.10', '7.10', '3.00', 'B', 1, '841463', '3120410003', '20232'),
('2813d13f-11ca-4866-ac95-2cb68a1e3769', '6.00', '6.60', '6.30', '2.00', 'C', 1, '841107', '3120410003', '20212'),
('281df404-32c5-4b63-bcee-1b8bd18165d1', '8.30', '9.10', '8.60', '4.00', 'A', 1, '841402', '3120410003', '20201'),
('2822916f-28b7-4d3a-819e-66c514e172b5', '6.50', '8.80', '7.40', '3.00', 'B', 1, '861304', '3120410003', '20212'),
('28331f61-db88-4347-8510-5ec1ede0f895', '0.00', '7.30', '7.30', '3.00', 'B', 1, '862408', '3120410521', '20222'),
('288c2192-8b99-4939-820e-e1218acfbe4b', '8.00', '9.60', '8.80', '4.00', 'A', 1, '841417', '3121410146', '20231'),
('28c3a330-f675-4b51-a49d-c422dc741db4', '5.00', '9.20', '7.10', '3.00', 'B', 1, '841110', '3120410003', '20222'),
('28ceec19-4636-432a-b505-4b1636d5d4fa', '7.00', '8.10', '7.60', '3.00', 'B', 1, '841431', '3120410003', '20231'),
('28e370b3-a1d3-401c-9637-b1fd92091705', '7.40', '9.20', '8.30', '3.00', 'B', 1, '841415', '3120410003', '20211'),
('2930cbd3-1427-4d0a-af4a-400ffee28354', '0.00', '0.00', '0.00', '0.00', 'F', 0, 'KSTA60', '3120410003', '20203'),
('29b19e65-60ee-4d97-99f5-37b6f3e6c941', '0.00', '8.00', '8.00', '3.00', 'B', 1, '862408', '3120410003', '20222'),
('29e877c7-b5bb-4533-8d8f-b2afc36e45d9', '7.70', '9.30', '8.30', '3.00', 'B', 1, '861301', '3120410003', '20202'),
('29f8e76d-3e45-4227-992a-6e0e6f182a19', '7.00', '9.30', '7.90', '3.00', 'B', 1, '861305', '3120410003', '20213'),
('2a59c0a6-ff83-4ca0-a87b-1a784b1e1f74', '0.00', '0.00', '0.00', '0.00', '', 0, '841099', '3120410521', '20241'),
('2a634bb9-a0d3-4ac3-ae08-8a5ca347afcc', '4.50', '8.80', '6.20', '2.00', 'C', 1, '861304', '3120410521', '20222'),
('2b955f10-b9b9-4d79-99cd-983087770db7', '3.00', '5.00', '4.00', '1.00', 'D', 1, '841481', '3120410515', '20222'),
('2ba36f4b-78d8-4bf1-a5d5-e72cd33fd018', '7.80', '8.50', '8.20', '3.00', 'B', 1, '841048', '3121410146', '20222'),
('2c245fb9-6956-42d6-b081-b08ac627b5e3', '6.00', '8.00', '7.00', '3.00', 'B', 1, '841423', '3120410003', '20221'),
('2c6b06bb-c65d-4941-98df-48512464fdfb', '9.30', '9.60', '9.40', '4.00', 'A', 1, '841406', '3120410003', '20202'),
('2c705c8b-f343-4225-a6d0-1d6bbc46e26a', '8.00', '8.10', '8.00', '3.00', 'B', 1, '866102', '3120410003', '20213'),
('2c75b264-85a3-4490-bccd-6fb4db420184', '4.50', '7.00', '5.50', '2.00', 'C', 1, '841401', '3120410515', '20201'),
('2c87723d-c133-4852-8307-368ce0900208', '8.40', '10.00', '9.20', '4.00', 'A', 1, '841107', '3120410521', '20212'),
('2cbf6ab3-37d9-4106-8792-afc38a1102e6', '5.00', '9.10', '7.10', '3.00', 'B', 1, '841463', '3120410003', '20232'),
('2d5892e4-a8a0-4a41-b6b4-ae7d43b40c46', '8.00', '8.10', '8.00', '3.00', 'B', 1, '866102', '3120410003', '20213'),
('2d6146ad-02df-4cdb-8531-60b0d37c5e4e', '7.40', '9.20', '8.30', '3.00', 'B', 1, '841109', '3120410003', '20211'),
('2d92dad9-e3a0-4641-b89d-386d629df9d4', '0.00', '0.00', '0.00', '0.00', 'R', 0, '866101', '3120410521', '20212'),
('2d95b437-3cc5-4aaf-8bd9-7241ce8e561b', '6.50', '8.80', '7.40', '3.00', 'B', 1, '861304', '3120410003', '20212'),
('2dc9524d-55aa-466a-bc52-6f2f61c92789', '0.00', '9.10', '9.10', '4.00', 'A', 1, '862101', '3121410146', '20213'),
('2e575637-924f-42aa-bb0b-2b89419dbb24', '7.50', '8.00', '7.70', '3.00', 'B', 1, '861301', '3120410521', '20202'),
('2f3096b0-c0fd-4d65-a9fe-ac51a7a5a136', '6.00', '9.40', '7.70', '3.00', 'B', 1, '841480', '3120410515', '20222'),
('2f6679b9-7573-4e4e-baed-e199b0268869', '0.00', '8.00', '8.00', '3.00', 'B', 1, '862408', '3120410003', '20222'),
('2feb355d-de0b-4150-a422-cecc322a0b9f', '7.40', '9.20', '8.30', '3.00', 'B', 1, '841415', '3120410003', '20211'),
('2feb59a6-aad7-45d4-a0f9-1e8c3cac54f4', '0.00', '9.50', '9.50', '4.00', 'A', 1, '841070', '3120410003', '20233'),
('2ff26f56-cd25-47ce-87f9-d47c954c9585', '4.00', '8.80', '6.40', '2.00', 'C', 1, '841310', '3120410515', '20212'),
('300d1b26-4e03-43d6-b7f1-ea9b20b0f532', '4.90', '9.30', '7.10', '3.00', 'B', 1, '841422', '3120410003', '20212'),
('307a4e3d-3f4d-49cd-982c-46e5a020caf1', '8.30', '9.10', '8.60', '4.00', 'A', 1, '841402', '3120410003', '20201'),
('316c2376-999d-4f60-a508-fd606fdc5151', '6.50', '9.10', '7.50', '3.00', 'B', 1, '861305', '3120410515', '20223'),
('316eedd3-e60a-45cc-9c6c-464a12cb0e81', '7.40', '7.60', '7.50', '3.00', 'B', 1, '865006', '3120410003', '20202'),
('31a79074-39cd-4db1-a435-1f5d559e0575', '6.50', '4.90', '5.70', '2.00', 'C', 1, '841047', '3120410003', '20221'),
('31bf34b7-20b7-4059-ba29-83347199c052', '6.20', '9.60', '7.60', '3.00', 'B', 1, '866101', '3120410521', '20223'),
('31dfb586-57cb-4502-86bf-27a13f318404', '6.70', '4.00', '5.40', '1.00', 'D', 1, '841109', '3120410515', '20211'),
('3285e77a-2b5d-4f4c-9663-48666c5dde29', '0.00', '0.00', '0.00', '0.00', 'F', 0, 'KSTA60', '3121410092', '20211'),
('32d5a28c-a77d-41fb-b29b-c0a8a960fc8f', '0.00', '0.00', '0.00', '0.00', '', 0, '841099', '3120410003', '20241'),
('3307f690-4f95-4f96-88ae-2e500ec5e54e', '8.50', '8.70', '8.60', '4.00', 'A', 1, '841402', '3120410521', '20201'),
('333219ab-d760-4eb2-8b9b-6b63ab369628', '7.30', '8.00', '7.70', '3.00', 'B', 1, '841419', '3120410003', '20211'),
('334710e6-8e3c-4c43-bf31-a68eaa7ca37f', '7.10', '6.50', '6.80', '2.00', 'C', 1, '841058', '3120410521', '20212'),
('33a0fa5e-5742-43a7-8aac-caab460ec0e0', '6.80', '6.90', '6.80', '2.00', 'C', 1, '864001', '3120410003', '20201'),
('346af417-bd52-46d8-86fd-c50d8677e9ae', '0.00', '0.00', '0.00', '0.00', 'R', 0, 'BOBA11', '3120410515', '20222'),
('34976112-ef18-4ec3-bcfd-5872defc77d2', '4.50', '9.00', '6.80', '2.00', 'C', 1, '841048', '3120410003', '20212'),
('357ed40a-b3a2-4b8a-ba96-69e46dc7c5c9', '7.80', '7.60', '7.70', '3.00', 'B', 1, '861305', '3120410521', '20223'),
('359128a1-3b26-4d76-8d31-007c3ec707ad', '6.30', '8.00', '7.20', '3.00', 'B', 1, '841461', '3120410521', '20221'),
('36b7d968-2a5c-48a9-8d00-ee8188bde6b2', '0.00', '0.00', '0.00', '0.00', '', 0, '841476', '3120410515', '20241'),
('370d5b6b-2eef-41df-a53a-c623dbd4b3b5', '0.00', '0.00', '0.00', '0.00', 'R', 0, '841072', '3120410003', '20231'),
('375d68e4-b407-45bc-80ab-76a20246ef24', '5.00', '6.00', '5.50', '2.00', 'C', 1, '841108', '3121410092', '20212'),
('3790e0a4-e400-420d-bad2-e2087db00660', '7.40', '7.60', '7.50', '3.00', 'B', 1, '865006', '3120410003', '20202'),
('37ad7d24-e1de-4d6f-b254-2ce34cb13433', '0.00', '8.10', '3.20', '0.00', 'F', 0, '841406', '3121410146', '20232'),
('38bbdf45-1ddd-4e03-95bd-2411a9327a86', '8.50', '10.00', '9.30', '4.00', 'A', 1, '841303', '3120410521', '20202'),
('38e5a33e-7643-48be-bd77-04eb1a902820', '0.00', '0.00', '0.00', '0.00', '', 0, '841467', '3121410146', '20241'),
('39498088-c1e1-42d4-8dab-8e0d2b7b6387', '7.70', '8.50', '8.00', '3.00', 'B', 1, '861302', '3120410003', '20203'),
('39de912c-72c2-47ba-aa9c-a19703a4bd6f', '4.80', '5.80', '5.30', '1.00', 'D', 1, '841404', '3121410092', '20212'),
('39e5b871-7d4c-444a-9cbc-f2fe6221f85f', '8.30', '9.10', '8.60', '4.00', 'A', 1, '841402', '3120410003', '20201'),
('3aad91fb-4f99-47fd-9ba6-1be33998a003', '7.30', '6.60', '7.00', '3.00', 'B', 1, '841401', '3120410521', '20201'),
('3ab89cff-cfc6-41f6-94d0-1e569453d1a9', '8.40', '7.80', '8.20', '3.00', 'B', 1, '841402', '3121410146', '20211'),
('3b5670ef-794c-485b-ae7b-45eb1211d4e1', '4.50', '9.00', '6.80', '2.00', 'C', 1, '841048', '3120410003', '20212'),
('3bdc87da-be92-4e2d-9d85-8d261834f3c3', '6.20', '7.50', '6.70', '2.00', 'C', 1, '866103', '3120410521', '20232'),
('3c5a580a-3ce8-4698-a0d3-54d66c7735a3', '8.50', '9.60', '9.10', '4.00', 'A', 1, '841020', '3120410521', '20201'),
('3c5c2fd8-301f-40c9-8fe6-3809483d73bd', '6.60', '9.40', '8.00', '3.00', 'B', 1, '841480', '3120410003', '20222'),
('3c85313f-4f86-4062-b891-4aeff84b72df', '7.00', '9.20', '8.10', '3.00', 'B', 1, '841310', '3120410521', '20212'),
('3c8613e8-b905-4c42-bf17-be57dc42301d', '5.00', '9.10', '7.10', '3.00', 'B', 1, '841463', '3120410003', '20232'),
('3ccddf78-34e9-4439-be86-3a897a3b35ec', '4.90', '9.30', '7.10', '3.00', 'B', 1, '841422', '3120410003', '20212'),
('3ce6bd8e-c548-4e9b-bcca-09aef4832265', '8.00', '7.80', '7.90', '3.00', 'B', 1, '862406', '3120410003', '20202'),
('3cf7d082-55fa-4e25-9d83-51ee00eec8f8', '8.70', '9.10', '8.90', '4.00', 'A', 1, '841303', '3120410003', '20202'),
('3dd69577-4dd4-4bdd-bb79-81f46101ff93', '7.00', '9.20', '8.10', '3.00', 'B', 1, '841310', '3120410521', '20212'),
('3debb40c-9a2b-4ef8-8cc6-7d5b7b1008c6', '7.70', '8.50', '8.00', '3.00', 'B', 1, '861302', '3120410003', '20203'),
('3e0f2c0a-77f4-419e-995f-8b70ac88f98a', '4.90', '9.30', '7.10', '3.00', 'B', 1, '841422', '3120410003', '20212'),
('3e357bd1-8404-434c-b687-53e8c4c7a566', '0.00', '6.90', '6.90', '2.00', 'C', 1, 'CALO11', '3120410521', '20221'),
('3e83e0b8-5b18-460d-b9f5-fe71028837f5', '4.50', '9.10', '6.80', '2.00', 'C', 1, '841463', '3120410521', '20232'),
('3ee3f816-b30a-4cb1-81bf-d7d734bf3dd0', '7.70', '9.30', '8.30', '3.00', 'B', 1, '861301', '3120410003', '20202'),
('3f3f7cd4-dfd1-4261-897f-1710ebf73023', '6.30', '8.00', '7.20', '3.00', 'B', 1, '841461', '3120410521', '20221'),
('3f8086d4-9139-467f-a9f0-69daf0bdd5a0', '1.00', '6.40', '3.70', '0.00', 'F', 0, '841414', '3120410515', '20222'),
('3ff58743-5862-4058-80fe-7429fffbf508', '6.00', '6.60', '6.30', '2.00', 'C', 1, '841107', '3120410003', '20212'),
('400e4b53-9886-4ae9-b32e-aa504a3cb285', '7.30', '9.50', '8.20', '3.00', 'B', 1, '864001', '3120410521', '20201'),
('411aafd7-962c-4b6a-906f-65085742d2bf', '0.00', '8.30', '8.30', '3.00', 'B', 1, '862101', '3120410003', '20202'),
('419de448-4cfe-4238-98c1-149805edb6dd', '7.70', '9.30', '8.30', '3.00', 'B', 1, '861301', '3120410003', '20202'),
('41c70684-a446-42db-9389-3a63fbafa969', '7.00', '8.90', '7.80', '3.00', 'B', 1, '862407', '3121410146', '20221'),
('41e54107-0503-43e2-b7ad-7e0852f7a84d', '7.70', '7.00', '7.40', '3.00', 'B', 1, '841044', '3120410003', '20211'),
('41e93c30-d100-4b9b-acd8-3d6c38df54cc', '4.00', '8.10', '6.10', '2.00', 'C', 1, '841423', '3121410092', '20231'),
('43232ee4-ad35-46ca-afa7-80ea2ef748f6', '7.00', '9.30', '7.90', '3.00', 'B', 1, '861305', '3120410003', '20213'),
('437c8260-1b0b-49f7-b6ab-d1f753cbcd2f', '8.50', '9.00', '8.80', '4.00', 'A', 1, '841481', '3121410146', '20232'),
('438f3ecf-8f55-4b6a-a333-fcf239b2fa84', '4.50', '9.00', '6.80', '2.00', 'C', 1, '841048', '3120410003', '20212'),
('43ca5332-0ae2-4d29-87ab-edc89d4f4216', '0.00', '8.00', '8.00', '3.00', 'B', 1, '862408', '3120410003', '20222'),
('43f8c729-0e9b-4841-b045-b278cdf383a4', '9.00', '9.30', '9.10', '4.00', 'A', 1, '862407', '3120410003', '20203'),
('442c3e36-5c1b-44b0-8878-fd26ba0001c1', '4.50', '8.80', '6.20', '2.00', 'C', 1, '861304', '3120410521', '20222'),
('44c007dc-aedf-4271-8909-41ae85f68ed6', '7.30', '6.60', '7.00', '3.00', 'B', 1, '841401', '3120410521', '20201'),
('44e3fb86-194a-41c2-85e0-146aa3cd38f4', '6.60', '9.40', '8.00', '3.00', 'B', 1, '841480', '3120410003', '20222'),
('44f6c0ee-72b4-4874-bd84-6142e6b1ccff', '6.00', '8.00', '7.00', '3.00', 'B', 1, '841423', '3120410003', '20221'),
('4519638c-5320-4e33-b76e-c3d5d3b0b51e', '0.00', '6.10', '6.10', '2.00', 'C', 1, 'BOCH11', '3120410515', '20223'),
('45901a82-65ea-4a01-9edd-05b1590ab96f', '6.00', '6.30', '6.10', '2.00', 'C', 1, '841406', '3120410521', '20202'),
('45c0d417-3fb7-46c3-94c5-db2476025547', '6.00', '9.20', '7.60', '3.00', 'B', 1, '841431', '3120410521', '20231'),
('462e8063-e94f-4533-a45b-70ff4aade083', '10.00', '7.20', '8.60', '4.00', 'A', 1, '841422', '3120410521', '20222'),
('46a0b038-8b57-4d84-a817-0bf1444b759a', '8.00', '8.10', '8.00', '3.00', 'B', 1, '866103', '3120410003', '20221'),
('472d1e59-f3e2-4be1-bc0c-f49a220f90cd', '8.80', '7.20', '8.00', '3.00', 'B', 1, '841108', '3120410521', '20211'),
('47cb024a-90bd-4d25-bc38-ab34b371e63b', '9.30', '9.60', '9.40', '4.00', 'A', 1, '841406', '3120410003', '20202'),
('47db812e-a0ed-47d7-9ece-d5f9ec87cc14', '7.50', '8.90', '8.20', '3.00', 'B', 1, '841461', '3120410003', '20221'),
('482ca47f-34c4-4a2f-bd25-564ae09cfe46', '6.60', '9.40', '8.00', '3.00', 'B', 1, '841480', '3120410003', '20222'),
('484b9111-1e5e-4bb8-869a-369fd391232d', '7.30', '9.50', '8.20', '3.00', 'B', 1, '864001', '3120410521', '20201'),
('48ad71dc-4c47-4246-b9b3-f806b6a5d830', '6.60', '9.40', '8.00', '3.00', 'B', 1, '841480', '3120410003', '20222'),
('48d64d89-268d-4a52-947a-972724c878ee', '8.80', '9.80', '9.20', '4.00', 'A', 1, '866101', '3120410003', '20212'),
('4992b632-5976-44bf-b5a0-213ac2d9dd82', '0.00', '8.50', '8.50', '4.00', 'A', 1, 'CALO11', '3120410515', '20221'),
('49993f29-a4cc-41f9-9a16-28a8b726848d', '9.50', '10.00', '9.80', '4.00', 'A', 1, '841408', '3120410521', '20221'),
('49d2f644-1c9e-4a9d-aa00-733111283855', '6.80', '10.00', '8.40', '3.00', 'B', 1, '841464', '3120410521', '20212'),
('49d9799e-cae6-4a9d-b898-878de9cfbc07', '7.70', '8.50', '8.00', '3.00', 'B', 1, '861302', '3120410003', '20203'),
('4a2b2566-3295-43c6-a319-d39179e37bb5', '0.00', '7.10', '7.10', '3.00', 'B', 1, 'BOCH11', '3121410146', '20231'),
('4a30b6ae-1106-4506-a829-7528d8014b04', '9.30', '9.60', '9.40', '4.00', 'A', 1, '841406', '3120410003', '20202'),
('4a7653fc-6b60-41f7-b084-579b509eafff', '7.50', '8.90', '8.20', '3.00', 'B', 1, '841461', '3120410003', '20221'),
('4a81d981-d40f-43ae-a8ee-589f67ab5b5e', '0.00', '7.30', '7.30', '3.00', 'B', 1, '862408', '3120410521', '20222'),
('4ad0407e-ddf0-4e4f-b486-a196452422ca', '5.50', '8.40', '6.70', '2.00', 'C', 1, '861303', '3121410092', '20231'),
('4af8ec37-775b-4696-9e90-44be9f21b4b5', '0.00', '0.00', '0.00', '0.00', '', 0, '841099', '3120410521', '20241'),
('4b38a96c-c76c-4bc6-b7d6-2bc6f5c22e4b', '6.00', '9.00', '7.50', '3.00', 'B', 1, '841468', '3120410003', '20231'),
('4c502a03-7dc1-4fdb-bf53-489580bd7a9c', '0.00', '9.50', '9.50', '4.00', 'A', 1, '841070', '3120410003', '20233'),
('4cc01055-0752-4b05-806b-b043d16044cb', '0.00', '5.30', '5.30', '1.00', 'D', 1, '862101', '3120410515', '20202'),
('4cef573b-b31b-4e65-8c3f-e345e9275390', '6.50', '8.20', '7.40', '3.00', 'B', 1, '841403', '3120410521', '20201'),
('4d2b31de-e81f-44cb-8b7a-1f346bc0c64c', '7.40', '9.20', '8.30', '3.00', 'B', 1, '841415', '3120410003', '20211'),
('4d2efd62-70c7-4684-9929-fbeb4313c6e3', '3.70', '8.80', '6.30', '2.00', 'C', 1, '841058', '3121410092', '20222'),
('4deac401-c4ed-4fb4-8cb2-af3164733e1a', '0.00', '7.60', '7.60', '3.00', 'B', 1, '862409', '3120410521', '20231'),
('4e0d1e38-2792-4f7c-a409-6a5dea773f2c', '6.00', '7.80', '6.70', '2.00', 'C', 1, '864001', '3120410515', '20201'),
('4e71da76-c16d-4c6d-9ad2-699b8250f517', '0.00', '0.00', '0.00', '0.00', 'F', 0, 'KSTA60', '3120410521', '20203'),
('4edad114-1514-4550-a9ea-85a1f8c21ed9', '6.80', '6.90', '6.80', '2.00', 'C', 1, '864001', '3120410003', '20201'),
('4f08b7fd-3c09-48cb-afdc-327aa1a5d315', '8.30', '8.50', '8.40', '3.00', 'B', 1, '841461', '3121410092', '20231'),
('4f1c8c91-0715-42dd-a7a7-1695af930865', '0.00', '8.00', '8.00', '3.00', 'B', 1, '862408', '3120410003', '20222'),
('4f24079f-0d9b-44b8-a60f-68b009065d93', '8.30', '9.10', '8.60', '4.00', 'A', 1, '841402', '3120410003', '20201'),
('4f959f34-ec9c-42c8-a81d-dcf7e747d149', '4.50', '8.00', '6.30', '2.00', 'C', 1, '841461', '3120410515', '20221'),
('4fafc1a4-4e8d-47fa-8a11-31b7e1606c34', '7.80', '9.80', '8.80', '4.00', 'A', 1, '841022', '3120410003', '20211'),
('50083e50-af5a-4d64-9b6d-869664052370', '9.00', '9.30', '9.10', '4.00', 'A', 1, '862407', '3120410003', '20203'),
('5136c5d4-b353-4722-93d2-80e848ab4c8a', '8.30', '8.10', '8.20', '3.00', 'B', 1, '861304', '3121410146', '20233'),
('5220e639-0d5e-49dc-9023-3c6877999191', '7.00', '10.00', '8.50', '4.00', 'A', 1, '841461', '3121410146', '20231'),
('52396213-a8c0-437b-9ad8-4e813c0287f6', '9.00', '9.30', '9.10', '4.00', 'A', 1, '862407', '3120410003', '20203'),
('523a67ea-e05a-410c-8c8a-0cc24669bdb6', '8.00', '10.00', '9.00', '4.00', 'A', 1, '841419', '3120410521', '20211'),
('52932e67-80e3-45a0-bada-d5f61baff1a1', '7.40', '9.20', '8.30', '3.00', 'B', 1, '841109', '3120410003', '20211'),
('5396085d-4323-484f-bdcc-a350307a9bfc', '9.30', '9.60', '9.40', '4.00', 'A', 1, '841406', '3120410003', '20202'),
('53a15358-1e66-4690-affb-26a3d2d05dc2', '9.00', '7.20', '8.10', '3.00', 'B', 1, '841481', '3120410003', '20232'),
('53e035b2-7157-432f-a2f4-e7fdc2f89e84', '8.70', '10.00', '9.20', '4.00', 'A', 1, '861303', '3120410003', '20211'),
('53e58c95-e234-451b-86cf-3a89bbd3b123', '10.00', '7.20', '8.60', '4.00', 'A', 1, '841422', '3120410521', '20222'),
('544c5324-8287-4897-8c51-beb3c2c1c1ca', '7.00', '9.30', '7.90', '3.00', 'B', 1, '861305', '3120410003', '20213'),
('54ce2b08-7f67-49f8-874e-31b05c9cfc59', '7.20', '8.50', '7.70', '3.00', 'B', 1, '841401', '3121410146', '20211'),
('5540bee7-7ad0-489d-b067-4c2065eae9c4', '9.70', '9.20', '9.50', '4.00', 'A', 1, '841020', '3121410146', '20211'),
('55695165-d465-4e48-b012-7f79c4f44445', '6.50', '4.90', '5.70', '2.00', 'C', 1, '841047', '3120410003', '20221'),
('55c89e23-3c92-459e-9d38-676322ca2a08', '7.40', '7.60', '7.50', '3.00', 'B', 1, '865006', '3120410003', '20202'),
('55d699f2-713a-4b26-a71e-ed2e96b9be3b', '7.70', '8.50', '8.00', '3.00', 'B', 1, '861302', '3120410003', '20203'),
('5651f2a6-1277-4a4d-bb83-e09602029ac6', '5.00', '7.40', '6.00', '2.00', 'C', 1, '862407', '3120410521', '20213'),
('5693e1bb-10f6-4780-9dbf-c1904cb38ddb', '0.00', '8.60', '8.60', '4.00', 'A', 1, 'CALO11', '3120410003', '20221'),
('56b38ba6-90c8-47a8-9f4d-30e35b249434', '8.30', '7.60', '8.00', '3.00', 'B', 1, '841403', '3120410003', '20201'),
('56b60b0a-1430-458a-b00e-67725d0dcda9', '7.70', '7.00', '7.40', '3.00', 'B', 1, '841044', '3120410003', '20211'),
('579d229f-9cb8-4ed8-bb8c-4af41a369f21', '4.50', '8.80', '6.70', '2.00', 'C', 1, '841419', '3121410146', '20221'),
('57bf4f75-0ba6-40a5-a5aa-8eeea23ed76c', '0.00', '0.00', '0.00', '0.00', '', 0, '841482', '3120410515', '20241');
INSERT INTO `score` (`id`, `examScore`, `testScore`, `finalScore10`, `finalScore4`, `finalScoreLetter`, `result`, `subjectId`, `studentId`, `semesterId`) VALUES
('57e3796b-8fe7-4cfc-9799-1ec7fb0d5fa3', '6.50', '9.00', '7.80', '3.00', 'B', 1, '841468', '3120410521', '20231'),
('57eda2b3-f9fc-45cd-97ea-97b4d57e04cf', '5.00', '9.10', '7.10', '3.00', 'B', 1, '841463', '3120410003', '20232'),
('57f539f9-fb5c-4362-8a27-0a2a96104852', '5.00', '9.50', '6.80', '2.00', 'C', 1, '861303', '3120410521', '20221'),
('587d7132-70a0-48b6-a445-2fa1aa8f2591', '4.00', '5.20', '4.60', '1.00', 'D', 1, '841022', '3121410146', '20221'),
('58af6608-2d49-4bdd-86de-23b4a4b2dc98', '0.00', '8.60', '8.60', '4.00', 'A', 1, 'CALO11', '3120410003', '20221'),
('58f6274c-69be-415c-8fa3-c5c765518041', '6.50', '8.60', '7.30', '3.00', 'B', 1, '861302', '3120410521', '20213'),
('5929acaa-5f13-485c-8d4c-aa44a4746c44', '7.60', '9.20', '8.40', '3.00', 'B', 1, '841044', '3120410521', '20211'),
('597537f8-20ec-42b0-8aae-433eb7056b05', '5.00', '8.80', '6.90', '2.00', 'C', 1, '841404', '3120410515', '20202'),
('59a94af0-97a7-4421-b987-cf4595d421c9', '4.00', '8.20', '6.10', '2.00', 'C', 1, '841431', '3120410515', '20231'),
('59e0a9a4-ec30-4661-9010-5aa7da7f1746', '0.00', '9.90', '9.90', '4.00', 'A', 1, 'BOBA11', '3120410003', '20213'),
('5a1e1f63-668d-4f04-9d92-8059ffcc9df6', '6.50', '8.80', '7.40', '3.00', 'B', 1, '861304', '3120410003', '20212'),
('5aeccfae-d9b1-402f-9315-ed66eefc237c', '8.00', '10.00', '9.00', '4.00', 'A', 1, '841419', '3120410521', '20211'),
('5afd2aa9-14bd-4d44-9eca-97975b045ca3', '0.00', '0.00', '0.00', '0.00', 'F', 0, 'KSTA60', '3120410003', '20203'),
('5b8917d9-b4a1-4d60-b9a8-7ca0499ca544', '0.50', '7.80', '4.20', '1.00', 'D', 1, '841423', '3120410515', '20221'),
('5ba91592-c0ca-4bfd-b2f1-1e5ea236ced8', '0.00', '0.00', '0.00', '0.00', 'R', 0, '866101', '3120410521', '20212'),
('5bb4417f-2ee3-4f58-9e63-04162d3abf47', '8.50', '9.60', '9.10', '4.00', 'A', 1, '841020', '3120410521', '20201'),
('5bc43567-dbfa-4c2e-ad7c-54d052c6003f', '6.20', '7.50', '6.70', '2.00', 'C', 1, '866103', '3120410521', '20232'),
('5c4874ad-fa51-43e2-b043-3c011eb80e12', '6.00', '9.30', '7.70', '3.00', 'B', 1, '841113', '3120410521', '20232'),
('5c5909b7-9e27-48a3-83d1-b242cea09c21', '8.00', '7.80', '7.90', '3.00', 'B', 1, '862406', '3120410003', '20202'),
('5c70049f-1d2f-476f-9ee9-991a7cb5fb14', '0.00', '8.30', '8.30', '3.00', 'B', 1, '862101', '3120410003', '20202'),
('5cb82bc1-970d-4b6f-8301-3c25ac1bb0df', '5.80', '8.40', '6.80', '2.00', 'C', 1, '866102', '3120410521', '20231'),
('5cd0b588-df1f-4f15-85d9-9b18b2dca176', '7.80', '8.80', '8.30', '3.00', 'B', 1, '841044', '3121410146', '20221'),
('5d3ccd18-3e68-460d-b6fa-3979d376e2f0', '8.40', '8.70', '8.60', '4.00', 'A', 1, '841404', '3120410521', '20202'),
('5d4b57a0-97cf-4481-971a-bc17643b2fee', '0.00', '0.00', '0.00', '0.00', '', 0, '862409', '3121410092', '20241'),
('5d5387b9-2c3f-4d33-8f99-ab4102b3565c', '0.00', '8.60', '8.60', '4.00', 'A', 1, 'CALO11', '3120410003', '20221'),
('5f27c9a3-96aa-4f9a-89b4-9de49f8a4f87', '8.70', '10.00', '9.20', '4.00', 'A', 1, '861303', '3120410003', '20211'),
('5f35927a-2893-4a19-93e6-b3f2b040d3d9', '7.00', '8.60', '7.80', '3.00', 'B', 1, '841109', '3121410092', '20221'),
('5f74e483-9b2b-4596-b1a6-7edfcb42f9a7', '8.00', '7.80', '7.90', '3.00', 'B', 1, '862406', '3120410003', '20202'),
('5f7769c5-43ac-42a6-a98d-c7b1cbdfbf18', '8.80', '9.80', '9.20', '4.00', 'A', 1, '866101', '3120410003', '20212'),
('5f985b1a-fc40-46fd-83e0-a51cb9f9dab8', '8.00', '8.10', '8.00', '3.00', 'B', 1, '866103', '3120410003', '20221'),
('5fa8c39a-514a-4e1e-b065-f27253548d98', '0.00', '7.60', '7.60', '3.00', 'B', 1, '862409', '3120410521', '20231'),
('5fe89b98-f3a9-400d-ac86-5d0415e2e72f', '0.00', '8.60', '8.60', '4.00', 'A', 1, 'CALO11', '3120410003', '20221'),
('609858ad-3b58-48de-a9a9-2654d079ec76', '8.00', '7.80', '7.90', '3.00', 'B', 1, '862406', '3120410003', '20202'),
('60c63a0e-2fe7-4f65-bc10-eb6bb51cde15', '9.00', '9.30', '9.10', '4.00', 'A', 1, '862407', '3120410003', '20203'),
('612d0067-d2e6-4a1e-8cff-61cda73a4e8f', '9.10', '9.60', '9.40', '4.00', 'A', 1, '841404', '3120410003', '20202'),
('613578c6-06f0-41c6-9b35-deeb549c9b27', '7.60', '9.20', '8.40', '3.00', 'B', 1, '841044', '3120410521', '20211'),
('615d766c-c1c9-4814-b65d-230ac53a8bd1', '5.00', '9.20', '7.10', '3.00', 'B', 1, '841110', '3120410003', '20222'),
('61b7ef15-6940-4198-803e-53cdaa0c7aa8', '4.80', '6.60', '5.70', '2.00', 'C', 1, '841404', '3121410146', '20212'),
('61bb7c69-9284-4f13-870c-b49a851dd525', '0.00', '0.00', '0.00', '0.00', 'F', 0, 'KSTA60', '3120410003', '20203'),
('61e0880f-f77f-4dab-9d1c-a37d6acb70bf', '1.50', '8.20', '4.90', '1.00', 'D', 1, '841468', '3120410515', '20231'),
('61e0d2b3-57d0-45ae-b5ac-b3462f37532e', '0.00', '8.40', '8.40', '3.00', 'B', 1, '862101', '3121410092', '20213'),
('624763a3-d467-4384-8cc5-335b79bd98cc', '6.00', '8.00', '7.00', '3.00', 'B', 1, '841423', '3120410003', '20221'),
('62879b76-1ce8-4b61-b8b0-ca9bbe3fe9f7', '4.50', '9.00', '6.80', '2.00', 'C', 1, '841048', '3120410003', '20212'),
('62a5c954-218e-4e62-8db5-a2a29e4e7c2d', '8.00', '8.10', '8.00', '3.00', 'B', 1, '866102', '3120410003', '20213'),
('62e76024-f29e-4e82-b395-1d35c4dd05e9', '7.10', '6.50', '6.80', '2.00', 'C', 1, '841058', '3120410521', '20212'),
('6369edcb-24b8-46c9-bb58-f4831cc76da9', '8.00', '8.10', '8.00', '3.00', 'B', 1, '866102', '3120410003', '20213'),
('63b3dd62-8207-40d1-92db-dc829483eadc', '8.50', '8.70', '8.60', '4.00', 'A', 1, '841402', '3120410521', '20201'),
('643eccf8-751d-4303-8e17-c74631dd14db', '3.30', '10.00', '6.00', '2.00', 'C', 1, '841401', '3120410003', '20201'),
('64cad8f5-a48e-4eea-b22d-ac2e0858e95c', '6.40', '7.40', '6.90', '2.00', 'C', 1, '841021', '3120410003', '20201'),
('64dd725d-c803-412d-900a-9a6b81fbd24e', '4.90', '9.30', '7.10', '3.00', 'B', 1, '841422', '3120410003', '20212'),
('651e495a-43fa-42da-93ad-1682b58d3009', '6.50', '4.90', '5.70', '2.00', 'C', 1, '841047', '3120410003', '20221'),
('65955b1d-d19f-43a5-b741-6bd2f9919428', '7.40', '9.20', '8.30', '3.00', 'B', 1, '841109', '3120410003', '20211'),
('65b789cd-f9db-462f-824b-b6f4592b18dc', '6.40', '7.40', '6.90', '2.00', 'C', 1, '841021', '3120410003', '20201'),
('65f462a4-aeb5-4329-8345-cf8e731b23b8', '8.40', '10.00', '9.20', '4.00', 'A', 1, '841107', '3120410521', '20212'),
('6611fd7f-828d-4b82-8caa-cc202608b866', '6.50', '7.60', '7.10', '3.00', 'B', 1, '841414', '3120410003', '20222'),
('66c0eca0-adc4-4bd3-9928-ced1e8f891c2', '7.10', '6.50', '6.80', '2.00', 'C', 1, '841058', '3120410521', '20212'),
('66caf818-10ff-44f9-a6b6-11765a60eb30', '6.00', '6.30', '6.10', '2.00', 'C', 1, '841406', '3120410521', '20202'),
('670b224d-31bf-4ad7-ba98-2a3efe7ca854', '7.40', '8.40', '7.90', '3.00', 'B', 1, '841109', '3120410521', '20211'),
('6817353b-1f52-418f-a362-a242f251ab99', '0.00', '8.00', '8.00', '3.00', 'B', 1, '862408', '3120410003', '20222'),
('689207ec-875b-4765-b700-fcc586961a8d', '7.90', '8.40', '8.20', '3.00', 'B', 1, '841108', '3120410003', '20211'),
('689314cc-308f-4662-9cbe-b770fa82be25', '8.50', '7.20', '7.90', '3.00', 'B', 1, '841464', '3120410003', '20222'),
('68ca2da9-189f-41a3-9b59-36e448c6148e', '0.00', '10.00', '10.00', '4.00', 'A', 1, '841070', '3120410521', '20233'),
('68d7c1c6-1d8c-4ab0-85b0-156ba5b4de76', '7.30', '6.00', '6.70', '2.00', 'C', 1, '841422', '3120410515', '20222'),
('6925ad5b-be67-4a0b-bc2b-8ad48d80e1d4', '7.80', '8.40', '8.10', '3.00', 'B', 1, '841022', '3120410521', '20211'),
('699ce4d7-fb50-4e35-9d51-a8dbe7b8b1c3', '3.30', '10.00', '6.00', '2.00', 'C', 1, '841401', '3120410003', '20201'),
('6ae2f927-a457-4222-8240-2232f3ea6736', '0.00', '0.00', '0.00', '0.00', 'F', 0, 'KSTA60', '3120410003', '20203'),
('6aed29aa-77c4-42f4-a32d-9ad52ad8bfdc', '6.00', '6.60', '6.30', '2.00', 'C', 1, '841107', '3120410003', '20212'),
('6b647853-1521-409d-94c3-a787e5221616', '8.80', '7.20', '8.00', '3.00', 'B', 1, '841108', '3120410521', '20211'),
('6da066a7-fdb2-4f97-9802-5ea987aba5a3', '0.00', '0.00', '0.00', '0.00', '', 0, '841099', '3120410521', '20241'),
('6e0b7448-7c03-47c5-b772-927958237ff0', '7.00', '9.20', '8.10', '3.00', 'B', 1, '841021', '3120410521', '20201'),
('6e3393a2-8eba-42db-b05d-b2ad37e74c3d', '9.20', '8.50', '8.90', '4.00', 'A', 1, '841021', '3121410146', '20211'),
('6e7a867a-4590-4284-ac94-6b4fa1ee0548', '0.00', '9.10', '9.10', '4.00', 'A', 1, '862101', '3120410521', '20212'),
('6f358135-c888-457c-b73d-9050d93d9b73', '2.50', '8.40', '5.50', '2.00', 'C', 1, '841464', '3120410515', '20212'),
('7010ffe6-3daf-4377-a805-4fca4c618971', '5.00', '9.20', '7.10', '3.00', 'B', 1, '841110', '3120410003', '20222'),
('7045684b-f345-401d-893a-6f44572982d3', '7.30', '8.00', '7.70', '3.00', 'B', 1, '841419', '3120410003', '20211'),
('7094370b-4f5c-4e5a-a30e-8a98478292e2', '7.00', '8.10', '7.60', '3.00', 'B', 1, '841431', '3120410003', '20231'),
('70c4f314-fb9c-4f1f-8537-083fb0eabe6a', '0.00', '8.70', '8.70', '4.00', 'A', 1, '862408', '3121410146', '20232'),
('70e19a0b-cbb9-4d18-b7eb-0beee155767e', '0.00', '6.90', '6.90', '2.00', 'C', 1, 'CALO11', '3120410521', '20221'),
('71327654-7d78-4266-bc70-2f7c2bb33e2a', '7.30', '6.60', '7.00', '3.00', 'B', 1, '841401', '3120410521', '20201'),
('71542744-d88d-4b0c-bb85-4485e8f11818', '0.00', '8.00', '8.00', '3.00', 'B', 1, '862408', '3120410003', '20222'),
('71b541bd-f9fe-4d30-aa4a-9e579c9393a0', '0.00', '0.00', '0.00', '0.00', '', 0, '841099', '3120410003', '20241'),
('72291370-0a8a-4121-8878-7a620a588de9', '0.00', '6.70', '6.70', '2.00', 'C', 1, '862409', '3120410515', '20231'),
('72adb177-b1bc-45d0-8cef-559fe294fb77', '9.30', '9.60', '9.40', '4.00', 'A', 1, '841406', '3120410003', '20202'),
('72c80176-9835-4178-90f3-8a3f15886b9b', '9.00', '7.20', '8.10', '3.00', 'B', 1, '841481', '3120410003', '20232'),
('72f7a2a4-1b95-4e4c-b26f-448a2d352b54', '8.00', '8.50', '8.30', '3.00', 'B', 1, '841113', '3120410003', '20222'),
('7378f771-1b60-4b70-b646-db6fb9a098e8', '6.00', '9.00', '7.50', '3.00', 'B', 1, '841468', '3120410003', '20231'),
('738b4fc7-e26b-4fb6-8fe8-98adb56535aa', '5.50', '8.70', '6.80', '2.00', 'C', 1, '861303', '3121410146', '20231'),
('7393d90f-a038-4fa0-a9d9-496f06e7d1e4', '6.50', '4.90', '5.70', '2.00', 'C', 1, '841047', '3120410003', '20221'),
('73bb9c5c-9362-4b45-8ba1-801ca6f18e64', '7.90', '8.40', '8.20', '3.00', 'B', 1, '841108', '3120410003', '20211'),
('73f019fb-9f65-4855-89f0-f608eb74300b', '7.80', '8.40', '8.10', '3.00', 'B', 1, '841022', '3120410521', '20211'),
('74a7b788-1e19-4ac5-b21b-aa193e04c4fc', '8.30', '9.10', '8.60', '4.00', 'A', 1, '841402', '3120410003', '20201'),
('74ce813f-8837-4580-a83d-cd724b5b5878', '8.50', '9.60', '9.10', '4.00', 'A', 1, '841020', '3120410521', '20201'),
('7575d61d-9ebb-4659-b0bd-856ccefa4a74', '0.00', '8.00', '8.00', '3.00', 'B', 1, '862408', '3121410092', '20222'),
('75be8dd0-6389-48f3-824e-dd63c81e3988', '8.00', '8.10', '8.00', '3.00', 'B', 1, '866102', '3120410003', '20213'),
('75ca30d7-3b77-4fde-a6fd-ec7b468fd94b', '4.50', '9.00', '6.80', '2.00', 'C', 1, '841048', '3120410003', '20212'),
('76365eca-5992-4a64-9f6a-a4cdde288fce', '0.00', '9.90', '9.90', '4.00', 'A', 1, 'BOBA11', '3120410003', '20213'),
('769b52bc-b2a7-4ef9-be12-02bc418936a5', '8.00', '7.80', '7.90', '3.00', 'B', 1, '862406', '3120410003', '20202'),
('76a6ed48-3955-4fcc-a0e0-49d9f6d39b52', '0.00', '0.00', '0.00', '0.00', 'R', 0, '841072', '3120410003', '20231'),
('7737d591-3bcc-4b6d-845d-c67c5f3cb828', '4.50', '8.80', '6.20', '2.00', 'C', 1, '861304', '3120410521', '20222'),
('77486259-7510-4296-bdbd-fc51fd79ad82', '6.80', '6.90', '6.80', '2.00', 'C', 1, '864001', '3120410003', '20201'),
('77b0c7eb-6c1a-4101-b721-ca679a24439c', '0.00', '8.30', '8.30', '3.00', 'B', 1, '862101', '3120410003', '20202'),
('77ba0adf-c075-4dba-b13e-bf5de5b26876', '8.80', '9.80', '9.20', '4.00', 'A', 1, '866101', '3120410003', '20212'),
('791817a9-474c-42e4-ba6d-c913d3d0c1cd', '6.00', '7.90', '6.80', '2.00', 'C', 1, '861302', '3121410092', '20222'),
('7956c3fe-d453-40e3-b8b9-f58c27c90869', '7.80', '8.40', '8.10', '3.00', 'B', 1, '841022', '3120410521', '20211'),
('79880160-1682-4a32-8bd2-16f7916e6dfb', '7.00', '9.30', '7.90', '3.00', 'B', 1, '861305', '3120410003', '20213'),
('79990822-dcdc-45b5-b410-07de7c52adda', '4.50', '8.80', '6.20', '2.00', 'C', 1, '861304', '3120410521', '20222'),
('7a0f2a6b-d07b-45ad-a9bb-cf40a2387c51', '0.00', '9.10', '9.10', '4.00', 'A', 1, '862409', '3120410003', '20231'),
('7a8b95e4-ec8a-4bf2-8f40-264cf4685693', '0.00', '0.00', '0.00', '0.00', '', 0, '841468', '3121410092', '20241'),
('7ad4ca72-b34c-43ac-8901-694b667b64f6', '8.50', '8.70', '8.60', '4.00', 'A', 1, '841402', '3120410521', '20201'),
('7b25c74d-2b6d-4029-aa79-f7a578591ad6', '7.50', '8.70', '8.00', '3.00', 'B', 1, '865006', '3121410092', '20212'),
('7bb41dde-b94c-4323-816f-7bb9b8097075', '6.50', '8.00', '7.10', '3.00', 'B', 1, '861301', '3121410092', '20221'),
('7c23b165-6454-45cf-805d-44048bdce9b9', '7.30', '8.00', '7.70', '3.00', 'B', 1, '841419', '3120410003', '20211'),
('7d560ac2-cf49-488f-8c8d-fb60b521e814', '6.30', '6.20', '6.30', '2.00', 'C', 1, '841058', '3120410003', '20212'),
('7d6b3fe6-2a5a-4645-9584-bbe2029fe679', '7.50', '8.30', '7.90', '3.00', 'B', 1, '841408', '3120410003', '20221'),
('7e24a0f4-64be-4e0d-bf05-6650aacece7e', '5.00', '9.20', '7.10', '3.00', 'B', 1, '841110', '3120410003', '20222'),
('7e688392-048b-48af-877e-fb1a955a89ca', '7.70', '7.00', '7.40', '3.00', 'B', 1, '841044', '3120410003', '20211'),
('7ebad5f5-b378-42d0-9104-8648eac6970f', '5.50', '8.00', '6.80', '2.00', 'C', 1, '841414', '3120410521', '20222'),
('7ec2e2c0-2cf5-4919-bbf5-17f0538fff76', '7.00', '8.80', '7.90', '3.00', 'B', 1, '841408', '3121410092', '20231'),
('7ed4b904-ad84-4c19-8ef5-827573110b7c', '0.00', '9.10', '9.10', '4.00', 'A', 1, '862409', '3120410003', '20231'),
('7efc428d-ce42-4bde-a21b-c9ee3d843f14', '7.10', '6.50', '6.80', '2.00', 'C', 1, '841058', '3120410521', '20212'),
('7fb1ed03-5123-477e-b412-270d9513d8d3', '4.50', '5.00', '4.80', '1.00', 'D', 1, '841481', '3120410521', '20222'),
('807a9065-cd93-40e2-99e8-37d4782467b0', '8.70', '10.00', '9.20', '4.00', 'A', 1, '861303', '3120410003', '20211'),
('80ec3702-a942-407f-b8b1-125ea554e361', '8.50', '7.20', '7.90', '3.00', 'B', 1, '841464', '3120410003', '20222'),
('814a321d-7109-47c1-b972-1c12c6e022eb', '8.50', '8.70', '8.60', '4.00', 'A', 1, '841402', '3120410521', '20201'),
('816500b5-d0a5-4881-9c9e-7370bd363103', '7.70', '7.80', '7.80', '3.00', 'B', 1, '841403', '3121410146', '20211'),
('81b9c289-b159-4d92-b52a-aad98304c02f', '6.50', '8.60', '7.60', '3.00', 'B', 1, '841048', '3120410521', '20212'),
('827f9933-0e04-411f-992a-a70198b6df45', '7.90', '8.40', '8.20', '3.00', 'B', 1, '841108', '3120410003', '20211'),
('82b19366-3aab-41a9-86c0-e51cf918d8e0', '7.30', '8.00', '7.70', '3.00', 'B', 1, '841419', '3120410003', '20211'),
('8332963f-9d18-4b26-a80e-433a2f57c732', '0.00', '7.70', '7.70', '3.00', 'B', 1, 'BOCH11', '3120410521', '20213'),
('8421ae20-2252-4c0b-b800-00c12c444207', '9.00', '8.20', '8.60', '4.00', 'A', 1, '841481', '3120410521', '20232'),
('842821db-d5fa-4146-8919-cba41aa0bbf6', '6.40', '7.40', '6.90', '2.00', 'C', 1, '841021', '3120410003', '20201'),
('84a9a79a-d5e2-463f-bd0f-7d7eb66dc51e', '6.50', '4.90', '5.70', '2.00', 'C', 1, '841047', '3120410003', '20221'),
('8514df4d-f9c0-452d-876f-d5af571ee75b', '6.30', '6.20', '6.30', '2.00', 'C', 1, '841058', '3120410003', '20212'),
('855d83dd-74a8-4c41-bddd-5fc174856cdf', '7.50', '8.90', '8.20', '3.00', 'B', 1, '841461', '3120410003', '20221'),
('85de62a5-77d1-4c73-9092-4b35f6a39b93', '4.50', '5.00', '4.80', '1.00', 'D', 1, '841481', '3120410521', '20222'),
('8602902b-3f1d-4efd-ae00-1087f2eae2b9', '6.30', '6.20', '6.30', '2.00', 'C', 1, '841058', '3120410003', '20212'),
('86b5fe9d-121f-439d-9fac-bbc8a2b9493d', '0.00', '9.10', '9.10', '4.00', 'A', 1, '862409', '3120410003', '20231'),
('86dc0aa7-1a4c-498f-98fb-75040bf8d772', '0.00', '0.00', '0.00', '0.00', '', 0, '841099', '3120410003', '20241'),
('86f38bb4-b773-473b-8207-aff7eedca8ca', '9.70', '8.30', '9.00', '4.00', 'A', 1, '841020', '3121410092', '20211'),
('874d2dc9-08dd-41c3-8d58-197e57957bbe', '5.00', '9.50', '6.80', '2.00', 'C', 1, '861303', '3120410521', '20221'),
('880238fb-1217-4b1e-920f-9ec2b91c99ac', '0.00', '0.00', '0.00', '0.00', '', 0, '841099', '3120410003', '20241'),
('880c597c-58d0-476e-85d0-f17f4bce0a48', '8.70', '10.00', '9.20', '4.00', 'A', 1, '861303', '3120410003', '20211'),
('880cee87-9753-4321-9d7d-c0ff456d9018', '8.00', '8.50', '8.30', '3.00', 'B', 1, '841113', '3120410003', '20222'),
('88dbae41-e447-4804-a42a-dfc63223da45', '5.00', '7.40', '6.00', '2.00', 'C', 1, '862407', '3120410521', '20213'),
('890f4233-3b11-4a8b-bf47-ef3397251ae2', '6.80', '10.00', '8.40', '3.00', 'B', 1, '841464', '3120410521', '20212'),
('891bea05-3910-41ee-a3ab-d7e01c811a6f', '8.70', '9.10', '8.90', '4.00', 'A', 1, '841303', '3120410003', '20202'),
('8a23d8e4-9a9b-43e2-92d7-fa275ce5ed06', '0.00', '9.10', '9.10', '4.00', 'A', 1, '862409', '3120410003', '20231'),
('8a66903c-8b47-483b-aeae-30323ccc23d2', '0.00', '9.10', '9.10', '4.00', 'A', 1, '862409', '3120410003', '20231'),
('8a6e75b5-78e4-46b4-8844-51938209d66f', '5.30', '8.90', '7.10', '3.00', 'B', 1, '841415', '3120410515', '20211'),
('8a7a9636-508f-4abf-81b4-c1917e306ee9', '6.20', '7.50', '6.70', '2.00', 'C', 1, '866103', '3120410521', '20232'),
('8b6af078-251c-490e-9ac9-b10aef0bf05d', '8.80', '7.40', '8.20', '3.00', 'B', 1, '841401', '3121410092', '20211'),
('8b8a4c7a-2930-4352-9903-dc5d35d18eb9', '9.70', '9.80', '9.70', '4.00', 'A', 1, '841402', '3121410092', '20211'),
('8ba53673-9505-45e8-b982-80c6a2862d7e', '8.00', '8.10', '8.00', '3.00', 'B', 1, '866103', '3120410003', '20221'),
('8bb15993-7b83-45cb-8f6e-f67fa60d6577', '7.90', '8.40', '8.20', '3.00', 'B', 1, '841108', '3120410003', '20211'),
('8c18d558-f459-4cd8-aea9-b5fc81cfa80a', '8.50', '9.20', '8.90', '4.00', 'A', 1, '841020', '3120410003', '20201'),
('8c54e283-e925-4475-819f-164621a16287', '3.30', '10.00', '6.00', '2.00', 'C', 1, '841401', '3120410003', '20201'),
('8d591ca1-a805-40d5-a13f-3d931cc027b8', '9.00', '8.20', '8.60', '4.00', 'A', 1, '841481', '3120410521', '20232'),
('8d921156-486c-43ce-9b43-cc016fcce160', '3.60', '9.30', '6.50', '2.00', 'C', 1, '841303', '3120410515', '20202'),
('8e19412e-ec71-43df-b1cb-e4d855d8ef7e', '5.80', '8.40', '6.80', '2.00', 'C', 1, '866102', '3120410521', '20231'),
('8e7e1adf-1ec0-4e06-b5a4-f106c4036128', '0.00', '6.90', '6.90', '2.00', 'C', 1, 'CALO11', '3120410521', '20221'),
('8eaee082-5425-40eb-9c95-38d465372905', '8.00', '8.50', '8.30', '3.00', 'B', 1, '841113', '3120410003', '20222'),
('8f1b713f-cb72-4bcb-bd60-d7deaa90eaea', '0.00', '9.10', '9.10', '4.00', 'A', 1, '862101', '3120410521', '20212'),
('8f7476a0-9e1e-456f-b430-90501a490d37', '5.00', '7.50', '6.00', '2.00', 'C', 1, '861301', '3121410146', '20213'),
('8fb68031-f993-4bed-8165-d49f68ba3f12', '8.50', '8.70', '8.60', '4.00', 'A', 1, '841402', '3120410521', '20201'),
('8fe91396-1b55-4d27-bc80-a4a10a1dabf3', '7.40', '7.60', '7.50', '3.00', 'B', 1, '865006', '3120410003', '20202'),
('901986e0-0891-495a-a343-06f38cf035ed', '8.70', '10.00', '9.20', '4.00', 'A', 1, '861303', '3120410003', '20211'),
('906cff10-6c1d-46f9-b2c7-69e467f5ea01', '7.70', '8.50', '8.00', '3.00', 'B', 1, '861302', '3120410003', '20203'),
('908adc63-e599-452a-9086-b64ac323f550', '6.30', '6.20', '6.30', '2.00', 'C', 1, '841058', '3120410003', '20212'),
('911cc78b-f37d-417a-837f-301d9dc857c9', '8.00', '8.10', '8.00', '3.00', 'B', 1, '866103', '3120410003', '20221'),
('91923e99-ca04-4dd0-a545-fb931db1c7ab', '7.70', '9.30', '8.30', '3.00', 'B', 1, '861301', '3120410003', '20202'),
('92cf407c-cead-42f8-8361-41f0bb4ddb63', '7.70', '8.50', '8.00', '3.00', 'B', 1, '861302', '3120410003', '20203'),
('9396b17f-bcea-4f3c-8b47-e4de798dee76', '7.50', '8.90', '8.20', '3.00', 'B', 1, '841461', '3120410003', '20221'),
('93be6878-87e4-407a-82f5-8142ea31f689', '8.70', '9.10', '8.90', '4.00', 'A', 1, '841303', '3120410003', '20202'),
('93f6f6d7-179c-4ec6-ac5f-fa1042be82d7', '0.00', '0.00', '0.00', '0.00', '', 0, '841099', '3120410003', '20241'),
('941b4eac-a65c-42cb-ae1e-95f2e8c467ae', '0.00', '0.00', '0.00', '0.00', '', 0, '841072', '3121410092', '20241'),
('9425c09b-04e8-4162-a827-da481b57aed8', '0.00', '0.00', '0.00', '0.00', 'R', 0, '841072', '3120410003', '20231'),
('968510f5-ff1c-46ce-b6c0-792388accaa8', '8.50', '9.20', '8.90', '4.00', 'A', 1, '841020', '3120410003', '20201'),
('9720ea3e-ef4f-4764-88a6-a1819aeb2821', '8.00', '9.60', '8.80', '4.00', 'A', 1, '841423', '3120410521', '20221'),
('97456b14-9e00-42c7-8f4b-20f94105e8cf', '0.00', '10.00', '10.00', '4.00', 'A', 1, '841070', '3120410521', '20233'),
('97d9e138-5b5f-44e4-bedf-b4481ba538b2', '5.00', '7.40', '6.00', '2.00', 'C', 1, '862407', '3120410521', '20213'),
('9895afbb-71e9-4d18-824c-0d00d99f03b7', '0.00', '0.00', '0.00', '0.00', '', 0, '841431', '3121410092', '20241'),
('990e158d-243b-47da-adb8-4d787dbac164', '0.00', '0.00', '0.00', '0.00', '', 0, '841099', '3120410003', '20241'),
('99a95b4a-2abb-455a-81ff-a2babfdb9bde', '0.00', '0.00', '0.00', '0.00', 'F', 0, 'KSTA60', '3120410003', '20203'),
('9a724e42-4356-470d-a630-d4df9236a6db', '7.80', '9.80', '8.80', '4.00', 'A', 1, '841022', '3120410003', '20211'),
('9a8f3173-2571-4dfe-b842-1d7bacd35449', '8.50', '10.00', '9.30', '4.00', 'A', 1, '841303', '3120410521', '20202'),
('9a9ea726-f513-41d8-b2c7-cc5f6ef5d37c', '0.00', '7.70', '7.70', '3.00', 'B', 1, 'BOCH11', '3120410521', '20213'),
('9c4d5a16-e03f-457e-b993-4f1c55778376', '7.30', '8.00', '7.70', '3.00', 'B', 1, '841419', '3120410003', '20211'),
('9c5e8ed8-1e9f-445a-9b5f-b07cf6c7ae9b', '8.00', '8.50', '8.30', '3.00', 'B', 1, '841113', '3120410003', '20222'),
('9cbbcf5e-5de1-43f0-b002-fe1e1e10ebf7', '9.00', '9.30', '9.10', '4.00', 'A', 1, '862407', '3120410003', '20203'),
('9d0d5be4-86f6-4f41-be0c-13475a24602f', '5.00', '9.10', '7.10', '3.00', 'B', 1, '841463', '3120410003', '20232'),
('9d5e3d6f-1bd9-4259-bdba-15692d74ff2d', '0.00', '9.90', '9.90', '4.00', 'A', 1, 'BOBA11', '3120410003', '20213'),
('9e1591dd-08ef-4f8a-b742-f2f310fc212a', '7.00', '8.10', '7.60', '3.00', 'B', 1, '841431', '3120410003', '20231'),
('9edd67b3-3688-4ccc-b107-f90e6e1d18ac', '4.50', '5.00', '4.80', '1.00', 'D', 1, '841481', '3120410521', '20222'),
('9ef214e5-959d-4c61-a429-78482b2638ed', '0.00', '9.10', '9.10', '4.00', 'A', 1, '862101', '3120410521', '20212'),
('9f558f60-6f03-45c3-8ee5-ef6e772a110b', '8.50', '10.00', '9.30', '4.00', 'A', 1, '841303', '3120410521', '20202'),
('a0529cd8-8e6e-4bbb-9654-a520393da24f', '7.80', '8.40', '8.10', '3.00', 'B', 1, '841047', '3121410146', '20231'),
('a062b0fe-054d-4240-8639-c075723e1a69', '7.80', '7.80', '7.80', '3.00', 'B', 1, '841480', '3121410146', '20232'),
('a0ae2af2-6a9f-4f88-b1aa-4536ea335bf1', '7.70', '7.00', '7.40', '3.00', 'B', 1, '841044', '3120410003', '20211'),
('a22bab45-1e76-441a-a125-cdad7529e2ad', '6.50', '10.00', '8.30', '3.00', 'B', 1, '841047', '3120410521', '20221'),
('a30c6662-7f51-47fd-bdaf-97e62ed6fb1e', '6.40', '7.40', '6.90', '2.00', 'C', 1, '841021', '3120410003', '20201'),
('a3f0b63a-7cf7-4f0f-97ea-32e07fc1cb2e', '0.00', '0.00', '0.00', '0.00', '', 0, '841423', '3121410146', '20241'),
('a46324ae-d4a8-451d-aaf7-f24f4de847d7', '9.10', '9.60', '9.40', '4.00', 'A', 1, '841404', '3120410003', '20202'),
('a52512d4-07bd-4a45-9793-3590d1eff90e', '7.00', '7.30', '7.10', '3.00', 'B', 1, '862406', '3121410092', '20213'),
('a527dd56-8fb1-48d8-97f9-ac42efab69e3', '3.30', '10.00', '6.00', '2.00', 'C', 1, '841401', '3120410003', '20201'),
('a5920968-85f7-4934-a47a-bb865ca5897b', '7.00', '9.20', '8.10', '3.00', 'B', 1, '841021', '3120410521', '20201'),
('a656e7ea-bbcf-40da-92f6-dada55044055', '2.50', '2.80', '2.70', '0.00', 'F', 0, '841414', '3121410092', '20232'),
('a6eb5cf7-1d48-41ce-bb10-1ed3d376bf69', '9.00', '7.20', '8.10', '3.00', 'B', 1, '841481', '3120410003', '20232'),
('a714f8b4-1aa5-4bab-879c-c6af6e896d13', '6.00', '9.30', '7.70', '3.00', 'B', 1, '841113', '3120410521', '20232'),
('a78e6f47-f747-4cf6-8ef9-83f9b7c3b9b2', '7.40', '9.20', '8.30', '3.00', 'B', 1, '841109', '3120410003', '20211'),
('a7c59aa0-307f-4c7a-9bb0-090be329d3a4', '0.00', '7.30', '7.30', '3.00', 'B', 1, '862408', '3120410521', '20222'),
('a8eed790-4857-41a1-b76b-9a72756cd2ec', '10.00', '7.20', '8.60', '4.00', 'A', 1, '841422', '3120410521', '20222'),
('a9361616-14f1-41ab-9a56-580b56083d37', '8.00', '8.10', '8.00', '3.00', 'B', 1, '866102', '3120410003', '20213'),
('a9ab403f-675f-4d8d-8ff6-79fdbbcf85b4', '7.80', '9.80', '8.80', '4.00', 'A', 1, '841022', '3120410003', '20211'),
('aa8215df-0e92-4671-808d-bad667f73dcb', '8.00', '8.50', '8.30', '3.00', 'B', 1, '841113', '3120410003', '20222'),
('aab9f7ce-46d4-48a7-8eed-20222e42e717', '7.70', '9.30', '8.30', '3.00', 'B', 1, '861301', '3120410003', '20202'),
('aac53fa1-b715-42e5-8970-ae0d9637e072', '7.80', '7.60', '7.70', '3.00', 'B', 1, '861305', '3120410521', '20223'),
('aaea25a3-4429-4ad3-a6a2-53d302990441', '7.50', '8.30', '7.90', '3.00', 'B', 1, '841408', '3120410003', '20221'),
('ab1971bc-c9e1-44f0-ba9c-460c82188ca6', '0.00', '0.00', '0.00', '0.00', 'F', 0, 'KSTA60', '3120410521', '20203'),
('ab69963f-3253-43ac-a7d2-bd5f8de15a3f', '6.00', '6.30', '6.10', '2.00', 'C', 1, '841406', '3120410521', '20202'),
('ab7df9cd-f302-4612-bab9-0e67a62da0b0', '0.00', '8.80', '8.80', '4.00', 'A', 1, '862409', '3121410146', '20233'),
('ab8782bd-13fc-41b0-adf5-dd2ac797a9e7', '4.50', '5.00', '4.80', '1.00', 'D', 1, '841481', '3120410521', '20222'),
('ab9e1000-1c72-4000-b656-1522550bd181', '8.00', '9.60', '8.80', '4.00', 'A', 1, '841423', '3120410521', '20221'),
('aba76687-8dfe-444f-bf3e-90a55b33515f', '0.00', '0.00', '0.00', '0.00', 'R', 0, '841072', '3120410003', '20231'),
('ac6a20bd-537a-4f88-97a7-cb9cce6434f4', '0.00', '8.30', '8.30', '3.00', 'B', 1, '862101', '3120410003', '20202'),
('ac936d88-0312-43e6-9fad-eb44e9a8c178', '8.30', '7.60', '8.00', '3.00', 'B', 1, '841403', '3120410003', '20201'),
('aca96d07-a1e1-4f4a-a996-60f662eea974', '5.80', '8.40', '6.80', '2.00', 'C', 1, '866102', '3120410521', '20231'),
('addebe5d-8a89-4065-8a2b-9ecc1c4f9bbb', '9.00', '7.20', '8.10', '3.00', 'B', 1, '841481', '3120410003', '20232'),
('ae692c25-7ed4-4508-a798-84b4e20430f6', '6.30', '6.20', '6.30', '2.00', 'C', 1, '841058', '3120410003', '20212'),
('aef1cd84-0a36-41e2-888c-8fc3ae341bb2', '0.00', '0.00', '0.00', '0.00', '', 0, '841468', '3121410146', '20241'),
('aefdc28a-f834-494a-84a1-faa7b43f18c9', '8.00', '10.00', '9.00', '4.00', 'A', 1, '841419', '3120410521', '20211'),
('af0e5094-2262-44e0-8cb0-639aaed9b3b8', '8.50', '10.00', '9.30', '4.00', 'A', 1, '841303', '3120410521', '20202'),
('af219815-fc4f-44be-bb62-16e2fcb7a2f3', '6.00', '7.90', '6.80', '2.00', 'C', 1, '861305', '3121410092', '20232'),
('af71ea81-04ce-40c2-b2b1-efafe4441333', '0.00', '7.70', '7.70', '3.00', 'B', 1, 'BOCH11', '3120410521', '20213'),
('af86e8a7-5ee2-4fbd-97a7-79a9e9a45dfe', '1.00', '7.30', '4.20', '1.00', 'D', 1, '841110', '3121410146', '20231'),
('af97bf7e-82fc-4001-b021-5c810ad5a444', '6.20', '9.60', '7.60', '3.00', 'B', 1, '866101', '3120410521', '20223'),
('afa4aa85-78e1-4988-a7ba-6aaf2f950ac1', '7.00', '9.20', '8.10', '3.00', 'B', 1, '841310', '3120410003', '20212'),
('afee4170-9908-4363-a833-03ca865e9844', '5.50', '8.00', '6.80', '2.00', 'C', 1, '841414', '3120410521', '20222'),
('b0925145-0fc3-4603-9dab-2e48a73d7fac', '7.00', '9.30', '7.90', '3.00', 'B', 1, '861305', '3120410003', '20213'),
('b142c0cb-0304-429e-b2dc-46eff6a1ce8b', '8.00', '9.60', '8.80', '4.00', 'A', 1, '841423', '3120410521', '20221'),
('b171f93d-17ff-483b-93e8-547550f1f6e6', '8.20', '9.60', '8.80', '4.00', 'A', 1, '865006', '3120410521', '20203'),
('b18ff26f-2484-4f05-8909-ba47255ee104', '6.50', '4.90', '5.70', '2.00', 'C', 1, '841047', '3120410003', '20221'),
('b288976b-8ab7-47aa-bfe1-e107ffa1c40d', '8.50', '9.20', '8.90', '4.00', 'A', 1, '841020', '3120410003', '20201'),
('b2998708-d6da-4007-8ab8-5cb1b70680c0', '7.00', '9.20', '8.10', '3.00', 'B', 1, '841021', '3120410521', '20201'),
('b2bd3f89-ea88-4f44-b31d-b17f442c5022', '6.00', '6.60', '6.30', '2.00', 'C', 1, '841107', '3120410003', '20212'),
('b2e66f6f-4942-4e6c-aa61-4bebc749dc22', '7.00', '9.20', '8.10', '3.00', 'B', 1, '841310', '3120410521', '20212'),
('b2ebbc9c-9529-47fb-b01c-a0c3a9e06d6e', '8.50', '7.20', '7.90', '3.00', 'B', 1, '841464', '3120410003', '20222');
INSERT INTO `score` (`id`, `examScore`, `testScore`, `finalScore10`, `finalScore4`, `finalScoreLetter`, `result`, `subjectId`, `studentId`, `semesterId`) VALUES
('b3258dd8-21ae-4c9b-91c4-ba7b5ae1a71b', '0.00', '8.60', '8.60', '4.00', 'A', 1, 'CALO11', '3120410003', '20221'),
('b373dbc9-c6be-4139-a2d5-cb770de11b82', '7.30', '9.50', '8.20', '3.00', 'B', 1, '864001', '3120410521', '20201'),
('b48213e9-d787-4e68-939f-d97873cf5c7a', '7.50', '8.30', '7.90', '3.00', 'B', 1, '841408', '3120410003', '20221'),
('b488af25-1995-4bb5-a435-b9343753c14b', '8.50', '9.20', '8.90', '4.00', 'A', 1, '841020', '3120410003', '20201'),
('b4c9321a-4b06-4b90-8a1c-12dbff8f0fd5', '8.50', '7.20', '7.90', '3.00', 'B', 1, '841464', '3120410003', '20222'),
('b4da4916-aef2-4dda-9b25-4fcd80d583a8', '0.00', '9.90', '9.90', '4.00', 'A', 1, 'BOBA11', '3120410003', '20213'),
('b4fc85ad-1aec-4b34-8b32-63d9ee15cde2', '5.00', '7.40', '6.00', '2.00', 'C', 1, '862407', '3120410521', '20213'),
('b53676f6-8f49-4358-878e-96a0ac9c64e5', '4.50', '9.00', '6.80', '2.00', 'C', 1, '841048', '3120410003', '20212'),
('b5fa47bb-112b-42ff-87ab-4c6ab92395a3', '7.40', '9.20', '8.30', '3.00', 'B', 1, '841109', '3120410003', '20211'),
('b6139277-4b4a-4473-a082-8d4bd979b18d', '8.20', '9.60', '8.80', '4.00', 'A', 1, '865006', '3120410521', '20203'),
('b6210a75-3223-43d5-9473-d40be3c2ce15', '4.90', '9.30', '7.10', '3.00', 'B', 1, '841422', '3120410003', '20212'),
('b668e6d5-a1ce-449b-a639-e32ab8bd016b', '7.50', '8.00', '7.70', '3.00', 'B', 1, '861301', '3120410521', '20202'),
('b7d10be3-58b4-46b5-b281-b5a23fb6fd5b', '6.80', '6.90', '6.80', '2.00', 'C', 1, '864001', '3120410003', '20201'),
('b847cc86-69a9-4169-8814-2e4b8c43600a', '6.50', '4.90', '5.70', '2.00', 'C', 1, '841047', '3120410003', '20221'),
('b8780cbe-59f0-42d2-90fd-5c3f277bfbe0', '8.40', '10.00', '9.20', '4.00', 'A', 1, '841107', '3120410521', '20212'),
('b8877748-b9f2-42f7-a50b-5cb5da86c8f8', '7.30', '6.60', '7.00', '3.00', 'B', 1, '841401', '3120410521', '20201'),
('b8ef6739-d62b-442e-93b7-886e6d71bb06', '0.00', '6.90', '6.90', '2.00', 'C', 1, 'CALO11', '3120410521', '20221'),
('b8f1527e-d69f-43bc-bf60-4604f9a33626', '8.80', '7.20', '8.00', '3.00', 'B', 1, '841108', '3120410521', '20211'),
('b9ab58fb-0c1c-4d0d-b3c2-c8dc83276698', '9.00', '9.40', '9.20', '4.00', 'A', 1, '841480', '3120410521', '20222'),
('b9c72195-67d9-4d62-9f28-dc432608b43f', '6.60', '9.40', '8.00', '3.00', 'B', 1, '841480', '3120410003', '20222'),
('ba28314d-c39d-4612-bf79-e78dcff216ef', '5.00', '7.00', '6.00', '2.00', 'C', 1, '841408', '3121410146', '20231'),
('ba63616d-2ddf-4c4a-98fb-bc380ac367ad', '6.00', '6.60', '6.30', '2.00', 'C', 1, '841107', '3120410003', '20212'),
('baa4165f-4d5e-4a0c-a504-b55b2bd23d1c', '0.00', '9.50', '9.50', '4.00', 'A', 1, '841070', '3120410003', '20233'),
('bacf0963-d4b9-4cc7-af02-acf3f627e6c6', '7.50', '8.30', '7.90', '3.00', 'B', 1, '841408', '3120410003', '20221'),
('baf5737b-dece-4fe4-be63-bdb2fe66b632', '6.20', '9.60', '7.60', '3.00', 'B', 1, '866101', '3120410521', '20223'),
('bb186c93-bbf3-4631-9937-545ff3c3dfc7', '5.00', '9.20', '7.10', '3.00', 'B', 1, '841110', '3120410003', '20222'),
('bbd5a9a1-1ffe-4167-8975-064e94347396', '7.30', '8.40', '7.70', '3.00', 'B', 1, '841405', '3121410092', '20212'),
('bc398e7f-0f4b-454b-8d6b-ee6e8bb0bd77', '6.00', '9.30', '7.70', '3.00', 'B', 1, '841113', '3120410521', '20232'),
('bce65322-16c7-4368-95b4-7f46777cab36', '6.50', '8.80', '7.40', '3.00', 'B', 1, '861304', '3120410003', '20212'),
('bd238866-9cc0-49a8-a697-b1815bae203e', '0.00', '9.90', '9.90', '4.00', 'A', 1, 'BOBA11', '3120410003', '20213'),
('bd592d08-2112-4be1-9fe7-9ba03ccc2c8d', '6.60', '9.40', '8.00', '3.00', 'B', 1, '841480', '3120410003', '20222'),
('bddf033e-056d-4f47-94cb-04ef2f907887', '0.00', '8.30', '8.30', '3.00', 'B', 1, '862101', '3120410003', '20202'),
('be2bf038-224c-4bd2-8920-7f8df6334659', '8.80', '8.70', '8.80', '4.00', 'A', 1, '841403', '3121410092', '20211'),
('be33d9d6-5d27-4aa5-8617-73814a04537e', '6.00', '9.90', '8.00', '3.00', 'B', 1, '841110', '3120410521', '20231'),
('be37447f-233f-4824-a763-60ec7bb030c5', '5.00', '9.10', '7.10', '3.00', 'B', 1, '841463', '3120410003', '20232'),
('be37f7a7-5841-46a0-a90f-f0e7f0f32808', '7.30', '8.00', '7.70', '3.00', 'B', 1, '841419', '3120410003', '20211'),
('be69a0a2-13f7-444a-a489-8548afd7d627', '0.00', '8.30', '8.30', '3.00', 'B', 1, '862101', '3120410003', '20202'),
('beb0fd91-4166-400f-9dd2-316bc8fe5a31', '8.00', '10.00', '9.00', '4.00', 'A', 1, '841108', '3121410146', '20212'),
('becc5a29-b086-439e-9e15-c289515eb8ef', '6.50', '8.20', '7.40', '3.00', 'B', 1, '841403', '3120410521', '20201'),
('bf03fc88-fe0b-4fc3-8399-1f36ca4f6e19', '8.30', '9.10', '8.60', '4.00', 'A', 1, '841402', '3120410003', '20201'),
('bf8299b5-0161-4ba3-b273-c2980ea5923a', '0.00', '9.50', '9.50', '4.00', 'A', 1, '841070', '3120410003', '20233'),
('bfa13f13-f8fa-412f-aca9-fa21a1ed1306', '3.30', '8.50', '5.40', '1.00', 'D', 1, '841406', '3121410092', '20212'),
('c0053e84-ce0e-4f42-acc3-05e78831498e', '4.90', '9.30', '7.10', '3.00', 'B', 1, '841422', '3120410003', '20212'),
('c0baa88c-85ca-4282-86ec-9492845ac708', '7.00', '9.20', '8.10', '3.00', 'B', 1, '841310', '3120410003', '20212'),
('c0c2df6d-ea95-471d-9a40-9a32e6153cb7', '0.00', '7.20', '7.20', '3.00', 'B', 1, 'BOCH11', '3121410092', '20231'),
('c0fb41ef-a2ee-4b54-8f8c-abd8acbe32e9', '4.80', '8.40', '6.60', '2.00', 'C', 1, '841464', '3121410146', '20222'),
('c1442f4f-e3d4-4d60-9ee0-756a78525554', '7.90', '8.40', '8.20', '3.00', 'B', 1, '841108', '3120410003', '20211'),
('c1bc201b-ec7a-4f9e-80ab-068a542fd282', '4.50', '9.10', '6.80', '2.00', 'C', 1, '841463', '3120410521', '20232'),
('c306f793-5b48-4b1f-ac10-fcbe3a5d3613', '9.00', '7.20', '8.10', '3.00', 'B', 1, '841481', '3120410003', '20232'),
('c3679610-e6ad-4114-b822-642b68c0a564', '4.50', '9.10', '6.80', '2.00', 'C', 1, '841463', '3120410521', '20232'),
('c6664982-4d7d-4856-9581-a396e5f8810e', '6.50', '9.00', '7.80', '3.00', 'B', 1, '841468', '3120410521', '20231'),
('c6d1566f-84cd-4b64-9fd8-f4137202cbe9', '8.30', '7.60', '8.00', '3.00', 'B', 1, '841403', '3120410003', '20201'),
('c6e609f7-85f9-47c0-a785-8e2c37e747b3', '7.60', '9.20', '8.40', '3.00', 'B', 1, '841044', '3120410521', '20211'),
('c751b720-9044-48c2-b0be-2e37df2442cd', '6.00', '6.60', '6.30', '2.00', 'C', 1, '841107', '3120410003', '20212'),
('c7947bce-9fc8-4616-9264-a4daaf9af8d2', '6.00', '9.00', '7.50', '3.00', 'B', 1, '841468', '3120410003', '20231'),
('c7a4ce3f-0afe-45af-a995-06650bf9d43e', '6.50', '8.60', '7.30', '3.00', 'B', 1, '861302', '3120410521', '20213'),
('c843b0a3-2e7e-4d59-8372-b7749ced8038', '0.00', '7.30', '7.30', '3.00', 'B', 1, '862408', '3120410521', '20222'),
('c86792ce-a1cf-4ff0-81b8-273621f932dc', '6.00', '9.00', '7.50', '3.00', 'B', 1, '841468', '3120410003', '20231'),
('c8f4ab42-c6ea-4b0d-b927-2e608eb57244', '6.00', '9.20', '7.60', '3.00', 'B', 1, '841431', '3120410521', '20231'),
('c91ca843-9cac-4a0e-a177-d996b3e0f1f8', '6.00', '8.00', '7.00', '3.00', 'B', 1, '841423', '3120410003', '20221'),
('c9b491e1-5781-464b-a4f7-14bbfdea8ab8', '7.50', '9.00', '8.10', '3.00', 'B', 1, '862406', '3120410521', '20202'),
('ca0aef3b-5349-4999-8a2a-31f2bc97c785', '7.50', '8.30', '7.90', '3.00', 'B', 1, '841408', '3120410003', '20221'),
('ca23ea23-7985-4516-b965-0dbfc00bcb8a', '8.00', '7.80', '7.90', '3.00', 'B', 1, '862406', '3120410003', '20202'),
('ca8bafab-5ea3-4659-8a1e-c3277ffc51f5', '6.50', '10.00', '8.30', '3.00', 'B', 1, '841047', '3120410521', '20221'),
('cabb2f62-d9af-4157-a727-b32497546fe7', '6.30', '8.00', '7.20', '3.00', 'B', 1, '841461', '3120410521', '20221'),
('cb52dff3-f500-4b9b-9cac-ca2173c0d376', '7.40', '9.20', '8.30', '3.00', 'B', 1, '841415', '3120410003', '20211'),
('cb92783b-3166-4a66-869d-3c58ef410e31', '9.30', '9.60', '9.40', '4.00', 'A', 1, '841406', '3120410003', '20202'),
('cbef0bdf-f19a-4d65-83b3-f7e4c9783613', '4.30', '6.80', '5.60', '2.00', 'C', 1, '841110', '3121410092', '20222'),
('cc656064-1872-43dc-88a6-0defe871ecd7', '0.00', '8.00', '8.00', '3.00', 'B', 1, 'BODA11', '3121410092', '20221'),
('cd686d15-3601-42bd-beb0-f8dd7eab8511', '6.00', '9.20', '7.60', '3.00', 'B', 1, '841431', '3120410521', '20231'),
('cdb329bf-78c6-4d69-8a6d-8d0a1b9b05fb', '6.00', '8.00', '7.00', '3.00', 'B', 1, '841423', '3120410003', '20221'),
('ce8ea7c6-6cbd-40c9-83f4-d9c224cd6fb5', '7.40', '7.60', '7.50', '3.00', 'B', 1, '865006', '3120410003', '20202'),
('cf53781e-36f2-4aba-aac8-ed24e16f23ec', '7.00', '9.20', '8.10', '3.00', 'B', 1, '841310', '3120410003', '20212'),
('cf8255d5-9e9a-4595-a9c6-376b02dafca8', '8.80', '9.80', '9.20', '4.00', 'A', 1, '866101', '3120410003', '20212'),
('cf82d322-1726-4650-ba2a-2729604d2770', '5.00', '9.50', '6.80', '2.00', 'C', 1, '861303', '3120410521', '20221'),
('cf95f2f7-94f0-47f4-bb90-68da8feaa0dd', '0.00', '8.00', '8.00', '3.00', 'B', 1, '862408', '3120410003', '20222'),
('cff4a992-6b28-4f64-8f18-3f0b03d00506', '6.50', '8.20', '7.40', '3.00', 'B', 1, '841403', '3120410521', '20201'),
('d0448585-7638-4237-b9c2-d16ffa0ec0de', '6.30', '6.80', '6.60', '2.00', 'C', 1, '841107', '3121410092', '20222'),
('d1b28304-23ee-474a-8da8-de0e5ef34778', '7.00', '8.10', '7.60', '3.00', 'B', 1, '841431', '3120410003', '20231'),
('d1e1a9ce-b587-4e3f-bd12-800126869397', '7.30', '8.00', '7.70', '3.00', 'B', 1, '841419', '3120410003', '20211'),
('d25b7a09-462b-436f-913e-5fd8d5fbca23', '6.00', '9.90', '8.00', '3.00', 'B', 1, '841110', '3120410521', '20231'),
('d26dca5f-b20a-4386-a487-8180028726a4', '3.00', '5.80', '4.40', '1.00', 'D', 1, '841464', '3121410092', '20222'),
('d2d59cad-081c-4d8f-843b-40b53acc74f1', '0.00', '0.00', '0.00', '0.00', 'R', 0, '866101', '3120410521', '20212'),
('d33340d2-45ef-4b38-a208-925414d56613', '4.50', '9.10', '6.80', '2.00', 'C', 1, '841463', '3120410521', '20232'),
('d33bc61c-f20a-4677-ab9e-1f5916ce1594', '7.00', '8.10', '7.60', '3.00', 'B', 1, '841431', '3120410003', '20231'),
('d3e44393-d09d-4088-9691-108926121ac3', '3.30', '10.00', '6.00', '2.00', 'C', 1, '841401', '3120410003', '20201'),
('d402f65a-b2fb-4f44-af0c-03278d7a6c36', '6.50', '7.60', '7.10', '3.00', 'B', 1, '841414', '3120410003', '20222'),
('d48aed35-b904-4249-ba6f-03e04954c88d', '5.00', '7.90', '6.50', '2.00', 'C', 1, '841048', '3121410092', '20222'),
('d4ab3732-5925-4c2c-8266-0ad709a6e833', '0.00', '0.00', '0.00', '0.00', 'F', 0, 'KSTA60', '3120410003', '20203'),
('d50f407d-b5b9-4c2b-b9d6-08521ca6195c', '7.40', '8.40', '7.90', '3.00', 'B', 1, '841109', '3120410521', '20211'),
('d5ee0acb-ea96-4ddc-b1e6-e005ce44514c', '8.20', '9.60', '8.80', '4.00', 'A', 1, '865006', '3120410521', '20203'),
('d61f4759-a184-4a6d-905a-cb28dad140a7', '8.70', '10.00', '9.20', '4.00', 'A', 1, '861303', '3120410003', '20211'),
('d62d47b3-be36-42cc-b31c-291f5bede9f0', '9.00', '7.20', '8.10', '3.00', 'B', 1, '841481', '3120410003', '20232'),
('d6c6db69-ba98-4ffa-a7e4-fb7c0c6ae153', '8.00', '8.50', '8.30', '3.00', 'B', 1, '841113', '3120410003', '20222'),
('d783166d-838f-4360-9c5c-290a6ca677ce', '6.00', '8.00', '7.00', '3.00', 'B', 1, '841423', '3120410003', '20221'),
('d7cc703c-9de2-4a94-84df-d244dfb4f6bc', '8.50', '9.20', '8.90', '4.00', 'A', 1, '841020', '3120410003', '20201'),
('d8d26d2c-7d42-49db-9626-3bd9f8ff5c54', '0.00', '8.60', '8.60', '4.00', 'A', 1, 'CALO11', '3120410003', '20221'),
('d902dfc4-2055-4b83-b759-8b99304fc7c6', '6.50', '8.60', '7.30', '3.00', 'B', 1, '861302', '3120410521', '20213'),
('d98779c2-cc07-411b-b950-1c23accccf9d', '6.50', '7.60', '7.10', '3.00', 'B', 1, '841414', '3120410003', '20222'),
('da23725c-f32c-411d-86f0-4623baa1bab4', '0.00', '8.00', '8.00', '3.00', 'B', 1, '862408', '3120410003', '20222'),
('da52bfc7-e885-4d46-b21d-39fb69bb3462', '7.70', '8.50', '8.00', '3.00', 'B', 1, '861302', '3120410003', '20203'),
('da87a36f-a744-4c34-af73-4acc610d74d9', '7.30', '9.50', '8.20', '3.00', 'B', 1, '864001', '3120410521', '20201'),
('da8edfde-3836-4f45-a297-fdd840bbdfaa', '9.10', '9.60', '9.40', '4.00', 'A', 1, '841404', '3120410003', '20202'),
('daa34816-d445-4c7e-b148-424b04026b3c', '6.00', '9.00', '7.50', '3.00', 'B', 1, '841468', '3120410003', '20231'),
('dad4f7d5-2fea-4731-8de1-5aca15d5afd0', '0.00', '0.00', '0.00', '0.00', 'R', 0, '841072', '3120410003', '20231'),
('dcb57ad3-f716-4ccf-966e-f92825f660a6', '8.30', '7.60', '8.00', '3.00', 'B', 1, '841403', '3120410003', '20201'),
('dd065915-2508-4176-a1dd-39cbeb9afbad', '9.10', '9.60', '9.40', '4.00', 'A', 1, '841404', '3120410003', '20202'),
('dd460bd1-e744-4a62-b78f-30266d4ed7c4', '7.00', '8.30', '7.70', '3.00', 'B', 1, '841310', '3121410092', '20221'),
('dd47c185-51c0-4791-bc63-385381260468', '4.90', '9.30', '7.10', '3.00', 'B', 1, '841422', '3120410003', '20212'),
('dd8d55b1-96dd-4d9a-a642-683781fef4de', '6.50', '8.20', '7.40', '3.00', 'B', 1, '841419', '3121410092', '20221'),
('dd8df045-8307-40ee-a892-36417c7c6507', '7.90', '8.40', '8.20', '3.00', 'B', 1, '841108', '3120410003', '20211'),
('dda5d2d3-3849-4bbb-bfca-d148b6973cae', '7.50', '9.00', '8.10', '3.00', 'B', 1, '862406', '3120410521', '20202'),
('ddef3f5c-21fa-4c47-b7b3-a84b36dcd10b', '6.20', '9.60', '7.60', '3.00', 'B', 1, '866101', '3120410521', '20223'),
('de07a671-a114-43d4-8fe2-9df28303be85', '8.50', '7.20', '7.90', '3.00', 'B', 1, '841464', '3120410003', '20222'),
('df1257c5-3375-49b8-aa95-9da073c56e1f', '7.50', '8.00', '7.70', '3.00', 'B', 1, '861301', '3120410521', '20202'),
('df2663e4-bbdf-4880-b31f-525bcef54e0f', '6.40', '7.40', '6.90', '2.00', 'C', 1, '841021', '3120410003', '20201'),
('df286f40-a327-4f68-98b9-72697c0af547', '6.00', '9.20', '7.60', '3.00', 'B', 1, '841431', '3120410521', '20231'),
('df3f03b5-c8a7-4853-848c-64108f11936c', '9.00', '9.30', '9.10', '4.00', 'A', 1, '862407', '3120410003', '20203'),
('dfcf3bdb-e06c-4460-b0e4-d12035eef2a0', '6.00', '9.90', '8.00', '3.00', 'B', 1, '841110', '3120410521', '20231'),
('e0214953-c96c-41a8-a2e6-ef25f04731f2', '8.00', '7.80', '7.90', '3.00', 'B', 1, '862406', '3120410003', '20202'),
('e0324cfb-9867-4434-ba94-e97d6070487f', '0.00', '10.00', '10.00', '4.00', 'A', 1, '841070', '3120410521', '20233'),
('e034406f-9d54-4bc5-a676-a4f646f0800e', '7.40', '9.20', '8.30', '3.00', 'B', 1, '841109', '3120410003', '20211'),
('e07ffb5a-5a61-46e1-acc8-6c4dc6fe5565', '4.50', '9.00', '6.80', '2.00', 'C', 1, '841048', '3120410003', '20212'),
('e08ffeca-c0b4-46f9-9b47-408b55bebb21', '8.80', '9.80', '9.20', '4.00', 'A', 1, '866101', '3120410003', '20212'),
('e0ed886a-cfc6-469f-adff-6c37051feed6', '0.00', '10.00', '10.00', '4.00', 'A', 1, '841070', '3120410521', '20233'),
('e1770131-a683-431b-ad53-199b5a9f0957', '7.60', '9.20', '8.40', '3.00', 'B', 1, '841044', '3120410521', '20211'),
('e1ca2d20-16ac-4499-8e47-fe47f41be198', '0.00', '0.00', '0.00', '0.00', 'R', 0, '866101', '3120410521', '20212'),
('e2c6e142-c79f-44e8-9179-e81f63f72e3b', '6.50', '8.60', '7.60', '3.00', 'B', 1, '841048', '3120410521', '20212'),
('e3041fcd-8bdf-42a3-b6eb-db79a3bb2f66', '8.70', '10.00', '9.20', '4.00', 'A', 1, '861303', '3120410003', '20211'),
('e30ac680-0a30-4ec8-b66c-57e654f7f243', '0.00', '0.00', '0.00', '0.00', 'F', 0, 'KSTA60', '3120410003', '20203'),
('e3817565-7610-493d-91e4-b31a8fbb234e', '0.00', '0.00', '0.00', '0.00', 'R', 0, '841072', '3120410003', '20231'),
('e406baaa-d1b4-4796-93cf-8f893321f9fd', '6.50', '7.60', '7.10', '3.00', 'B', 1, '841414', '3120410003', '20222'),
('e42bccfe-9e00-42f7-9b5e-ecfdc4b05e11', '0.00', '0.00', '0.00', '0.00', '', 0, '841099', '3120410521', '20241'),
('e4a5acb7-0a31-453d-9c78-54b81e6cc85b', '0.00', '0.00', '0.00', '0.00', 'F', 0, 'KSTA60', '3120410521', '20203'),
('e4e5d1a1-6f19-4b95-bc35-c8d74d784d96', '4.30', '8.20', '6.30', '2.00', 'C', 1, '841303', '3121410092', '20212'),
('e4eeddf7-d638-4119-970b-216b7d73ae93', '6.00', '9.00', '7.50', '3.00', 'B', 1, '841468', '3120410003', '20231'),
('e510c688-cbad-4e2f-808b-fb1ab98db0cf', '0.00', '9.10', '9.10', '4.00', 'A', 1, '862101', '3120410521', '20212'),
('e5fbbc28-7c7f-46a6-81e2-e2555e9f3834', '6.60', '9.40', '8.00', '3.00', 'B', 1, '841480', '3120410003', '20222'),
('e629bf6e-4241-43ae-874f-580f6cc655da', '7.00', '8.10', '7.60', '3.00', 'B', 1, '841431', '3120410003', '20231'),
('e7139cd2-c91a-4b31-98de-37cabe5e10ce', '8.70', '9.10', '8.90', '4.00', 'A', 1, '841303', '3120410003', '20202'),
('e71f833e-4875-4268-943b-925c77868114', '9.30', '9.60', '9.40', '4.00', 'A', 1, '841406', '3120410003', '20202'),
('e72ca703-5fa2-470b-b018-fd2653869cf8', '8.80', '9.80', '9.20', '4.00', 'A', 1, '866101', '3120410003', '20212'),
('e895f48f-07ad-482d-8a41-2b5e793f5421', '6.50', '8.60', '7.30', '3.00', 'B', 1, '861302', '3120410521', '20213'),
('e8d2e83b-74cf-4f76-84d7-ca6c44cf9eaf', '6.50', '8.80', '7.40', '3.00', 'B', 1, '861304', '3120410003', '20212'),
('ea00e1ce-1e70-4ac8-86fb-55ea4179e2b9', '0.00', '8.60', '8.60', '4.00', 'A', 1, 'CALO11', '3120410003', '20221'),
('ea3d2fd8-7389-497d-8d98-c64657194d1f', '8.50', '7.20', '7.90', '3.00', 'B', 1, '841464', '3120410003', '20222'),
('eae3d26e-dc2f-4d9f-a921-4506f1efb3fe', '7.40', '8.40', '7.90', '3.00', 'B', 1, '841109', '3120410521', '20211'),
('eaf24497-4b4b-4e46-bbed-7856e2ef43b5', '7.00', '9.20', '8.10', '3.00', 'B', 1, '841310', '3120410003', '20212'),
('ed6ae73c-121d-4dd3-b83e-4a9b884a39f1', '0.00', '7.40', '7.40', '3.00', 'B', 1, 'CALO11', '3121410146', '20232'),
('ed8f3b56-bea7-4479-aebd-ef565add83c2', '8.30', '9.10', '8.60', '4.00', 'A', 1, '841402', '3120410003', '20201'),
('ee3b747d-749e-4524-a271-89b96a5df16e', '6.80', '6.90', '6.80', '2.00', 'C', 1, '864001', '3120410003', '20201'),
('ee6ce4e0-7dde-46a3-94be-debaddfaefd7', '7.50', '8.90', '8.20', '3.00', 'B', 1, '841461', '3120410003', '20221'),
('eec26da1-6a49-46c8-8032-b38ae36554e9', '8.50', '9.20', '8.90', '4.00', 'A', 1, '841020', '3120410003', '20201'),
('efb81458-f508-4d79-a4b2-40ef1b100e19', '5.50', '8.00', '6.80', '2.00', 'C', 1, '841414', '3120410521', '20222'),
('f13176dc-bb97-468b-aff8-e933abd61825', '8.00', '8.10', '8.00', '3.00', 'B', 1, '866103', '3120410003', '20221'),
('f190f01c-7612-4768-aa56-2ed1e9c550dc', '8.20', '9.60', '8.80', '4.00', 'A', 1, '865006', '3120410521', '20203'),
('f34a2541-0b47-445b-ba8d-dfd6afe7afea', '9.10', '9.60', '9.40', '4.00', 'A', 1, '841404', '3120410003', '20202'),
('f3b019d2-6739-4c31-abff-619153082cd8', '0.00', '8.30', '8.30', '3.00', 'B', 1, '862101', '3120410003', '20202'),
('f40c0a8c-76ed-4dc1-a235-cf338f972fff', '5.80', '8.40', '6.80', '2.00', 'C', 1, '866102', '3120410521', '20231'),
('f46fc627-fbba-4a2a-b5d7-388a4d11dadc', '7.80', '9.80', '8.80', '4.00', 'A', 1, '841022', '3120410003', '20211'),
('f53a73dc-ec1e-494a-9df8-18db4d0454cc', '7.90', '8.40', '8.20', '3.00', 'B', 1, '841108', '3120410003', '20211'),
('f58665d6-f164-4a83-a45a-077ec68ca354', '5.50', '6.80', '6.20', '2.00', 'C', 1, '841414', '3121410146', '20232'),
('f5a4d1ee-19e1-409f-890e-f456ac31a6e9', '9.00', '9.40', '9.20', '4.00', 'A', 1, '841480', '3120410521', '20222'),
('f5aa75ba-aa84-4d30-9725-7012b40a30f6', '9.10', '9.60', '9.40', '4.00', 'A', 1, '841404', '3120410003', '20202'),
('f5afa2e1-45d4-424a-8673-55842697a7b5', '7.50', '9.00', '8.10', '3.00', 'B', 1, '862406', '3120410521', '20202'),
('f5affa8d-750f-4bb9-8a2b-b3d5a184e47d', '8.80', '7.20', '8.00', '3.00', 'B', 1, '841108', '3120410521', '20211'),
('f5dbb76b-80d9-4912-ba0a-b517967b6fab', '6.00', '9.90', '8.00', '3.00', 'B', 1, '841110', '3120410521', '20231'),
('f674037d-5643-4ce5-affd-0835b8d683b2', '7.00', '8.10', '7.60', '3.00', 'B', 1, '841431', '3120410003', '20231'),
('f6be84ee-2ca1-49f1-b423-5ec694da50b5', '9.00', '8.20', '8.60', '4.00', 'A', 1, '841481', '3120410521', '20232'),
('f6dc2d71-0426-4494-8805-f5d304ca1d2f', '7.00', '9.30', '7.90', '3.00', 'B', 1, '861305', '3120410003', '20213'),
('f7a3a743-c873-4090-8686-5b440bc8807d', '6.00', '6.60', '6.30', '2.00', 'C', 1, '841107', '3120410003', '20212'),
('f82bfca9-2aca-4b4b-82d3-32a6058dfbb6', '6.50', '7.60', '7.10', '3.00', 'B', 1, '841414', '3120410003', '20222'),
('f8cbf073-185a-4ff8-b3f9-231f348850ac', '6.00', '9.00', '7.50', '3.00', 'B', 1, '841468', '3120410003', '20231'),
('f91612a7-4106-4b4e-bf2c-8cfb9f53f719', '8.70', '9.10', '8.90', '4.00', 'A', 1, '841303', '3120410003', '20202'),
('f97779cf-912e-4e76-b46f-6cbdafa34328', '7.50', '8.00', '7.70', '3.00', 'B', 1, '861301', '3120410521', '20202'),
('f9ba6930-da54-4106-9502-ca104f41900f', '3.30', '10.00', '6.00', '2.00', 'C', 1, '841401', '3120410003', '20201'),
('f9c9905b-975b-4e15-a3f7-2b27f65fbb69', '5.00', '9.20', '7.10', '3.00', 'B', 1, '841110', '3120410003', '20222'),
('fb512056-31b7-4dec-9a8b-6d62a12876dd', '6.20', '7.50', '6.70', '2.00', 'C', 1, '866103', '3120410521', '20232'),
('fb90e1da-d8e4-4f07-8872-d7cc10b230e5', '6.80', '6.90', '6.80', '2.00', 'C', 1, '864001', '3120410003', '20201'),
('fbbab3a2-4a50-486b-a2a0-bda13438574a', '7.80', '8.40', '8.10', '3.00', 'B', 1, '841022', '3120410521', '20211'),
('fbc48bb6-697a-43ca-9a7d-c9cda8bef47a', '7.40', '7.60', '7.50', '3.00', 'B', 1, '865006', '3120410003', '20202'),
('fbef1bd2-5f70-468b-91ad-2b58641acd2c', '6.30', '6.20', '6.30', '2.00', 'C', 1, '841058', '3120410003', '20212'),
('fc330f15-c2e8-4100-b30e-6014c552f502', '7.40', '7.60', '7.50', '3.00', 'B', 1, '865006', '3120410003', '20202'),
('fc50abfb-1a62-4e05-80c5-e4c7b8e387ad', '7.50', '8.30', '7.90', '3.00', 'B', 1, '841408', '3120410003', '20221'),
('fc7e8e57-acc5-4682-b5ed-e343f6ca8d53', '9.00', '7.20', '8.10', '3.00', 'B', 1, '841481', '3120410003', '20232'),
('fd7938e0-e9e3-4245-a660-aa847d98b38c', '6.80', '6.90', '6.80', '2.00', 'C', 1, '864001', '3120410003', '20201'),
('fda296aa-c2d6-4be4-accc-114267483941', '6.50', '7.60', '7.10', '3.00', 'B', 1, '841414', '3120410003', '20222'),
('fe4926fd-884b-468b-9c70-7cff26513d68', '6.00', '9.30', '7.70', '3.00', 'B', 1, '841113', '3120410521', '20232'),
('fe7fd14c-95d6-45f5-908f-816837f79569', '7.40', '8.40', '7.90', '3.00', 'B', 1, '841109', '3120410521', '20211'),
('feed0896-b9f9-4c7c-82a5-ea23d01d05be', '7.70', '8.50', '8.00', '3.00', 'B', 1, '861302', '3120410003', '20203'),
('ff185f31-0f8f-4709-a62a-f24f1fb5747e', '6.50', '7.90', '7.10', '3.00', 'B', 1, '862407', '3121410092', '20221'),
('ffc83716-708f-4bf5-bb18-8e08460ca32e', '7.70', '9.30', '8.30', '3.00', 'B', 1, '861301', '3120410003', '20202'),
('ffcd5f01-ba0e-49a4-891d-1f8402cbb0f7', '7.40', '9.20', '8.30', '3.00', 'B', 1, '841415', '3120410003', '20211');

INSERT INTO `semester` (`semesterId`, `semesterName`, `cycleId`, `academicYear`) VALUES
('0000', 0, NULL, 0);
INSERT INTO `semester` (`semesterId`, `semesterName`, `cycleId`, `academicYear`) VALUES
('20201', 1, NULL, 2020);
INSERT INTO `semester` (`semesterId`, `semesterName`, `cycleId`, `academicYear`) VALUES
('20202', 2, NULL, 2020);
INSERT INTO `semester` (`semesterId`, `semesterName`, `cycleId`, `academicYear`) VALUES
('20203', 3, NULL, 2020),
('20211', 1, NULL, 2021),
('20212', 2, NULL, 2021),
('20213', 3, NULL, 2021),
('20221', 1, NULL, 2022),
('20222', 2, NULL, 2022),
('20223', 3, NULL, 2022),
('20231', 1, NULL, 2023),
('20232', 2, NULL, 2023),
('20233', 3, NULL, 2023),
('20241', 1, NULL, 2024),
('20242', 2, NULL, 2024),
('20243', 3, NULL, 2024),
('20251', 1, NULL, 2025),
('20252', 2, NULL, 2025),
('20253', 3, NULL, 2025);

INSERT INTO `status` (`statusId`, `statusName`, `type`, `orderNo`, `createDate`, `lastModifyDate`, `createUserId`, `lastModifyUserId`) VALUES
('001', 'Xác định chủ đề và vấn đề nghiên cứu', 'Tiến độ khóa luận', 1, '2024-08-21 00:00:00.000000', '2024-08-21 11:12:23.992281', 'admin', 'admin');
INSERT INTO `status` (`statusId`, `statusName`, `type`, `orderNo`, `createDate`, `lastModifyDate`, `createUserId`, `lastModifyUserId`) VALUES
('002', 'Tìm hiểu và tổng quan tài liệu', 'Tiến độ khóa luận', 2, '2024-08-21 00:00:00.000000', '2024-08-21 11:12:24.027289', 'admin', 'admin');
INSERT INTO `status` (`statusId`, `statusName`, `type`, `orderNo`, `createDate`, `lastModifyDate`, `createUserId`, `lastModifyUserId`) VALUES
('003', 'Bảo vệ kết quả nghiên cứu:', 'Tiến độ khóa luận', 3, '2024-08-21 00:00:00.000000', '2024-08-21 11:12:24.013971', 'admin', 'admin');
INSERT INTO `status` (`statusId`, `statusName`, `type`, `orderNo`, `createDate`, `lastModifyDate`, `createUserId`, `lastModifyUserId`) VALUES
('004', 'Thu thập và phân tích dữ liệu', 'Tiến độ khóa luận', 4, '2024-08-21 00:00:00.000000', '2024-08-21 00:00:00.000000', 'admin', 'admin'),
('005', 'Viết và trình bày kết quả nghiên cứu', 'Tiến độ khóa luận', 5, '2024-08-21 00:00:00.000000', '2024-08-21 00:00:00.000000', 'admin', 'admin'),
('006', 'Bảo vệ kết quả nghiên cứu', 'Tiến độ khóa luận', 6, '2024-08-21 00:00:00.000000', '2024-08-21 00:00:00.000000', 'admin', 'admin'),
('007', 'Xác định chủ đề và vấn đề nghiên cứu', 'Tiến độ đề tài NCKH', 1, '2024-08-21 00:00:00.000000', '2024-09-15 13:50:45.023728', 'admin', 'admin'),
('008', 'Tìm hiểu và tổng quan tài liệu', 'Tiến độ đề tài NCKH', 2, '2024-08-21 00:00:00.000000', '2024-09-15 13:50:45.033510', 'admin', 'admin'),
('009', 'Xây dựng phương pháp nghiên cứu', 'Tiến độ đề tài NCKH', 3, '2024-08-21 00:00:00.000000', '2024-09-15 13:50:45.040492', 'admin', 'admin'),
('010', 'Thu thập và phân tích dữ liệu', 'Tiến độ đề tài NCKH', 4, '2024-08-21 00:00:00.000000', '2024-09-15 13:50:45.048175', 'admin', 'admin'),
('011', 'Viết và trình bày kết quả nghiên cứu', 'Tiến độ đề tài NCKH', 5, '2024-08-21 00:00:00.000000', '2024-09-15 13:50:45.055349', 'admin', 'admin'),
('012', 'Đánh giá và hoàn thiện nghiên cứu', 'Tiến độ đề tài NCKH', 6, '2024-08-21 00:00:00.000000', '2024-09-15 13:50:45.062615', 'admin', 'admin'),
('013', 'Đang chờ xác nhận ', 'Tiến độ đề tài NCKH', 1, '2024-08-22 14:42:03.000000', '2024-09-15 13:50:45.069554', 'admin', 'admin'),
('014', 'Lỗi xác nhận ', 'Tiến độ đề tài NCKH', 2, '2024-08-22 14:43:20.000000', '2024-09-15 13:50:45.077502', 'admin', 'admin'),
('015', 'Hoàn thành', 'Tiến độ đề tài NCKH', 3, '2024-08-22 14:44:58.788890', '2024-09-15 13:50:45.084524', 'admin', 'admin'),
('016', 'Hết hạn', 'Tiến độ đề tài NCKH', 4, '2024-08-22 14:45:41.717869', '2024-09-15 13:50:45.091494', 'admin', 'admin'),
('017', 'Đang mở', 'Tiến độ đề tài NCKH', 5, '2024-08-23 14:03:44.000000', '2024-09-15 13:50:45.099481', 'admin', 'admin'),
('018', 'Đang mở ', 'Tiến độ khóa luận', 1, '2024-08-23 14:18:14.000000', '2024-08-23 14:18:14.000000', 'admin', 'admin'),
('019', 'Đang thực hiện', 'Tiến độ nhóm đề tài NCKH', 1, '2024-08-23 14:03:44.000000', '2024-09-15 13:50:45.099481', 'admin', 'admin'),
('020', 'Hoàn thành', 'Tiến độ nhóm đề tài NCKH', 2, '2024-08-23 14:18:14.000000', '2024-08-23 14:18:14.000000', 'admin', 'admin');

INSERT INTO `study_frame` (`id`, `frameId`, `frameName`, `description`, `orderNo`, `creditHour`, `parentFrameId`) VALUES
('9b95be3c-57e6-11ef-8c50-1aa268f50191', 'GDDC_BB', 'Các học phần bắt buộc', 'Các học phần bắt buộc Giáo dục đại cương', 2, '32/32', 'e99e7204-579b-11ef-aca7-1aa268f50191');
INSERT INTO `study_frame` (`id`, `frameId`, `frameName`, `description`, `orderNo`, `creditHour`, `parentFrameId`) VALUES
('9b95e4b5-57e6-11ef-8c50-1aa268f50191', 'GDDC_TC', 'Các học phần tự chọn', 'Các học phần tự chọn Giáo dục đại cương', 3, '2/10', 'e99e7204-579b-11ef-aca7-1aa268f50191');
INSERT INTO `study_frame` (`id`, `frameId`, `frameName`, `description`, `orderNo`, `creditHour`, `parentFrameId`) VALUES
('9b95e7ab-57e6-11ef-8c50-1aa268f50191', 'CSN_BB', 'Các học phần bắt buộc', 'Các học phần bắt buộc Cơ sở ngành', 6, '48/48', 'e9a1e9de-579b-11ef-aca7-1aa268f50191');
INSERT INTO `study_frame` (`id`, `frameId`, `frameName`, `description`, `orderNo`, `creditHour`, `parentFrameId`) VALUES
('9b95e9da-57e6-11ef-8c50-1aa268f50191', 'CSN_TC', 'Các học phần tự chọn', 'Các học phần tự chọn Cơ sở ngành', 7, '0/0', 'e9a1e9de-579b-11ef-aca7-1aa268f50191'),
('9b9614d0-57e6-11ef-8c50-1aa268f50191', 'NGANH_BB', 'Các học phần bắt buộc', 'Các học phần bắt buộc Ngành', 9, '30/30', 'e9a216da-579b-11ef-aca7-1aa268f50191'),
('9b9616b6-57e6-11ef-8c50-1aa268f50191', 'NGANH_TC', 'Các học phần tự chọn', 'Các học phần tự chọn Ngành', 10, '18/38', 'e9a216da-579b-11ef-aca7-1aa268f50191'),
('e3f05651-57e4-11ef-8c50-1aa268f50191', 'CN_HTTT', 'Chuyên ngành Hệ thống thông tin', 'Chuyên ngành Hệ thống thông tin', 12, '34/46', 'e9a2184d-579b-11ef-aca7-1aa268f50191'),
('e3f0b308-57e4-11ef-8c50-1aa268f50191', 'CN_KTMT', 'Chuyên ngành Kỹ thuật máy tính', 'Chuyên ngành Kỹ thuật máy tính', 15, '34/46', 'e9a2184d-579b-11ef-aca7-1aa268f50191'),
('e3f104f7-57e4-11ef-8c50-1aa268f50191', 'CN_KHMT', 'Chuyên ngành Khoa học máy tính', 'Chuyên ngành Khoa học máy tính', 18, '34/52', 'e9a2184d-579b-11ef-aca7-1aa268f50191'),
('e3f10db3-57e4-11ef-8c50-1aa268f50191', 'CN_KTPM', 'Chuyên ngành Kỹ thuật phần mềm', 'Chuyên ngành Kỹ thuật phần mềm', 21, '34/49', 'e9a2184d-579b-11ef-aca7-1aa268f50191'),
('e3f1120a-57e4-11ef-8c50-1aa268f50191', 'CN_HTTT_BB', 'Các học phần bắt buộc', 'Các học phần bắt buộc Hệ thống thông tin', 13, '16/16', 'e3f05651-57e4-11ef-8c50-1aa268f50191'),
('e3f11451-57e4-11ef-8c50-1aa268f50191', 'CN_HTTT_TC', 'Các học phần tự chọn', 'Các học phần tự chọn Hệ thống thông tin', 14, '18/30', 'e3f05651-57e4-11ef-8c50-1aa268f50191'),
('e3f11669-57e4-11ef-8c50-1aa268f50191', 'CN_KTMT_BB', 'Các học phần bắt buộc', 'Các học phần bắt buộc Kỹ thuật máy tính', 16, '16/16', 'e3f0b308-57e4-11ef-8c50-1aa268f50191'),
('e3f119e6-57e4-11ef-8c50-1aa268f50191', 'CN_KTMT_TC', 'Các học phần tự chọn', 'Các học phần tự chọn Kỹ thuật máy tính', 17, '18/30', 'e3f0b308-57e4-11ef-8c50-1aa268f50191'),
('e3f167c2-57e4-11ef-8c50-1aa268f50191', 'CN_KHMT_BB', 'Các học phần bắt buộc', 'Các học phần bắt buộc Khoa học máy tính', 19, '16/16', 'e3f104f7-57e4-11ef-8c50-1aa268f50191'),
('e3f16aeb-57e4-11ef-8c50-1aa268f50191', 'CN_KHMT_TC', 'Các học phần tự chọn', 'Các học phần tự chọn Khoa học máy tính', 20, '18/30', 'e3f104f7-57e4-11ef-8c50-1aa268f50191'),
('e3f1700e-57e4-11ef-8c50-1aa268f50191', 'CN_KTPM_BB', 'Các học phần bắt buộc', 'Các học phần bắt buộc Kỹ thuật phần mềm', 22, '16/16', 'e3f10db3-57e4-11ef-8c50-1aa268f50191'),
('e3f173c9-57e4-11ef-8c50-1aa268f50191', 'CN_KTPM_TC', 'Các học phần tự chọn', 'Các học phần tự chọn Kỹ thuật phần mềm', 23, '18/30', 'e3f10db3-57e4-11ef-8c50-1aa268f50191'),
('e99e7204-579b-11ef-aca7-1aa268f50191', 'GDDC', 'Khối kiến thức giáo dục đại cương\r\nkhông tính GDTC và GDQPAN\r\n', 'Kiến thức đại cương', 1, '', NULL),
('e9a1e9de-579b-11ef-aca7-1aa268f50191', 'CSN', 'Kiến thức cơ sở ngành', 'Kiến thức cơ sở ngành', 5, '48/48', 'e9a2192b-579b-11ef-aca7-1aa268f50191'),
('e9a216da-579b-11ef-aca7-1aa268f50191', 'NGANH', 'Kiến thức ngành', 'Kiến thức ngành', 8, '48/68', 'e9a2192b-579b-11ef-aca7-1aa268f50191'),
('e9a2184d-579b-11ef-aca7-1aa268f50191', 'CHUYENNGANH', 'Kiến thức chuyên ngành', 'Kiến thức chuyên ngành', 11, '', 'e9a2192b-579b-11ef-aca7-1aa268f50191'),
('e9a2192b-579b-11ef-aca7-1aa268f50191', 'CHUYENNGHIEP', 'Khối kiến thức chuyên nghiệp', 'Khối kiến thức chuyên nghiệp', 4, '', NULL);





INSERT INTO `subject` (`subjectId`, `subjectName`, `creditHour`, `isCompulsory`, `createDate`, `lastModifyDate`, `subjectBefore`, `subjectEqualId`, `createUserId`, `lastModifyUserId`) VALUES
('841020', 'Cơ sở lập trình', 3, 1, '2024-08-06 00:00:00.000000', '2024-09-15 10:21:32.772363', NULL, NULL, 'admin', 'admin');
INSERT INTO `subject` (`subjectId`, `subjectName`, `creditHour`, `isCompulsory`, `createDate`, `lastModifyDate`, `subjectBefore`, `subjectEqualId`, `createUserId`, `lastModifyUserId`) VALUES
('841021', 'Kiến trúc máy tính', 3, 1, '2024-08-06 00:00:00.000000', '2024-09-15 10:21:32.772363', NULL, NULL, 'admin', 'admin');
INSERT INTO `subject` (`subjectId`, `subjectName`, `creditHour`, `isCompulsory`, `createDate`, `lastModifyDate`, `subjectBefore`, `subjectEqualId`, `createUserId`, `lastModifyUserId`) VALUES
('841022', 'Hệ điều hành', 3, 1, '2024-08-06 00:00:00.000000', '2024-09-15 10:21:32.772363', '841021', NULL, 'admin', 'admin');
INSERT INTO `subject` (`subjectId`, `subjectName`, `creditHour`, `isCompulsory`, `createDate`, `lastModifyDate`, `subjectBefore`, `subjectEqualId`, `createUserId`, `lastModifyUserId`) VALUES
('841044', 'Phương pháp lập trình hướng đối tượng', 4, 1, '2024-08-06 00:00:00.000000', '2024-09-15 10:21:32.772363', '841020', NULL, 'admin', 'admin'),
('841047', 'Công nghệ phần mềm', 4, 1, '2024-08-06 00:00:00.000000', '2024-09-15 10:21:32.772363', NULL, NULL, 'admin', 'admin'),
('841048', 'Phân tích thiết kế HTTT', 4, 1, '2024-08-06 00:00:00.000000', '2024-09-15 10:21:32.772363', '841109', NULL, 'admin', 'admin'),
('841058', 'Hệ điều hành mã nguồn mở', 3, 0, '2024-08-06 00:00:00.000000', '2024-09-15 10:21:32.772363', NULL, NULL, 'admin', 'admin'),
('841068', 'Hệ thống thông tin doanh nghiệp', 3, 0, '2024-08-06 00:00:00.000000', '2024-09-15 10:21:32.772363', '841048', NULL, 'admin', 'admin'),
('841070', 'Thực tập tốt nghiệp', 6, 1, '2024-08-06 00:00:00.000000', '2024-09-15 10:21:32.772363', NULL, NULL, 'admin', 'admin'),
('841072', 'Các công nghệ lập trình hiện đại', 3, 1, '2024-08-06 00:00:00.000000', '2024-09-15 10:21:32.772363', NULL, NULL, 'admin', 'admin'),
('841073', 'Seminar chuyên đề', 3, 1, '2024-08-06 00:00:00.000000', '2024-09-15 10:21:32.772363', NULL, NULL, 'admin', 'admin'),
('841099', 'Khóa luận tốt nghiệp', 10, 1, '2024-08-06 00:00:00.000000', '2024-09-15 10:21:32.772363', NULL, NULL, 'admin', 'admin'),
('841107', 'Ngôn ngữ lập trình Java', 4, 0, '2024-08-06 00:00:00.000000', '2024-09-15 10:21:32.772363', NULL, NULL, 'admin', 'admin'),
('841108', 'Cấu trúc dữ liệu và giải thuật', 4, 1, '2024-08-06 00:00:00.000000', '2024-09-15 10:21:32.772363', '841020', NULL, 'admin', 'admin'),
('841109', 'Cơ sở dữ liệu', 4, 1, '2024-08-06 00:00:00.000000', '2024-09-15 10:21:32.772363', NULL, NULL, 'admin', 'admin'),
('841110', 'Cơ sở trí tuệ nhân tạo', 4, 1, '2024-08-06 00:00:00.000000', '2024-09-15 10:21:32.772363', NULL, NULL, 'admin', 'admin'),
('841111', 'Phân tích thiết kế hướng đối tượng', 4, 1, '2024-08-06 00:00:00.000000', '2024-09-15 10:21:32.772363', '841044', NULL, 'admin', 'admin'),
('841113', 'Phát triển phần mềm mã nguồn mở', 3, 0, '2024-08-06 00:00:00.000000', '2024-09-15 10:21:32.772363', NULL, NULL, 'admin', 'admin'),
('841116', 'Đồ họa máy tính', 3, 0, '2024-08-06 00:00:00.000000', '2024-09-15 10:21:32.772363', NULL, NULL, 'admin', 'admin'),
('841120', 'An toàn và bảo mật dữ liệu trong HTTT', 3, 0, '2024-08-06 00:00:00.000000', '2024-09-15 10:21:32.772363', NULL, NULL, 'admin', 'admin'),
('841303', 'Kỹ thuật lập trình', 4, 1, '2024-08-06 00:00:00.000000', '2024-09-15 10:21:32.772363', '841020', NULL, 'admin', 'admin'),
('841310', 'Lý thuyết đồ thị', 3, 1, '2024-08-06 00:00:00.000000', '2024-09-15 10:21:32.772363', '841108', NULL, 'admin', 'admin'),
('841319', 'An toàn mạng không dây và di động', 3, 0, '2024-08-06 00:00:00.000000', '2024-09-15 10:21:32.772363', NULL, NULL, 'admin', 'admin'),
('841320', 'Công nghệ Internet of Things', 3, 0, '2024-08-06 00:00:00.000000', '2024-09-15 10:21:32.772363', NULL, NULL, 'admin', 'admin'),
('841323', 'Điện toán đám mây', 3, 0, '2024-08-06 00:00:00.000000', '2024-09-15 10:21:32.772363', NULL, NULL, 'admin', 'admin'),
('841324', 'Phương pháp luận nghiên cứu khoa học', 2, 0, '2024-08-06 00:00:00.000000', '2024-09-15 10:21:32.772363', NULL, NULL, 'admin', 'admin'),
('841401', 'Giải tích 1', 3, 1, '2024-08-06 00:00:00.000000', '2024-09-15 10:21:32.772363', NULL, NULL, 'admin', 'admin'),
('841402', 'Đại số tuyến tính', 3, 1, '2024-08-06 00:00:00.000000', '2024-09-15 10:21:32.772363', NULL, NULL, 'admin', 'admin'),
('841403', 'Cấu trúc rời rạc', 4, 1, '2024-08-06 00:00:00.000000', '2024-09-15 10:21:32.772363', NULL, NULL, 'admin', 'admin'),
('841404', 'Mạng máy tính', 3, 1, '2024-08-06 00:00:00.000000', '2024-09-15 10:21:32.772363', NULL, NULL, 'admin', 'admin'),
('841405', 'Xác suất thống kê A', 3, 1, '2024-08-06 00:00:00.000000', '2024-10-02 17:11:24.232606', NULL, '864001', 'admin', 'admin'),
('841406', 'Giải tích 2', 3, 1, '2024-08-06 00:00:00.000000', '2024-09-15 10:21:32.772363', '841401', NULL, 'admin', 'admin'),
('841407', 'Các hệ quản trị cơ sở dữ liệu', 4, 1, '2024-08-06 00:00:00.000000', '2024-09-15 10:21:32.772363', '841109', NULL, 'admin', 'admin'),
('841408', 'Kiểm thử phần mềm', 4, 1, '2024-08-06 00:00:00.000000', '2024-09-15 10:21:32.772363', NULL, NULL, 'admin', 'admin'),
('841409', 'Mạng máy tính nâng cao', 4, 1, '2024-08-06 00:00:00.000000', '2024-09-15 10:21:32.772363', NULL, NULL, 'admin', 'admin'),
('841410', 'An ninh mạng máy tính', 4, 1, '2024-08-06 00:00:00.000000', '2024-09-15 10:21:32.772363', NULL, NULL, 'admin', 'admin'),
('841411', 'Quản trị mạng', 4, 1, '2024-08-06 00:00:00.000000', '2024-09-15 10:21:32.772363', NULL, NULL, 'admin', 'admin'),
('841412', 'Nguyên lý và phương pháp lập trình', 4, 0, '2024-08-06 00:00:00.000000', '2024-09-15 10:21:32.772363', '841044', NULL, 'admin', 'admin'),
('841413', 'Cơ sở dữ liệu phân tán', 4, 1, '2024-08-06 00:00:00.000000', '2024-09-15 10:21:32.772363', '841109', NULL, 'admin', 'admin'),
('841414', 'Thiết kế và phân tích giải thuật', 3, 1, '2024-08-06 00:00:00.000000', '2024-09-15 10:21:32.772363', NULL, NULL, 'admin', 'admin'),
('841415', 'Luật pháp và CNTT', 2, 0, '2024-08-06 00:00:00.000000', '2024-09-15 10:21:32.772363', NULL, NULL, 'admin', 'admin'),
('841417', 'Mỹ thuật ứng dụng trong CNTT', 2, 0, '2024-08-06 00:00:00.000000', '2024-09-15 10:21:32.772363', NULL, NULL, 'admin', 'admin'),
('841418', 'Mô hình tài chính', 3, 0, '2024-08-06 00:00:00.000000', '2024-09-15 10:21:32.772363', NULL, NULL, 'admin', 'admin'),
('841419', 'Lập trình web và ứng dụng', 4, 0, '2024-08-06 00:00:00.000000', '2024-09-15 10:21:32.772363', '841020', NULL, 'admin', 'admin'),
('841420', 'Lập trình trực quan', 4, 0, '2024-08-06 00:00:00.000000', '2024-09-15 10:21:32.772363', NULL, NULL, 'admin', 'admin'),
('841422', 'Ngôn ngữ lập trình Python', 4, 0, '2024-08-06 00:00:00.000000', '2024-09-15 10:21:32.772363', NULL, NULL, 'admin', 'admin'),
('841423', 'Ngôn ngữ lập trình C#', 4, 0, '2024-08-06 00:00:00.000000', '2024-09-15 10:21:32.772363', NULL, NULL, 'admin', 'admin'),
('841424', 'Phương pháp mô hình hóa', 3, 0, '2024-08-06 00:00:00.000000', '2024-09-15 10:21:32.772363', NULL, NULL, 'admin', 'admin'),
('841426', 'Quản lý và bảo mật dữ liệu', 3, 0, '2024-08-06 00:00:00.000000', '2024-09-15 10:21:32.772363', NULL, NULL, 'admin', 'admin'),
('841429', 'Cơ sở dữ liệu nâng cao', 4, 1, '2024-08-06 00:00:00.000000', '2024-09-15 10:21:32.772363', '841109', NULL, 'admin', 'admin'),
('841431', 'Quản lý dự án phần mềm', 4, 0, '2024-08-06 00:00:00.000000', '2024-09-15 10:21:32.772363', NULL, NULL, 'admin', 'admin'),
('841432', 'Phân tích dữ liệu', 4, 0, '2024-08-06 00:00:00.000000', '2024-09-15 10:21:32.772363', NULL, NULL, 'admin', 'admin'),
('841433', 'Các hệ thống cơ sở dữ liệu', 4, 0, '2024-08-06 00:00:00.000000', '2024-09-15 10:21:32.772363', '841109', NULL, 'admin', 'admin'),
('841434', 'Thương mại điện tử & ứng dụng', 4, 0, '2024-08-06 00:00:00.000000', '2024-09-15 10:21:32.772363', '841109', NULL, 'admin', 'admin'),
('841435', 'Hệ hỗ trợ quyết định', 4, 0, '2024-08-06 00:00:00.000000', '2024-09-15 10:21:32.772363', '841108', NULL, 'admin', 'admin'),
('841437', 'Các giải thuật phân tán', 4, 0, '2024-08-06 00:00:00.000000', '2024-09-15 10:21:32.772363', NULL, NULL, 'admin', 'admin'),
('841438', 'Lập trình ứng dụng mạng', 4, 1, '2024-08-06 00:00:00.000000', '2024-09-15 10:21:32.772363', NULL, NULL, 'admin', 'admin'),
('841439', 'Mạng không dây', 4, 0, '2024-08-06 00:00:00.000000', '2024-09-15 10:21:32.772363', NULL, NULL, 'admin', 'admin'),
('841440', 'Phân tích và thiết kế mạng máy tính', 4, 0, '2024-08-06 00:00:00.000000', '2024-09-15 10:21:32.772363', NULL, NULL, 'admin', 'admin'),
('841441', 'Đánh giá hiệu năng mạng', 3, 0, '2024-08-06 00:00:00.000000', '2024-09-15 10:21:32.772363', NULL, NULL, 'admin', 'admin'),
('841442', 'Mạng đa phương tiện và di động', 3, 0, '2024-08-06 00:00:00.000000', '2024-09-15 10:21:32.772363', NULL, NULL, 'admin', 'admin'),
('841443', 'Phân tích mạng truyền thông xã hội', 3, 0, '2024-08-06 00:00:00.000000', '2024-09-15 10:21:32.772363', NULL, NULL, 'admin', 'admin'),
('841444', 'Quản trị và bảo trì hệ thống', 3, 0, '2024-08-06 00:00:00.000000', '2024-09-15 10:21:32.772363', NULL, NULL, 'admin', 'admin'),
('841445', 'Hệ thống ảo và khả năng mở rộng dữ liệu', 3, 0, '2024-08-06 00:00:00.000000', '2024-09-15 10:21:32.772363', NULL, NULL, 'admin', 'admin'),
('841446', 'Phân tích và xử lý ảnh', 4, 1, '2024-08-06 00:00:00.000000', '2024-09-15 10:21:32.772363', NULL, NULL, 'admin', 'admin'),
('841447', 'Khai thác dữ liệu và ứng dụng', 4, 1, '2024-08-06 00:00:00.000000', '2024-09-15 10:21:32.772363', NULL, NULL, 'admin', 'admin'),
('841448', 'Xử lý ngôn ngữ tự nhiên', 4, 1, '2024-08-06 00:00:00.000000', '2024-09-15 10:21:32.772363', NULL, NULL, 'admin', 'admin'),
('841449', 'Nhập môn máy học', 4, 1, '2024-08-06 00:00:00.000000', '2024-09-15 10:21:32.772363', NULL, NULL, 'admin', 'admin'),
('841450', 'Nhập môn dữ liệu lớn', 4, 0, '2024-08-06 00:00:00.000000', '2024-09-15 10:21:32.772363', NULL, NULL, 'admin', 'admin'),
('841451', 'Tính toán song song', 3, 0, '2024-08-06 00:00:00.000000', '2024-09-15 10:21:32.772363', NULL, NULL, 'admin', 'admin'),
('841452', 'Tính toán thông minh', 3, 0, '2024-08-06 00:00:00.000000', '2024-09-15 10:21:32.772363', NULL, NULL, 'admin', 'admin'),
('841453', 'Phân tích và nhận dạng mẫu', 4, 0, '2024-08-06 00:00:00.000000', '2024-09-15 10:21:32.772363', NULL, NULL, 'admin', 'admin'),
('841454', 'Xử lý ảnh nâng cao', 4, 0, '2024-08-06 00:00:00.000000', '2024-09-15 10:21:32.772363', NULL, NULL, 'admin', 'admin'),
('841455', 'Ngôn ngữ học máy tính', 3, 0, '2024-08-06 00:00:00.000000', '2024-09-15 10:21:32.772363', NULL, NULL, 'admin', 'admin'),
('841456', 'Công nghệ tri thức', 4, 0, '2024-08-06 00:00:00.000000', '2024-09-15 10:21:32.772363', NULL, NULL, 'admin', 'admin'),
('841457', 'Học sâu', 4, 0, '2024-08-06 00:00:00.000000', '2024-09-15 10:21:32.772363', NULL, NULL, 'admin', 'admin'),
('841458', 'Trí tuệ nhân tạo nâng cao', 4, 0, '2024-08-06 00:00:00.000000', '2024-09-15 10:21:32.772363', NULL, NULL, 'admin', 'admin'),
('841461', 'Nhập môn phát triển ứng dụng trên thiết bị di động', 4, 1, '2024-08-06 00:00:00.000000', '2024-09-15 10:21:32.772363', NULL, NULL, 'admin', 'admin'),
('841463', 'Phát triển ứng dụng trên thiết bị di động nâng cao', 4, 0, '2024-08-06 00:00:00.000000', '2024-09-15 10:21:32.772363', NULL, NULL, 'admin', 'admin'),
('841464', 'Lập trình Web và ứng dụng nâng cao', 4, 0, '2024-08-06 00:00:00.000000', '2024-09-15 10:21:32.772363', '841419', NULL, 'admin', 'admin'),
('841467', 'Công nghệ .NET', 4, 0, '2024-08-06 00:00:00.000000', '2024-09-15 10:21:32.772363', NULL, NULL, 'admin', 'admin'),
('841468', 'Chuyên đề J2EE', 4, 0, '2024-08-06 00:00:00.000000', '2024-09-15 10:21:32.772363', NULL, NULL, 'admin', 'admin'),
('841470', 'Tương tác người máy', 4, 0, '2024-08-06 00:00:00.000000', '2024-09-15 10:21:32.772363', NULL, NULL, 'admin', 'admin'),
('841476', 'Đồ án chuyên ngành', 4, 1, '2024-08-06 00:00:00.000000', '2024-09-15 10:21:32.772363', NULL, NULL, 'admin', 'admin'),
('841480', 'Xây dựng phần mềm theo mô hình phân lớp (2020)', 4, 1, '2024-08-06 00:00:00.000000', '2024-09-15 10:21:32.772363', NULL, NULL, 'admin', 'admin'),
('841481', 'Thiết kế giao diện', 4, 1, '2024-08-06 00:00:00.000000', '2024-09-15 10:21:32.772363', NULL, NULL, 'admin', 'admin'),
('841482', 'Seminar chuyên đề (ngành CNTT, ngành KTPM)', 3, 0, '2024-09-26 00:38:56.035000', '2024-09-26 00:38:56.035000', NULL, NULL, '3121410092', '3121410092'),
('861301', 'Triết học Mác – Lênin', 3, 1, '2024-08-06 00:00:00.000000', '2024-09-15 10:21:32.772363', NULL, NULL, 'admin', 'admin'),
('861302', 'Kinh tế chính trị Mác – Lênin', 2, 1, '2024-08-06 00:00:00.000000', '2024-09-15 10:21:32.772363', '861301', NULL, 'admin', 'admin'),
('861303', 'Chủ nghĩa xã hội khoa học', 2, 1, '2024-08-06 00:00:00.000000', '2024-09-15 10:21:32.772363', '861302', NULL, 'admin', 'admin'),
('861304', 'Tư tưởng Hồ Chí Minh', 2, 1, '2024-08-06 00:00:00.000000', '2024-09-15 10:21:32.772363', '861303', NULL, 'admin', 'admin'),
('861305', 'Lịch sử Đảng Cộng sản Việt Nam', 2, 1, '2024-08-06 00:00:00.000000', '2024-09-15 10:21:32.772363', '861303', NULL, 'admin', 'admin'),
('862101', 'Giáo dục thể chất (I)', 1, 1, '2024-08-06 00:00:00.000000', '2024-09-15 10:21:32.772363', NULL, NULL, 'admin', 'admin'),
('862406', 'Giáo dục quốc phòng và an ninh I', 3, 1, '2024-08-06 00:00:00.000000', '2024-09-15 10:21:32.772363', NULL, NULL, 'admin', 'admin'),
('862407', 'Giáo dục quốc phòng và an ninh II', 2, 1, '2024-08-06 00:00:00.000000', '2024-09-15 10:21:32.772363', '862406', NULL, 'admin', 'admin'),
('862408', 'Giáo dục quốc phòng và an ninh III', 2, 1, '2024-08-06 00:00:00.000000', '2024-09-15 10:21:32.772363', '862407', NULL, 'admin', 'admin'),
('862409', 'Giáo dục quốc phòng và an ninh IV', 4, 1, '2024-08-06 00:00:00.000000', '2024-09-15 10:21:32.772363', '862408', NULL, 'admin', 'admin'),
('864001', 'Xác suất thống kê A', 3, 1, '2024-09-10 13:40:58.166000', '2024-10-02 17:11:24.239313', NULL, '841405', 'admin', 'admin'),
('865006', 'Pháp luật đại cương', 2, 1, '2024-08-06 00:00:00.000000', '2024-09-15 10:21:32.772363', NULL, NULL, 'admin', 'admin'),
('866101', 'Tiếng Anh I', 2, 1, '2024-08-06 00:00:00.000000', '2024-09-15 10:21:32.772363', NULL, NULL, 'admin', 'admin'),
('866102', 'Tiếng Anh II', 2, 1, '2024-08-06 00:00:00.000000', '2024-09-15 10:21:32.772363', '866102', NULL, 'admin', 'admin'),
('866103', 'Tiếng Anh III', 3, 1, '2024-08-06 00:00:00.000000', '2024-09-15 10:21:32.772363', '866103', NULL, 'admin', 'admin'),
('BOBA11', 'Bóng bàn 1', 1, 0, '2024-08-06 00:00:00.000000', '2024-09-15 10:21:32.772363', '862101', NULL, 'admin', 'admin'),
('BOBA12', 'Bóng bàn 2', 1, 0, '2024-08-06 00:00:00.000000', '2024-09-15 10:21:32.772363', '862101', NULL, 'admin', 'admin'),
('BOCH11', 'Bóng chuyền 1', 1, 0, '2024-08-06 00:00:00.000000', '2024-09-15 10:21:32.772363', '862101', NULL, 'admin', 'admin'),
('BOCH12', 'Bóng chuyền 2', 1, 0, '2024-08-06 00:00:00.000000', '2024-09-15 10:21:32.772363', '862101', NULL, 'admin', 'admin'),
('BODA11', 'Bóng đá 1', 1, 0, '2024-08-06 00:00:00.000000', '2024-09-15 10:21:32.772363', '862101', NULL, 'admin', 'admin'),
('BODA12', 'Bóng đá 2', 1, 0, '2024-08-06 00:00:00.000000', '2024-09-15 10:21:32.772363', '862101', NULL, 'admin', 'admin'),
('BORO11', 'Bóng rổ 1', 1, 0, '2024-08-06 00:00:00.000000', '2024-09-15 10:21:32.772363', '862101', NULL, 'admin', 'admin'),
('BORO12', 'Bóng rổ 2', 1, 0, '2024-08-06 00:00:00.000000', '2024-09-15 10:21:32.772363', '862101', NULL, 'admin', 'admin'),
('CALO11', 'Cầu lông 1', 1, 0, '2024-08-06 00:00:00.000000', '2024-09-15 10:21:32.772363', '862101', NULL, 'admin', 'admin'),
('CALO12', 'Cầu lông 2', 1, 0, '2024-08-06 00:00:00.000000', '2024-09-15 10:21:32.772363', '862101', NULL, 'admin', 'admin'),
('KSTA60', 'Đủ điều kiện học Tiếng Anh I (866101)', 0, 0, '2024-09-10 13:40:55.980000', '2024-09-15 10:21:32.772363', NULL, NULL, 'admin', 'admin');

INSERT INTO `subject_major` (`subjectId`, `majorId`) VALUES
('841068', 'HTTT');
INSERT INTO `subject_major` (`subjectId`, `majorId`) VALUES
('841111', 'HTTT');
INSERT INTO `subject_major` (`subjectId`, `majorId`) VALUES
('841113', 'KTPM');
INSERT INTO `subject_major` (`subjectId`, `majorId`) VALUES
('841116', 'KHMT'),
('841120', 'HTTT'),
('841319', 'KTMT'),
('841320', 'KTPM'),
('841323', 'KTPM'),
('841407', 'HTTT'),
('841408', 'KTPM'),
('841409', 'KTMT'),
('841410', 'KTMT'),
('841411', 'KTMT'),
('841412', 'HTTT'),
('841413', 'HTTT'),
('841429', 'HTTT'),
('841431', 'HTTT'),
('841431', 'KTPM'),
('841432', 'HTTT'),
('841433', 'HTTT'),
('841434', 'HTTT'),
('841435', 'HTTT'),
('841437', 'KTMT'),
('841438', 'KTMT'),
('841439', 'KTMT'),
('841440', 'KTMT'),
('841441', 'KTMT'),
('841442', 'KTMT'),
('841443', 'KTMT'),
('841444', 'KTMT'),
('841445', 'KTMT'),
('841446', 'KHMT'),
('841447', 'KHMT'),
('841448', 'KHMT'),
('841449', 'KHMT'),
('841450', 'KHMT'),
('841451', 'KHMT'),
('841452', 'KHMT'),
('841453', 'KHMT'),
('841454', 'KHMT'),
('841455', 'KHMT'),
('841456', 'KHMT'),
('841457', 'KHMT'),
('841458', 'KHMT'),
('841461', 'KTPM'),
('841463', 'KTPM'),
('841464', 'KTPM'),
('841467', 'KTPM'),
('841468', 'KTPM'),
('841470', 'KTPM'),
('841480', 'KTPM'),
('841481', 'KTPM');



INSERT INTO `subject_studyFrame` (`subjectId`, `frameId`) VALUES
('841020', 'CSN_BB');
INSERT INTO `subject_studyFrame` (`subjectId`, `frameId`) VALUES
('841021', 'CSN_BB');
INSERT INTO `subject_studyFrame` (`subjectId`, `frameId`) VALUES
('841022', 'CSN_BB');
INSERT INTO `subject_studyFrame` (`subjectId`, `frameId`) VALUES
('841044', 'CSN_BB'),
('841047', 'NGANH_BB'),
('841048', 'NGANH_BB'),
('841058', 'NGANH_TC'),
('841068', 'CN_HTTT_TC'),
('841070', 'NGANH_BB'),
('841072', 'NGANH_BB'),
('841073', 'NGANH_BB'),
('841099', 'NGANH_BB'),
('841107', 'NGANH_TC'),
('841108', 'CSN_BB'),
('841109', 'CSN_BB'),
('841110', 'CSN_BB'),
('841111', 'CN_HTTT_BB'),
('841113', 'CN_KTPM_TC'),
('841116', 'CN_KHMT_TC'),
('841120', 'CN_HTTT_TC'),
('841303', 'CSN_BB'),
('841310', 'NGANH_BB'),
('841319', 'CN_KTMT_TC'),
('841320', 'CN_KTPM_TC'),
('841323', 'CN_KTPM_TC'),
('841324', 'NGANH_TC'),
('841401', 'CSN_BB'),
('841402', 'CSN_BB'),
('841403', 'CSN_BB'),
('841404', 'CSN_BB'),
('841405', 'CSN_BB'),
('841406', 'CSN_BB'),
('841407', 'CN_HTTT_BB'),
('841408', 'CN_KTPM_BB'),
('841409', 'CN_KTMT_BB'),
('841410', 'CN_KTMT_BB'),
('841411', 'CN_KTMT_BB'),
('841412', 'CN_HTTT_TC'),
('841413', 'CN_HTTT_BB'),
('841414', 'NGANH_BB'),
('841415', 'NGANH_TC'),
('841417', 'NGANH_TC'),
('841418', 'NGANH_TC'),
('841419', 'NGANH_TC'),
('841420', 'NGANH_TC'),
('841422', 'NGANH_TC'),
('841423', 'NGANH_TC'),
('841424', 'NGANH_TC'),
('841426', 'NGANH_TC'),
('841429', 'CN_HTTT_BB'),
('841431', 'CN_HTTT_TC'),
('841431', 'CN_KTPM_TC'),
('841432', 'CN_HTTT_TC'),
('841433', 'CN_HTTT_TC'),
('841434', 'CN_HTTT_TC'),
('841435', 'CN_HTTT_TC'),
('841437', 'CN_KTMT_TC'),
('841438', 'CN_KTMT_BB'),
('841439', 'CN_KTMT_TC'),
('841440', 'CN_KTMT_TC'),
('841441', 'CN_KTMT_TC'),
('841442', 'CN_KTMT_TC'),
('841443', 'CN_KTMT_TC'),
('841444', 'CN_KTMT_TC'),
('841445', 'CN_KTMT_TC'),
('841446', 'CN_KHMT_BB'),
('841447', 'CN_KHMT_BB'),
('841448', 'CN_KHMT_BB'),
('841449', 'CN_KHMT_BB'),
('841450', 'CN_KHMT_TC'),
('841451', 'CN_KHMT_TC'),
('841452', 'CN_KHMT_TC'),
('841453', 'CN_KHMT_TC'),
('841454', 'CN_KHMT_TC'),
('841455', 'CN_KHMT_TC'),
('841456', 'CN_KHMT_TC'),
('841457', 'CN_KHMT_TC'),
('841458', 'CN_KHMT_TC'),
('841461', 'CN_KTPM_BB'),
('841463', 'CN_KTPM_TC'),
('841464', 'CN_KTPM_TC'),
('841467', 'CN_KTPM_TC'),
('841468', 'CN_KTPM_TC'),
('841470', 'CN_KTPM_TC'),
('841476', 'NGANH_BB'),
('841480', 'CN_KTPM_BB'),
('841481', 'CN_KTPM_BB'),
('861301', 'GDDC_BB'),
('861302', 'GDDC_BB'),
('861303', 'GDDC_BB'),
('861304', 'GDDC_BB'),
('861305', 'GDDC_BB'),
('862101', 'GDDC_BB'),
('862406', 'GDDC_BB'),
('862407', 'GDDC_BB'),
('862408', 'GDDC_BB'),
('862409', 'GDDC_BB'),
('865006', 'GDDC_BB'),
('866101', 'GDDC_BB'),
('866102', 'GDDC_BB'),
('866103', 'GDDC_BB'),
('BOBA11', 'GDDC_TC'),
('BOBA12', 'GDDC_TC'),
('BOCH11', 'GDDC_TC'),
('BOCH12', 'GDDC_TC'),
('BODA11', 'GDDC_TC'),
('BODA12', 'GDDC_TC'),
('BORO11', 'GDDC_TC'),
('BORO12', 'GDDC_TC'),
('CALO11', 'GDDC_TC'),
('CALO12', 'GDDC_TC');





INSERT INTO `user` (`userId`, `fullname`, `dateOfBirth`, `placeOfBirth`, `phone`, `email`, `isStudent`, `class`, `stillStudy`, `firstAcademicYear`, `lastAcademicYear`, `isActive`, `createDate`, `lastModifyDate`, `facultyId`, `majorId`, `accountId`, `createUserId`, `lastModifyUserId`, `avatar`, `nien_khoa`, `sex`, `dan_toc`, `ton_giao`, `quoc_tich`, `cccd`, `ho_khau_thuong_tru`, `khu_vuc`, `khoi`, `bac_he_dao_tao`, `ma_cvht`, `ho_ten_cvht`, `email_cvht`, `dien_thoai_cvht`, `ma_cvht_ng2`, `ho_ten_cvht_ng2`, `email_cvht_ng2`, `dien_thoai_cvht_ng2`, `ma_truong`, `ten_truong`, `hoc_vi`, `GPA`) VALUES
('10991', 'Nguyễn Thanh Sang', NULL, 'TP. Hồ Chí Minh', '0900900901', 'thanhsang@sgu.edu.vn', 0, NULL, 0, 0, 0, 1, '2024-09-08 17:02:32.951101', '2024-10-17 19:13:35.309000', 'CNTT', 'KTPM', '82711848-333f-4d95-bed6-dbfe466f12c4', 'admin', 'admin', '', NULL, NULL, NULL, NULL, NULL, NULL, NULL, NULL, NULL, NULL, NULL, NULL, NULL, NULL, NULL, NULL, NULL, NULL, NULL, NULL, 'Thạc sĩ', 0);
INSERT INTO `user` (`userId`, `fullname`, `dateOfBirth`, `placeOfBirth`, `phone`, `email`, `isStudent`, `class`, `stillStudy`, `firstAcademicYear`, `lastAcademicYear`, `isActive`, `createDate`, `lastModifyDate`, `facultyId`, `majorId`, `accountId`, `createUserId`, `lastModifyUserId`, `avatar`, `nien_khoa`, `sex`, `dan_toc`, `ton_giao`, `quoc_tich`, `cccd`, `ho_khau_thuong_tru`, `khu_vuc`, `khoi`, `bac_he_dao_tao`, `ma_cvht`, `ho_ten_cvht`, `email_cvht`, `dien_thoai_cvht`, `ma_cvht_ng2`, `ho_ten_cvht_ng2`, `email_cvht_ng2`, `dien_thoai_cvht_ng2`, `ma_truong`, `ten_truong`, `hoc_vi`, `GPA`) VALUES
('10992', 'Phan Văn Tấn', NULL, 'TP. Hồ Chí Minh', '0900900902', 'vantan@sgu.edu.vn', 0, NULL, 0, 0, 0, 1, '2024-09-08 17:02:32.951101', '2024-10-15 01:42:41.256185', 'NN', NULL, '82711848-333f-4d95-bed6-dbfe466f12c4', 'admin', 'admin', '', NULL, NULL, NULL, NULL, NULL, NULL, NULL, NULL, NULL, NULL, NULL, NULL, NULL, NULL, NULL, NULL, NULL, NULL, NULL, NULL, 'Thạc sĩ', 0);
INSERT INTO `user` (`userId`, `fullname`, `dateOfBirth`, `placeOfBirth`, `phone`, `email`, `isStudent`, `class`, `stillStudy`, `firstAcademicYear`, `lastAcademicYear`, `isActive`, `createDate`, `lastModifyDate`, `facultyId`, `majorId`, `accountId`, `createUserId`, `lastModifyUserId`, `avatar`, `nien_khoa`, `sex`, `dan_toc`, `ton_giao`, `quoc_tich`, `cccd`, `ho_khau_thuong_tru`, `khu_vuc`, `khoi`, `bac_he_dao_tao`, `ma_cvht`, `ho_ten_cvht`, `email_cvht`, `dien_thoai_cvht`, `ma_cvht_ng2`, `ho_ten_cvht_ng2`, `email_cvht_ng2`, `dien_thoai_cvht_ng2`, `ma_truong`, `ten_truong`, `hoc_vi`, `GPA`) VALUES
('123', '123', '2024-10-01 00:00:00', '123', '123', '123', 1, '', 0, 2021, 2025, 1, '2024-10-16 21:15:03.466851', '2024-10-16 22:56:19.859238', 'CNTT', 'DKP', NULL, '10991', '10991', '', '2021-2025', 'Nữ', '123', 'Phật giáo', '123', '123', '123', 'Khu vực 2', '123', 'Đại học chính quy', '123', '', 'haile@lion38.onmicrosoft.com', '123', '213', '123', '123', '123', 'DHSG', 'ĐH Sài Gòn', '', NULL);
INSERT INTO `user` (`userId`, `fullname`, `dateOfBirth`, `placeOfBirth`, `phone`, `email`, `isStudent`, `class`, `stillStudy`, `firstAcademicYear`, `lastAcademicYear`, `isActive`, `createDate`, `lastModifyDate`, `facultyId`, `majorId`, `accountId`, `createUserId`, `lastModifyUserId`, `avatar`, `nien_khoa`, `sex`, `dan_toc`, `ton_giao`, `quoc_tich`, `cccd`, `ho_khau_thuong_tru`, `khu_vuc`, `khoi`, `bac_he_dao_tao`, `ma_cvht`, `ho_ten_cvht`, `email_cvht`, `dien_thoai_cvht`, `ma_cvht_ng2`, `ho_ten_cvht_ng2`, `email_cvht_ng2`, `dien_thoai_cvht_ng2`, `ma_truong`, `ten_truong`, `hoc_vi`, `GPA`) VALUES
('3120410003', 'Lê Thanh Hải', '2002-08-03 07:00:00', 'TP. Hồ Chí Minh', '0932143604', 'lethanhhai586@gmail.com', 1, 'DCT1202', 1, 2020, 2024, 1, '2024-09-08 17:25:14.130000', '2024-10-17 00:50:54.711000', 'CNTT', 'KTPM', 'bed46dc4-a1bc-4ddd-864a-9f5ea2445538', NULL, NULL, '/9j/4AAQSkZJRgABAQEAYABgAAD/2wBDABALDA4MChAODQ4SERATGCgaGBYWGDEjJR0oOjM9PDkzODdASFxOQERXRTc4UG1RV19iZ2hnPk1xeXBkeFxlZ2P/2wBDARESEhgVGC8aGi9jQjhCY2NjY2NjY2NjY2NjY2NjY2NjY2NjY2NjY2NjY2NjY2NjY2NjY2NjY2NjY2NjY2NjY2P/wAARCAJ1AdgDASIAAhEBAxEB/8QAHwAAAQUBAQEBAQEAAAAAAAAAAAECAwQFBgcICQoL/8QAtRAAAgEDAwIEAwUFBAQAAAF9AQIDAAQRBRIhMUEGE1FhByJxFDKBkaEII0KxwRVS0fAkM2JyggkKFhcYGRolJicoKSo0NTY3ODk6Q0RFRkdISUpTVFVWV1hZWmNkZWZnaGlqc3R1dnd4eXqDhIWGh4iJipKTlJWWl5iZmqKjpKWmp6ipqrKztLW2t7i5usLDxMXGx8jJytLT1NXW19jZ2uHi4+Tl5ufo6erx8vP09fb3+Pn6/8QAHwEAAwEBAQEBAQEBAQAAAAAAAAECAwQFBgcICQoL/8QAtREAAgECBAQDBAcFBAQAAQJ3AAECAxEEBSExBhJBUQdhcRMiMoEIFEKRobHBCSMzUvAVYnLRChYkNOEl8RcYGRomJygpKjU2Nzg5OkNERUZHSElKU1RVVldYWVpjZGVmZ2hpanN0dXZ3eHl6goOEhYaHiImKkpOUlZaXmJmaoqOkpaanqKmqsrO0tba3uLm6wsPExcbHyMnK0tPU1dbX2Nna4uPk5ebn6Onq8vP09fb3+Pn6/9oADAMBAAIRAxEAPwDsndt3X9Kbvb1/Sh/vGmZoJH7z6/pSh29f0plLQMfvb1/SjefX9KbRQIcHb1H5Uu9vX9KZS0AO3t7flRvb/IptLQMXe3+RS7z/AJFNooAdvP8AkUoY+v6UylzimIfvPt+VG446j8qZS0hjt5/yKTe2f/rUlLQAu4/5FO3H2/KmUtADtx9vyo3H2/Km0GgBd59vypC5x1H5VBIx3YoWTAwam5Vh/mEHGf0pxlCLuY8fSoXU5yOlSR9KSGyXcfb8qXcfb8qbRVkj9x9vyo3H2/Km0UCHbj7flRk+35UlFAC7j7flRuPt+VJRQMXcfb8qNx9vypKKAHbj/kUuTTaWgQuTRk0lFAC5P+RRk0UUDFyaMmkooAXJoyaKKADJoyaKQUALk0ZNFFAgyaMmiigYZNGTRRQAZNGTSUtAC5NGaSikAoPNFA60UAUJOGqNosyK4Yhh78EehFSv9+kqiQpaTpS0ALS0lFABRS0YoAKWmInlrtBYjJPJzSoCq4JzQA6iiigYUvaiigQYpelFFIYgYFivORzS5opGUMu1hkGmA6imqoUYFL3oAWiikJHJ9KQDWQMKb5XvUtFLlQ7gBgUYoopiFopM0d/amAtLSUZoAWikpaQC0UlFAC0Z5pKWmAUtJS0ALRRRSAWiiigApGJAyBn2FLRQAUtJS0AFJS0UAFFFAoAWiikoAKKKKBhRRS0AJiloopAKOtFA60UICg/3qKV/vGkqiQpRSUL3zQA6iiigAooooAU0UUUDCikpaBBS0lFACnpQDkA+tIDkUtAwPtS03qPSgMCSoIyOooAdRRRQIKKM0UDClpp+tIHycUAOoBpKRg2PlOD64zQA6lzTcik3AHrSAfmikzRkUwFzzS5phB7U1ZQDtb5T70gJaWm5paYC0c0lKKAFzzilpKKAHUUgpaACiiikAtFN5z7U6gAooooAWiiigAooooAKWkpaAEopaKBiUo9KKO9ABRRRQAo60Ud6KQFF/vUlK/3qac9qogWlHFJRQAtFFJQMWikzjqaUHNAC5oooFABS0UUAFFFFAC0UlFABQAAxOBk96KKBi0ZpKM0ALSZpKiuLqG2jLzSKijuTQBNTHljiBZ2CjuSa5LVfGUalorEb2/vnpXK3eqXd45M9w7g/w5wKTYz0e416wgOGuELegOazbjxfaRAkBjj0rz8yjHCjPrUbSEjnmkM6ufxxcbv3Nuu31Y1EvjK7LktECPQGuYzn2o3UAdfB44lUETQbvTBqUeOCRkWuD6bq4zPvTlOKAudn/wAJrOD/AMeQYf71XIfF9jdEJNE0ee7dq4HzGXoTTg4bk9aQHrFveJsVg++M9Hz/ADq8pyOK8u0bV5tPmCly0DHDI3PFeiWc6mNVDbgRlT6iqTE0XwaM00GlzTEOpaZmlzQA4HmlpAaXNAC0UmaAR680ALRzniiigBaKKKQC0yWVIY2kkYKq9Se1OpskaTIY5EDoeqkZBoAcDkZpaKKYBRRRSAWikooAWgUmaWgBaKSigYtFAopAUn+9Te9Of7xqPJDAYqiR1FFFACHHQ06kApaAG4z0PIp1FFABQBzmiigBaKKKACiiigBaKSloAKKTNGaBhSZoNZOt6rDY2rb3wSOg60MCxqOpR2UTMxGe1eea3qsuo3HzudgPC54qvqerT38pJYrH0CA9qzsnPWkA8vxgU0kkU3NJmgY6im5pQaAHA4pzgqc7SqtyuaZn8adLM0gUMxKoMKD2oATNGTTM0ueKAH7s9qAeajzQDQBYV+xrqPDuuBI44JpMGN+Ce6+lciDShsHilYdz2KO4DEAH5TyD61JLOI15Neeaf4klit0jkYkp0rWbW5ZIlmdQFboSaExNHXxyq6g5qRWzXER+Jjbvh4wyex5p58bhfuW+fqadwsduGp3fFcXB40Dk74lX0561tabr0N2BvXyz9cii4WNrNRLbxrctcKCHdQrc8HHTinq4YZBzmnUxDhRSCloAKWkooAXNLTaWgBaKSlFABRRRSAKM0UlAxpXLhskY4x60/NJRQAFsDJpQc0mKUUAOHWikHUUUAU3+8abTn+9TaZAnanDpSUtABRS0UDEopaKYhjlghKKGbsCcZpF8zzWyF8vse9Sd+nFGOKQwooFLTASiiikAlLSUUAFJmgmsnXdWj0y1LkgueFX1oAfq2qx2EJZiM/WvN9V1GTULppHY7ewpmoX9xfTNJPIWyeF7CqdIYp27Byd2TkY4xTScUE0lAATSUUUDClBpKSgB+aTNNzRQAuaUe1Jn1o+maAFzzRSE5OaOKAFzTs0yloAeDipGuJHwC5IHvUOaBQBKC3XNH86Zml3UAPBqSKeSI5RmH0NQZozRYLnUaL4tuLTZFcnzIhwCeorvLDUIL2EPDIrZ9DXjlWrG/ubCUSW8rIR2zwaB7nswNOFc54c8SQ6rGIpDsuVHK+vuK6FTmmJqw6ikz6U4UCCiiigAoopaACkpaKQCUUtJQMKKWkBzxQAtLSd6UUAKKKB1ooApP96m0r/eNNpki0opBSgYoELRRRTAWikpaBhRRRQAUUUUAFJS0UAJSEAjBpT0pCQKQEVw/lRM3oK8v8QX8t7qDb2+VDhQOgrqPGGstBF9lgba7/eI6gVwbsSc0gQhx6nPem5ozTaBi0lBoNAwopKKAFpDRRQAUUUUAFFLRk42549KAEpaSloAPp0oFJS0AGaWkpaAFFOpopaAFpRTaXNMQ7NLTM0oNAyaCeS3lWSJyjqchgelek+GPEUWqQrDKQt0o5H973FeYipYZpLeZZYXKOpyCO1IZ7WDmnCsLwzraarZKHYfaIx849fetwHNMT0HUUUUCClpKWgAoopaAEopaKQBSAYpaKAExRS0UDAdaKAOc0UAUn+9SUr/AHjSUyRaKKWgQlLRRQMWikpaACiiimAUUUUCCkNFIaAAmqWpXgtLdn74q5mua8YXiQWJiyPMfp7CkDOF1G5ku7yWV2yWNVCcCnuwzxUZNIoSkoJpKBi5xRmkooAKKKWgBKUUYoAoGGKcqZHGPSjFPWNiOnFIBhXt6UhUirKwMBytOMRI6YpXHYp0VYMOB0NNaFgelO4rENFTfZ2AyRTWiI7GncLEdLSlSKTHGaBADS5pKcSQgBUDnr3oAM0UlLQAUUUUAOBpwpgpwNMDV8P6h/ZmpxzFiEJ2t9K9Yt5VmhWRTkMM14qvIxXo/gnU2u7DyJCDJFx9R2pD3R1NFA6UtMkKKKKACiiigBaKSloAKTpS0dqQBRSHimhxnFAx460UdxRQBSc/OaSlf7xptMkdRSUUALRRRQIWikpaBhS0lFMQtJRRQAUhpaSgZFKSEJHWvM/Eckr6nL5rE88e1emy8Kc15j4jdX1ebac44NIFuYzU3OKc3WmGkUFFFFAAACQCcD19KCME8596WlCliBQMbRU8du7npV2DTdx+apckilFszQhPQVNHau/at630tf7taMGnqP4ahzNFTOeg0zfjg1pQaWR0XH1rdgswvRatpa+1TcpRSOfGlZHSl/so45GRXSi2HpUgtgKLjsjlho288DFKNIC/eWuqEAHakMAPGKVxHL/2ajHlRmkbSI2HTmuke0UnpTDagdaLjsjkZ9F5+UZFZ0+lSIeld21sB0FQS2Kv1HNNSZLgjgZLN06ioWRh1zxXbT6YDzjNUJtKDZ+WrUyHTOVpwJByDg1qXWlvHkheKzHQocEc1adzNqwmKX8KQcUpGDwc0xBS0lLTAfuG7KjaPTOa6DwdffZNZRGPyTjYeeh7Vzo461PHIYyGQ4ZTkH3pDR7UhyKfVLSrkXenW84P30BP1q5TELRSUA0CFprqWQqCQT3HanUd6AEUbQBnOKCTnAH406igAFLSZwKM0gEIzSBcHpTqKBgOuaKB1ooApP8AepKV/vGm0yRaKKKAFopKWgQtFJS55xQMKKKKYgooooASiikNAyOYbo2A6kV5Tq8MkF/MsoO4sTk969WlBMbAHBIry/xBbzwX7/aJTIT0LHnFIS3Mg9aaetKTSUiwpRQKeiFjgUhoEQucCr9vZE4yKsWFjnBIrat7IelZuRtGHcpW9l2C1q21kMDirUFsB2q9FCBUGmxBFagDGKsJbgdqsKmKkC0BchWICpVQCngUuKBCBBTttKOlLQAwrxTdtS4pMUgIytIVp+DmigZCUphjFTsKbigZVaLPaoHgAOCK0CtQyL2pDRkXNsGHIrnr/TOWZa7CSPis65gBB4qk7Eyhc4SSNo3wabW3q1ltG5RWKVxW6dzlasIKdjIz6UlFMQ7JOMnOBgZ7U9Bmox1qeL5R7+lMD03wi+dDgHYDFbwrB8KW5t9HhDE4YkgH3reHTFAMWgUUcfjQIWgDnNHQUiEsMkYoAdQaKKBiYOaMUtFAgooopDAdaKUUUAUH+8aSnP8AeNNpkhRRQu7HzYznjHpQAtLSUUAKDSikFFAC0UUUAFFFJmmAGkNOpKBEcnQ15l4oRBqsjBiSexOcV6bIODXmfiiBYtSkKoRuOST3oDqYZFJinHJO4nP1oFSWAHarllCXcCqyDLVvaTACQaiTNIK7NawtNsYz1rTgh9qWCMBBxVqNQBWRuhUjAPSpVWhRTwKQCgU4UgFOFACgUuKQU6gQCjFKKdTENopSKSgY002nmm4pDGmmmnGkNAxppjCpDTTQNEDrVSaPIq8wqGRc1JRz+oQ7o2GK5W5QpIRXc3UWQTXKapBtlPFawZhUj1MrHFFKRzQBW5zgOCKuWFubu6SAHBc1VBJwCeB09q6XwdpzXV8bj+CIjJ96APQNPtxDZQxEZ2KBVsUxcKvtSeeobbznGaQMkyCODmlUAfWo0cMSAMYqQMCSBnimIWlpKWgAoopM9qAFooopDGN0oHqafikKg0AKvSilHHAooAov96m05/vGm0yQpaSl7UAFLSCloAKKAD3paAEpaKKAEopaKYCUHpRRQIY3SvO/Gm0aoAo525Jr0VhxXAeOY9t/GwxgpQLqctgkHHPegCnKcHNOUAmoZqh8Ee9hXWaTbgIpxXO2aDfwK7DTE/dCspM2gjRjTgVOBimoMCpBUGgqin4pBTgKBABTqKUUAApRRilxTABS5oHWigQppppaSgBDSYoChc4zyc0tAxuKQinmmsQKQyM000M4zTDIKBgajYU7eD3pDzSLKk6ZBrnNYtzycV1TrkVmX9vvQ8U0RLVHDSjB6UzAq/f23lOTVEiuhM5WrAuM89K9F8CQBdHaX++57V52o5r0/wAItnRohjpTEak8hiBd/wDVoNx4pU3SfMp4YcVZAzSqioMKAKBDFjCjOMsO9L5mOKdjmoJk3Hac8+hwaBEiu7BiyhV/h55PrmlVzux29aVRlcEf/XpyKMcjFADqWkpQaYBS0lFIBaSlpDQMUHmimg80UAU3+9Tac/3qbTJClxzmgEEcHNIDkZxj60AOoooFAC0UUUAFFFLQAlFFFMBKKU0lIBrdK4Tx1bP9piucjbjbiu8PIxXM+NIWk035Yy205z6e9Ml7nn2Keg5pAOakjHNZs2RpWMeWUV1unoViFc9pMJdgcV1cCbVAxWTNok69KcDioy2KrzXIjHWkUXwwFODj1rBbVQp5BpP7ajHenYVzodwpwINc6uvRA4NXIdYgcgbgCaLAbApQKrRzq4yGBqwjA0WEOxS7aeuKXFVYVyPFJjmpSBTSKVhkZGKZuxTpGAFYmqayloSqDc9IDRnukiUlmxisq51uJDw3Fc1eand3ku0ZGahNvK3y53Y+8adgubj69GTnzM0i6wknQ1jLZMThUyasxadcDB2YoshqTNqG+B/iq9DcBx1rDitZd2NtX4Y3QipsWmanUVBLHkVJEcjmnsMigTOU1m225OK511wxrudUt98JbFcdcqEkYYye3tWkWYTRXjXLAHgV6d4VtvI0lAGLKeQa82iGJF+tep6HAbfTYkL7uM1oR0NKjJzTQwHU08cmmSIzYHWoZC2MqMsKkMQLlvXtS+VkgntSGOiBCDJz9akpBxxS0xBRRQKAClpOtL2xSAKSlooGIBzRSjrRQBRf71NxnginP940lMkQKqjCgAe1KaKKAEzSg0mMmnYxQAoooooAU9KKKKYgooooASkpaSgYhrI8RRiTSpgS3TovetjHFVL+ISWsikZ4oRLPKMAE1LCuXFSXcflXUgwBzSW/+tFZs2jqdRokPyZxW8gwKzNHXEArVxgVkbla5lEak1hXF0zuQOlbV3GZBtAqgNPy3IoAxpldh8pOarTQzlRuXI9q6mPT4hzt5qwLNCuCoxTuS4nDPFIBkZ+lJHI6nBJBrtZNKhbkKKrS6PFj7lO4KJi2l/Pb42SnHvXTabqfnrhuGHWs0aRGvAFW7W0EDgrUmlu50EcuVBzmpRIDWfC2KsKxNFxOJZ3g1G7ntTM0xyTRcSRDdSHaQOuKwZLBpJC2MknkmtyQZqPApXNFEx4dNVGYkZdu/oKsppykj5flHQVfUDNSCREGSQPrRcTSRBHZKoyAAam8nAp32u3A/wBan/fQpouYn+66n6GgSQ3yh6UvlD0pxlUKWJG0DJNORldQynKsMg+opDIhGVqTGevNPxmlC0xMp3Ue6NhXD6lHsuGHvXfzJlTXFa5D5d03XrVxMpmdboZJ0XPUgV6rpyhLGJVJICgZNeYaaA99ChXcCwyK9UhTbCgUYAHStDNjiR3H0qVPu801V4waeOKZA6lpoNOzTAKKKKAA0h460o55pHGRzQAFsc0qtmogCW56VIq4OaQx9FFFAAOtFAooAov980nUUr/eNIDmmSFFFFAC0tJS0AFFLRQAUUUUxBRRRQAlBpaSgY05z0prrkEU8c54xQQPWkKx5p4jtzb6tLxw3IqnajMo+tdl4v08z2onjTLJ1wO1chZr++B96iZpT7HaaWm23WtAjiqtiuIE+lW8cVkdBCwyabtAqUiq80gj60ikOyBTJLuGEZkkVR7msHVdWki+SIEsegFU7LRrvVH827dhGTwtNIUnY35PEGnw8NMM+1Qf8JNp8jbfMrjtctDZ6i8GxlA+7mqpCOUEMbBsYbJzk1fIZ8+ux6RFcRTqGjYEHpUy4qnpmksmjW5fKShc1NbSFpHhYguhwcVm1Y3i7ouJ1qwgqGIVYQUCkKRkU16mxxUTjmhkoryVAxqdxmo5Y9sDPgluwFI1RSnuWB2Qgs59K5/xKt1bW8LSysHlJBAPArprAGAytIhyw4471FrMFrqmnmGVXWUco2Ohq42Mql9keelJfs4m80bS+3G75vy9K0tChu7t5UhkYOq7h71F/Yt6kuxYM7jgGuy8P6bHo9oxfLzy/ex0HtVNqxlFO5k2upT20/k3itG4PXsa6C2uxIMkg+9VtQtftr7nXp0ptpZtAAAcis2dUVdamwpyKdUMWcc1OKRDQ1hxXLeKLc5VwK6sisnXrfzbTIGSKpMykjP8GaQsrtfynAjOAD0rq5dRjU7YRvx37Vg6PbyLabSxVDyVB61fZAi4AxVORUad9y7HqJDYdRj2q+pWUK2cjqK51lJ5zzWtpcpaIof4elOMialNJXRfpQwzjPNRs+MHt0ojXBJznNaGBLRSZpCeaYCopVcFtxznpSmlHSigQgFLQBiikAnO72paKKBh3ooHWigCk/3qSlf71JTJCiiigAzjsadTc4p1ABS0lLQAUUUlMBaKSloAKaeKWmS/cb6UmNGfd3h3lVbAFUzMxOVkOfrUNxkykU2MYauds7Y01YufbZ0Xa6iVD1BrlbyFU1EtGmxWbIX0rqE461n6hArSq2OQaLshwV9DWtFxAn0qxiorYYhX6VPSAjZc1Vmtmk4J47VexS7c0DuZH9kxFtxUFvWrENtJbD9yfwNaIjpfLNML3MfVNNTVolW4iUOvRwORVK08LQW0qSglmU556V0vlml2U7smyKDW80jZeU/hRBp8cM5mXO88E1f2Cl20mUmRBMVIooxQKQDqYwp1NNAIidCQduM+9PCetPUU8LQDZEUz2pBEO6g1YC0u2nYVysYUJztGaDCPSrO2jFAXKhh9qTygKtMKjdc98VJVyILThSmigYlV72PzLdh7VYpkoyhHtTIZUsRthwalkHGaZDgcVM2CKRstCsBVmwk2ygZ4PFV3GCafZZ81frVR3JqLQ2xFkc9B0qUAAYFIvSnVucQ0jnjpTgKKWgAooopiCiigZxzSAKayhsexzTqKBiiikHUUUAUn+/SClf75pKZIUUU12KKW2lsDOB1NAD6KbE/mRq+1k3DO1hgj60+gAHSiiloAKSlooAaDjGetOpMUUwCmSDKMPan0hFJjW5zlwCJqIxlqmv4ykx+tRwj5652ehF+6W1QFelUrpDvGauhtorNv52MygdKRKTZr2/8Aql+lTAVDbHMS/SpxQZi4pyim08UAx4FLikFOqhCYoxTsUYoAaRTSKcaaTSAaaaOtDHJpQDSKFplPxTCMUgQ5amWq4ODUqNTQMlooFLVEiUlOpDQAw0xqewppFSykRHOaKcetNpDEprj5TT6a3SmSVIkO85qxt4pVXvSnrQa3K0w5q3psIL7sfdqtJ80mK1rOPy4BkcmrgrszqytElJqQcim4Gefwp1bHIFGcUtRzHCEg4NIY/IpHfYhbaWxzgDJqOFjsGTk1MKYhAcgHHWlo70UgEPFA6UEZpaBgOtFHeigCk/3qac9qaZo2uHhVv3iKGIx2NOpki0CigUCFpaSlpgFKKKKACiiigAooooGFIaWkNAzP1GDcu8D61nQ8Pg9a3nUOpUjrWPPCYZ84rGa6nTSnpYc1VJbcO4YjpVs8jIpmexrM2T0LNvxGBU4qvAeKnFBl1HinioxT1NAEgp4qNTTwapCFoopaYhjVC7VJIcCoxzzUspDVBzzUoHFMLAUqyDOKQMfTWFLvGKjaQZoYIQg0qkihWzTiKRRPGcjNPxVeJirYzVgHIq0Q9BKQ041GTzQwA0w0pNMJqSkIabSmkpDCmvwtOoYZFMnqMXJFBwoyadwoqMjJ5pGotvGZJxxWwBgY9KrWcHlpuPU1ZreCsjlqSuxCpJXBxg88dadRQM98deMelWZBUFwkrqRHtB7ZqeigYyKMogBOTUlNYkDjrTMux+VsUCJu1FMUHPJ4p9IApKKKBgOtFA60UAUnA3Gm05/vmm9aZItFFLQIUUtNFLQAtFFFABRRQaACiiimMKDRRQAmKrXUHmJkdRVqkpNXKTszGy0TdMrT12SDOBV25gDDco+tU/L2nIrnaszqUk0OjXaeDU1RIDmpaBCinimCnCkMeDTgaYKcDQIkBpc8VGDigniquIZMeKi34U+tStzVSaOQNuTkelSyonN6tqusW1wWRQIs8ALmrui63JfEpPCY2/vAcGtdI9ww6A/UU77OuOEA+gpj2Yu41ka1qM9tHttIjJIevtWv5TYxTVt9rEkDmkByFpLr13cB90ka59MCuygd/KXzfv45pWBxgCmKjE+goY0tNSwhy1SjeXTD4UHJGOox0qJF2jFSg00QyTdkVGTSk8UwmhsEBNMJoJppNSWLmkpKBQDFFONIKXvimR1GkVJbQebJuJ4FAGeBV2FAkYFXCN2TOVkSDgYooozWxzhjnrS96KO1ABSDIJyc56ew9KWloASjHpS0lACKu3uTznk0+mmlBpDA0UtJQADrRQOtFAFJ/v0mKc4+akpkiUUUuKAClpMgdaWgQUjkqpIUsR2Helo70DA9KigSdWcyuGBPAHapqKLBcKKKKACiikPtTAWkpsfmncZdo54C+lPpDEzVaVNrZ7VaprKGGDSkrlRlZlM4zRtGd2OamNsSfvUx02HFZOLRqpJjaXNIKKgscDShqjpQaCiUGgmmA07NAgoxRmloEGKXFANGaYgoxSbhRuFAwxSUuRRSGJSg0hpM0DHk0wmikzSASkNOppFBQgp2KQCndqBMVetWhaoygkkGq8S7nAq/2xW0VcwlK2w2OFU6cmn96KWtDJu4UUtJQIM4paQ0UAOpKKOp9qAFzRTcYHFKDmkMKWiigBaKSjvQAuOaKO9FAFJ/vU2nP96m0yRaKQUtAhCoYjPanUgpaBhS0lFAC0UUUCFooooGJRilooASilpKBhSUvaigBKhnXvUxpGGVxSaugTsyn3paGGDiisGjpTCiiikULmjdTSaYzYFIdiXdTXmVBkmqNxdSKDsUms/7azvh0YUylC5rtec4FM+0tWdukYfu1/OlC3IPOCKRsoI0luzQ1yT0NUB52OEpD53ZeaYcqLxuGHOaljugeCaySlx1Y00mde2RSE4pm+JAw60ua5+O6ut+1FzWrbySMBv60GTjYt0U0GlzQIWikpaBCUoopVBLAU0iWyzbJzuxVk9abGoVAKdXQlZHPJ3YUA5FFLTJFopB3paQCUmCOlKadTASk5J9qXFGKAA0oAFFLQMSilpKQgooooGKOtFAGKKAKT/eptOf71JTICiiigApaSloAKKSloGLRSUUALRSUtAC0UlFAC96SlooAKSlpKBhSUtJQIhmT+IVAOKuHniqsqFG9qznHqawl0G5opKKyN0BqNqkpMUhkOzPaopLZW5AGat4pNtMrmsUghU4NTIRjmpWUHqKiZcdKC73H5FKWAHaq53Cj5jRcLCy4NMEZfoKmRMgZHNTKvHSgHKxFFbhOcc1OBinYxRikQ3cSnCjFFAhRS00UtMli1Yto8neR9KihTzHx2q8AAMelawj1MZy6C0opKVRgdSfrWhkLRRS0AIKMc5paKQCE0wTJvMZzuHtT6XFMAyDQTiijrQAbge1APr1oAxS45oAOc8UUYopAFFFFAwB5ooHWigCk/3qSnP96m0yApaSigBaKKWgBKKWkoAKKKKBiilptOFACEZ7ke4paKWgAoopAckjHTvTAWiiigBKKKKQCVDdcx1NUNyP3ZpS2KjuVlNLUQODT91c50odS00GloGLilxxSCnCgBuzNHlCn0uaBkZhBpPJFS5ozQF2RiICnbcU7NJQAlJS01qAFzSUCkzQA6kZgBTGf0phJPWgVi7YnMhOe1XazLR9kn1rTBzW8NjnnuA607vTcA0LGgbcByO/eqJH0UlLSEHelAoooAKKKKYBmgEU0nimqrA/e4oAlBzS00UtIBaKSigAoozRQMB1ooHWigCm/wB6m0r/AHzSUyQoFLRQIKWkpaACikpaBhRRRQIKWiigYtFFIKAHUlFFMANJkHOD0paSgBaQ0UGkAhqK5IEZqUnjNZt5dD7QIR1xk0pbFR3Gg80pqMNT81znSgDYp6uDxURppzuGOnegotA0ZquGIp3m0ATg0u6oBIKXzB60AS7qM1CZPSlWQUATZpM1HvHrRvHrQBJmkJqMvTSxNA7Em8A+vtUZYk8dKSikFhRS0lNO/wAztsx+OaAYksvlLvHatm3lEsSsPSsOb5lI9ataTMRGUbqpxW8NjnmjYFLTVORmnVZkLRSUtABS0nXrS0gA00cdTS0mOc549KYC0g5paQDBoAVFCLtHQU6mHPalGcc0gHUntRmjvQAUtJQpyDwR2oGKOtFA60UAUn+9SClk+8aanQ/WmSOozRSZoELRSZoU5FAC5o556UA5JHpS0AAzgZ698UtJS0AFLSUUDFpKKM0ALRSUUxBRRSHkUDFzwKSmopGSzEk/pS0gGyNtUmub87zdTkPoMVvXr7Ldz7Vx9jPu1B/rSlsXDc3VapVNQA09WxXOdBNSYpoang0FCYoK5p1LigCIoTRtIqXFG3NA7kODRtOan2ClCUBch2k0oSpduKMUBcZtoxTqQ0hjSD2OKWilFAwAobpS0x24oJZVuH2KTS6Zcq05APUVX1A7oHA9K5nTr+Wy1BAzEpuwa1hIymj0uGUkYHJ7VZUnvWbAxMSuv1rRU5UH1rUwY6gdaM0UCFozTc80uaAFoz2pM4FRkncT7UASZFFRqS3T86kAwKAAU6kFHegBaKKDSASlFJS0DFHWikHWigCnJ96minv940zNMgWkNFFAB3paQDNOxQACloopgLRRSDPfrQAtFFFABSUtJQAUUUUDFo60lGaQBRil7UhoGZ2sErZyEdhXDaPKZNRZj0ya73Uo/MtJF9VNef6IpW7YH7wJBqZ7F0viOuXkUtMT7op9YG4oPNPDVHijNAycPTg1Vw1ODUAWQacDVcPTw9AE1LUYcUpagB5ppNG6o2agEKTTWamlqaWoLQ/dTs1Bup27igLjy3FRO3FBao3ORQIrXRzG1c1eQfOXUV0dx90ismZQSRimhNXOq0W48/S4WJycYNbUf+rFcl4Zn2l7Y+u4V1yD5RW62Oaasxc06mUoNMgdRigUtACYqP8AiI71KajK5OVPNADkp9NXilzQAtFJRQAuaKbj3oC85oAdRRRSGKOoooHUUUAU3PzUzNK/3jTaZADnmnUgzmnUACjjmnUgopgLRRSUALQaSloABS0lFAC0lFFABSU6igY2jqKCM0uMUAA4paSjNICKZdyEetcIsBt9duExgbsiu/YcGuQ16HydVSUdHGKmexrS3L8RytSVXtmyg9asCsTdhikxThRigQyjNOIptIYoanhqjApaYEgfFOD1DRk0ASl6aWplFIY7NJmkpaAClo7UUAIaY3SnmmMOKAKs/wB01lzcE1qTjIrNuRhSaBml4XhL3sknZRiuwUYFYfha38vTxIRzIc1vCuiOxy1HqIRRilopkAKKBS0wEpqkAnGaU0DGKADvmnCkpRQAGko70tIQlIGOcYNOpAaYDqKTIoFSMUdRRQOoooGU3+/TcU+T71NpkBS0maKAFpabQMimA6ikpaACiiigAzS0UUAFLSUUDFooHSloASilooAbSU4ikxQAhrB8SW+6OOUfwmt01T1KETWcinnipeqKi7MwLVuAM1fQ5FZtuCv4VeiNYnWyeigUtIkaelNpxpDQAUUUooAKTFOxRigBuKMU6igY3FLS0lAC0lKKCKAGmmNT6awoGVpRxVC4jMhVAOWIFachOzbxjOelQ2UPnanCuOAcmmlqDeh1NhCIbWOMcBVFWaagwKfW5yPUSjpSmkoEFFFFMBOeaXtRRQAUUUdqACiikNAhTgjmk78UmOaWgApwNIBzS0hijqKKQH5h9aKQym5+c+lJSyfeNMpkDqKSigBaWkooAUdaWkopgLmlFJS0ALRRRmgBaSjNFAxc0CkpR0oAWlpKKAFppFOpKAGEUyRQylcdalNNNIZzU8PkXUiHpnIp8ZxVzVYcssg7dapqKxkrM6ou6JgadTFp2aQC0YoopAJRilpaYCUtGKKACkpaWgBtFLiikAlFFAoAQjIxTSPWpMUhFA7kLLwTVnQ4MzyTEewqGQYWtbSovLtl45PNXBakTehfUcU6minVqc4hNFFFABRQKKYDSSDgUuaa3UYp1IBaBSZ5xSimAY5opaSgAoo7UDpQAUhPOKWkNIABww+tFIB8w+tFSMrSffNMp8h+Y02qICiiigBaKSloAKWkozQAuaM0lA69KYDs0ZpKMUALmjNJRQAoyTTxTQKcKBi0UUUCFpKWkoGIaQinYppFAIr3cfmQsKyAuOO4rcYVlXMflznHQ1nNG0H0IRSilxRiszQKXFFFAC0lLRjNABRRil+tACUUUAUALSUtLigBuKKcBS7TQAzIzigMpJGRkdRT9maFt1Vi2Bk9TTEREeZIqAdTW9Am1AKzbKHdNvPatZRxWkUZzY4ClpKPpVGYUUUiNuGcYpgKDSUtFADT7UvNGOaWkAgGBmlxRS0wEopaSgBp3Z4PFKKUUUAFBpaSkAKPmH1ooH3h9aKQynJ9802nSffNNpkBSjikpaAClpKWgApDnHFLRQAoFAooNMApaTtS0AFFB4paAFHSloFFAC0UUUALRSUUDCkpaSgBrVRvI9w3DqKvGopFyDnnNS1dFxdmZmOKMU/GGKntRtGayNhmKY6sR8pwam20baAGKDtGetLin4pcUARYpakIpNtIYzFGKkC0BaAGYoCmpcAdqUAUxEYHNPUZp2OKcB7UAIFoKk8AU8KScAZqzHDsGT1NUlcluwtvEI0FWRTAQMVIOlaGLd2FFFHbmgBaMUZA6kUZBoASilpD0oAKKBRTAKWikoAWkoopAFFFFABS0lGRQAo+8PrRSj7wopDKL/fNJSv9802mSIetOpKUUCCloooAKKKKAFpaQUtMAooooAO9KKSlFACgjOKWm9DnvQWFADs0tRFz2FN3OaAJ6Kr5kPemjfv5JxmgZa7UlLSUAIaYRUlNIoBFeWAP8w+9VUgqcGtIcVFNAHGR1qHE1jLuUaMUpUqSD1FAqDQAOOacBQBTgMUANxRin4pMUAJilxSiigBMUYpaXFACUoyTgUDrgVbgh2cnrTSuS3YWGLYMnrTyNzU+jFaGN7gABTxTKUGgQ6g0maa7Y4oGMEeTnNLsx0NOHSlpgICwFLvzRRjNIBRTqYBg0+gApO9LSUwFFJSZpQaACilopAJUcUKxFtufmO4/WpKWgAX7wooX7wopDKT/AHjSYpzj5qSmQJijFLRQAUtJS0AFJS0hoAUUtNU5p1MAooFH4UAHO7px60c0tJQAlGKXFGKAEopcUUDDFIRS0lAD1OVpTUYO05qQHIzQAUUUUAJiloxRQBBcQBxkDmqfQ4PWtOq9xAG+ZetQ0axl0ZWFLSAc80tQaC0UUUAFFFJQAopRTanto97ZPQU0JuxLbxYG5hzVgUDjignAyBmtEYN3ClpOcU0hjxmmIfimg4OCKXd601jkYFAA8gUcdTQBnk00IM81IKBhSEkAkDJ9KWkpAOHSlpB0paAFFFApDQAtJRnmjNABRRQKYhaM5pOaMUDFoJxRQaQCr94UUi/eH1opDKjn5jSUP980CmQFLSUtAxKWiigQUgwaWgCgAFFLSUxkbswkAHAp6nHWgrnmheKQD6KTHNLTEFGKKWgBKKKKADvSYpGjWQAMMgEH8RTsUDExQuQfalpaAFBzS0zHpS5oAcKXFIDS0AJRS0YoAq3EPO5RUFaOARg9KrzW+eV4qGjWM+jK1JSkEHBoqDQSlopevAoAWOMyPjt3rQRAi4AqOCMIlTVokYylcKKKTIqiBetNb2oz6UYoGIF96cBRS0AJiloooAMUhp1FIBBRS0hoAUUHpQKU0AMJ244zk4paWjHNACYNGCSOaWl6UwEA96MGlpaAEoJpaTvQAqdRRSr1H1opMZRk+8aQU6T7xptBA4UU0Gl7UDFopKWgApRSUtAgopaKYCUlOpDQMKM0lFADgaWmD71PoEFFFFABRRS0DEoopaAEpaKKAClBpKWgBaKSjvQIdRSZpc0gIpYQ44HNVGUqeavn2pk0QkXpzSaNIytoUSeKs20WfnYUyK3JfL9BVwYAwKSRUpdELRmkNJirMhS3pSdetGKWgAxilFFJQMdSClooAaSd2BThnvSEDOe9KDnrSAWiiigAoNFFAC9qM0UlAC0UgPzY7UtABiilopgHWigUtIBKKWkJwM4zQA4dRRSDqKKQyk/3zTaWT75ptMgDS5pKKBiilpKWgBaWkoFMQ6ikpaACiikJxQMXFGKbupQaQDsUUdqKYgooooAKKWigYUnSlooAKKWigBKWikoAWikyc+1LQIWkpaKBicilzRRQAUtApaAExRS0UAJRS0UAJSgUUtACCloooGFFFLQAUUY5opAHejvRjmgdaAFooPNFACDrS0UUAGaWk60ooAKWikoAKM0tNxQA5eoooX7wopDKT/fNMp8n3zTaZAUlOpMUDCloFFABmlzSUopiFpaSloGFNNOooAbtoAp9JikAo6UUUUxC0UUUAFFFFAC0UUtACUtFFACUhpaSgYKKdigUtACUEZ4paKACjHFLRigBKWiloASiiloAKKKKACilooAKKKKACloooAKKKWgYlFLRSASilooASjFLRQAlLRRTAWkoopALSUtFACD7w+tFKPvCikMpSffNNFPk+8aZVEBS0h4pqSrISF7UhjxRSd6dQISlFNBOeRS0wHUtNLYPSnUALRSUtABRRRQAUUUtABRRR3oAKKWigApaQUtABRRRQAUmKWigApaKKBhRRRQAopaQUtAgooooAKKKKBhQKKWgAFFFFABS0lLQAUUUUALRRRSGA6UtIKWgAooooAKKKKAEopaKAEooooAWikziigYo6iigdRRSApP980lK/wB80lUSJQFC9BjNFL2oATvTqaKcOaBBRS0YoABS0CigApaSigBaKKKAFopKXPFABRRQaAFopKWgBaKQUtABRRRQAUUUUALSUUUDDIzjPPpS0mOc96WgBR0pRSDpS0AFFFFABRRS0AFFFFABRRRQAtFJmkZtozQMfRTQ2adQIKKKKBhRRSDpQA6ikFFIBaKSloAKSlpKACiikIPagYYyaWgClpAA6iikH3h9aKAK7R5Oc9qb5Xv+lFFUQHl+/wClAj96KKADy/enCLjr+lFFAC+V70eV7/pRRQAvle9IYveiigBfK9/0o8rnrRRQMXy/ejyv9r9KKKBB5Xv+lL5WB1/SiigA8r3/AEo8r/aoooAPK9/0pfK/2v0oooAPK96URf7X6UUUAHle/wClHlc9aKKBh5X+1+lHle9FFAB5Xv8ApS+V7/pRRQIPK96PK9/0oooGKIuOv6Uvl+9FFIA8r3o8r3oooAPL96BH70UUAHl+9Hl+9FFAB5fv+lHl+/6UUUDDyvf9KTys9T+lFFAC+UPX9KXy/eiikMXZ70bPeiigA2e9Hl+9FFABs96NnvRRQAbPejZ70UUAGz3o2e9FFAB5fvRs96KKADZ70bPeiigA2c5zRRRQB//Z', '2020-2025', 'Nam', 'Kinh', 'Phật Giáo', '', '080202000286', NULL, 'Khu vực 3', 'DCT120', 'Đại học chính quy', '', '', '', '', '', '', '', '', 'DHSG', 'ĐH Sài Gòn', NULL, 3.03),
('3120410465', 'Phạm Nhật Tân', '2002-01-31 07:00:00', 'TP. Hồ Chí Minh', '0339195547', 'ngaopham.123456@gmail.com', 1, 'DCT1203', 1, 2020, 2024, 1, '2024-09-10 09:37:49.750000', '2024-10-16 22:56:19.883445', 'CNTT', 'KTPM', '8e8f3701-c6c4-4770-b761-26972aa1788d', NULL, NULL, '/9j/4AAQSkZJRgABAQEC+gL6AAD/2wBDABALDA4MChAODQ4SERATGCgaGBYWGDEjJR0oOjM9PDkzODdASFxOQERXRTc4UG1RV19iZ2hnPk1xeXBkeFxlZ2P/2wBDARESEhgVGC8aGi9jQjhCY2NjY2NjY2NjY2NjY2NjY2NjY2NjY2NjY2NjY2NjY2NjY2NjY2NjY2NjY2NjY2NjY2P/wAARCAKUAdgDASIAAhEBAxEB/8QAHwAAAQUBAQEBAQEAAAAAAAAAAAECAwQFBgcICQoL/8QAtRAAAgEDAwIEAwUFBAQAAAF9AQIDAAQRBRIhMUEGE1FhByJxFDKBkaEII0KxwRVS0fAkM2JyggkKFhcYGRolJicoKSo0NTY3ODk6Q0RFRkdISUpTVFVWV1hZWmNkZWZnaGlqc3R1dnd4eXqDhIWGh4iJipKTlJWWl5iZmqKjpKWmp6ipqrKztLW2t7i5usLDxMXGx8jJytLT1NXW19jZ2uHi4+Tl5ufo6erx8vP09fb3+Pn6/8QAHwEAAwEBAQEBAQEBAQAAAAAAAAECAwQFBgcICQoL/8QAtREAAgECBAQDBAcFBAQAAQJ3AAECAxEEBSExBhJBUQdhcRMiMoEIFEKRobHBCSMzUvAVYnLRChYkNOEl8RcYGRomJygpKjU2Nzg5OkNERUZHSElKU1RVVldYWVpjZGVmZ2hpanN0dXZ3eHl6goOEhYaHiImKkpOUlZaXmJmaoqOkpaanqKmqsrO0tba3uLm6wsPExcbHyMnK0tPU1dbX2Nna4uPk5ebn6Onq8vP09fb3+Pn6/9oADAMBAAIRAxEAPwBJJH8xvmPX1pPMf+8fzok/1jfWm19GkfMNjvMf+8fzo8x/7x/Om0U7CuO8x/7x/OjzH/vH86bRRYLjvMf+8fzo8x/7x/Om0UWC47zH/vH86PMf+8fzptFFguO8x/7x/OjzH/vH86bRRYLjvMf+8fzo8x/7x/Om0lFgH+Y/94/nR5j/AN4/nTKKLDH+Y/8AeP50eY/94/nTaKLCuO8x/wC8fzo8x/7x/Om0UWC47zH/ALx/OjzH/vH86ZRRZDH+Y/8AeP50eY/94/nUTyIn3mAqtLqEMY4IP1NRKUY7suNOc/hRd8x/7x/OjzH/ALx/OsWbWdvCDJqnJqlw/Q4+hrnliqa21OmOCqvfQ6fe/wDeP50bn/vN+dcp9um7SuD7Ufb7gHPnMfxqPrkOxp9Qn3Or3v8A3j+dG9/7x/OuXXU5wOTk+9WItVBIEoI/2s1pHE02ZywVSJv+Y/8AeP50vmP/AHj+dZcd0pbCTE+2c1aW4Hfk+1bqSZzypyRa8x/7x/OjzH/vH86jUhhkdKXFVZGY/wAx/wC8fzo8x/7x/OmUU7IB/mP/AHj+dHmP/eP502iiwrjvMf8AvH86PMf+8fzptFFguL5j/wB4/nS+Y/8AeP50yiiwx/mP/eP50eY/94/nTaKLCuO8x/7x/OjzH/vH86bRRYLjvMf+8fzo8x/7x/Om0UWC47zH/vH86PMf+8fzptFFguO8x/7x/OjzH/vH86bRRYLjvMf+8fzo8x/7x/Om0UWC47zH/vH86PMf+8fzptFFguO8x/7x/OjzH/vH86bRRYLjvMf+8fzoptFKwDpP9Y31ptOk/wBY31ptNbAwooooAKKKKACiiigAooooAKKKKAEooooAKKKKAFpKKKACioJruKHjO5v7orKu9UduEJ9wvA/PvWFXEQp77nTSw1Sptsa8tzFCPmcZ9Byay7nVmzhMKPTOaypJZHJDNgHsKYOOnX1rz6mLnPRaHpUsFCGstWWJLuRieagZyx5OaaeOAKT68Vytt7nYklsG7PSkJoAJzjoOaMetIYZNFHPYUcfWmAZpw56/rTM0ZJ7UXAmUgDg4pcMc4b9ahBp26q5mFkTrI64AdtvcZoWaVGzHM4x71XLmgNinzMTjHsacGsTwsBKPMX361sW19b3I+RwD6HrXL53DBpitg5HFdFPFThvqjkq4OnPVaM7PrRXLwahcwjEcpx6HmtOy1lZDsuRtPZh0rshi4S0ehwVMFUhqtTVopAQQGU5B7ilrqOMKKKKBBS0lFAC0UUUAFFFFABRRRQAUUUUAFFFFABRRRQAUUUUAFFFFADpP9Y31ptOk/wBY31ptC2BhRRRQAUUUUAFFFFABRRRQAUlLRQAUlLSUAFFFRXEwgj3Hlj0FJtRV2VGLk7IWWVYl3Ofw9azLu+duC2xf7o6mq9xdsCed8h6sei+wqkzFjuck15tfFX0ierQwijrIe8rNnaCq/wA6hYk8A0rAk9/zoAA68+wrgbueilYRUOSF+Y9z2FIcDoaeWwmM/gKjIyeTSAbk9qXbx7UuPQU8KSNzH6UAMwScZpKeSPTNNyO5P0FADTzSYpevQYFJimAFcdR+dGKXge34UhPvQAlJmg0lAC0E5pKKAHZ//VQfrSCl70wFBpc00UtAGzpGobR5Mp4zwa264wEggg/jXRaTfi4j8pyN69PevSwle/uSPKxmHt+8j8zRooorvPMCiiigBaKSloAKKKKACiiigAooooAKKKKACiiigAooooAKKKKAHSf6xvrTadJ/rG+tNoWwMKKKKACiiigAooooAKKKKACiiigBKKKazBFLHoKBoSWRYoyzHFYV3dNO5IJ2j9Kkup2mYsx+UHGP6VUJLk9l9B3NeRicQ6jstj2cLh1TXM9yMKW5PAoIPAH51I2T34XgH1pgAOSentXGdo0gbc44/U0gB9hmnM3tgAYH+fWmgjbk/dHYd/agBQmeTnHQY6n6Urska4wCeoHYf41G0hJ5OO3HYelMVC5wOFHUnoKBjhIAc43Oe3YUu5icsfanBQq55A/WmFh2oASkpx6Y4H0pMYFACcemfxpD9KXJ+9/k0hJPegBO9Gcc4/WjpSY7mmAh96SlpMUAFFFFAC0UUCgBcflS0D9KKAEzj8afG7RyBlOGHINMNFNMVjptN1FbtNjkLMO3rV6uPhkaNw6HDDkGumsbxbyEN0cfeFerhsRz+7Lc8fFYb2b5o7Fuikpa7DhCiiigQtFFFABRRRQAUUUUAFFFFABRRRQAUUUUAFFFFADpP9Y31ptOk/1jfWm0LYGFFFFABRRRQAUUUUAFFFFABRRSUAFVr5xHbMe/arJrM1ZwFVT36D1rKvLlptm+HjzVEjNdi3JOAB1po4wR26Ch+uO5ppbA9+leEz30KxJVQO/FMG08Z+RfzY+1KU7k/WmuQFAUdaQxrnc2M4X27UxiXPAwo7elPAH8RwPYUAn7q9+vvQA0Jxj+I/oKfwMLjA6jPf3NNHCk9TStlVPByePc0gEb5jjrSAdqeFCLjq3f/CnABBuPU8D2oAZgL1Hzfy/+vTPvN7Up5wBRjufypgIcsf60nXjtTsHA4yaQ8UDG8Dk03mn470hoAb3oxS4xS44pgNxRinAZNO28n60gGhCc4HSkK8A9jVuzTdO4xkCM9fpSpb77VW7hd360rlcpUAopwFKRTJIyKSpGXFMIpgIOvFWbO4a2nDqfqPWq2OakA4zTjJp3RMkpKzOshlWaJZF6GpKxNFuiJTCx4bp9a269yjV9rDmPAr0vZTcRaKKK1MBaKSloAKKKKACiiigAooooAKKKKACiiigAooooAdJ/rG+tNp0n+sb602hbAwooooAKKKKACiiigAooooAKSlpDQAlYV9L51y2D04+lbU7mOF3AzgVzmdxyT9TXBjp6KJ6WBhq5DWyZOOwz9KET5gTwB/WgjA+vXn8hQThSB0ryz1BrNnHPApvJI6ZNObAVT6gn/CmkbRnv0FAxDyT6UoBBIHpjNIPQckmngD7q/UmgBqjngdKcODnq1OXG08Y96UIQRxyaQEfKnOec9aUrgEnrjAFSlMUhUlsYyfSgCHbgZPekxk8CpWX5utIF44+tAET4HGc0gA6v064HelIyTS4pgMYljk/gBSYx9aee/wDOkxQA3HrRinhaXbQMSNSWAHU9KUj5vXmpFG3Jx0pVjwfYUikT2aATTH0jwB61Zs4t1gWx90bPw9ajtR5bM2Mjj8CelaFuiw6c8Z/hGaykzVK5z23DEe9OKkrn04qZkO8ninCPcjKf4hWxgyvtJQqRytREcjirKchSTyRg/wCNRFcNzQIiZdp/lSjjnHHpU8seY8jrmmAD9KAAbo3DqfmHzAjvXT20ont0k/vCuYQY4NbOjS4DwE5A+Za7sHU5Z8r6nDjqfNDmXQ1KKKK9U8YWiiigAooooAKKKKACiiigAooooAKKKKACiiigB0n+sb602nSf6xvrTaFsDCiiigAooooAKKKKACiiigApDRRQBW1BttnJzgkYrAUDBP5Vray+EWMd+TWSenuf0FeTjJc1S3Y9nBRtTv3GscY4pGJKqPWmE5PXqaG5Y+wwK4juHE5yfQAVGWzk05jhfqeajB5P1oEPyegqUcRSHjLfKKhU9T3wcfWpF4UdwFz+dAyRRhMkf/XqVR5aliMnG1fr3pjZ84IMYTipCw3pg/Ip6UAGz5sdTnAFKgCqznBzwv8AjSBmLEjqR/On/eAUdBxmgREI8kFh17USLtXHc/oKsErkBe3f1pDHlvr+lIZV8vAxTWTAq55fT6Z/Co2jzyBQMq7cUBKsMnGccZ/OgJjHuaBEO32NKE5qcpliTTgh6460AQrGScAZyakKY+X+dWbeHqT+VL5e52B6d/pUtmiWhc0u33tHlcsoMz56Dsv+NRyK32X7OvzF/vE9gD61owA29puziSQDjHX0H5VCluREe571lfVs37IxCh8wg09U2xhsdDV27t9lyw/2arYzHj1GK2i7o55qzKW37ygfMvI/CmTgFQQOuKllGDuHXFRSMTDtHY/zqiCXHmQkA5zkj6ioG6g46ip4flQqfUEUyQAkkD+KgBgUHLL+Oe1TWsjQ3it+B9xUSr8/HpTmI+VqqLcWmiZLmTTOlznmnUyI7oUPqKfX0Kd1c+bejsFFFFAgooooAKKKKACiiigAooooAKKKKACiiigB0n+sb602nSf6xvrTaFsDCiiigAooooAKKKKACiiigBKKKKAMLUy32pi3r8v0qg/T61ra3CTslHrissqXOBzjn2ArxMRFxqO572GkpU0Qg80buvvSlQF4700DnNYHQOl4JXuBTVXLdKVQc+5q3awb2FS3YaRVVCTin/3T7/yrXXTWyzgcbTgVluhQlT25pKVynGwiNjJP+e9OkY7VB7elMwSQBzzSqd0uewOTVEkhYg4HJNS58tMg5OMCq6HqxH0HrUwGOvLCkFixCoABbtzinqS+VXqT8x/nUdtBJcyHZjC8sxOAtXEiWQrb2hLhuC/Td9PapbKUb6kIBkO1B3AHvUpgxuOflXvV23sWDhFGT0yO30o1DZEfJU5AwGPqaV7sfLZXZlmLIBHToBS+WADxyKtRxGRd3ZflFJOoUheg6k+1Vcm2lyqY8DGP/r09Yup5Pb605cFd57dquWcJlKnH3WH50N2CKuNEIijVSOe9EMfzY2liewGc1ZuIWNwzEfKBVyC28tsdPl5PvWbehuo6iR2xyZJDvYDr2HsKkjh3LnHXpV8QARj+7jgVFarviU+xrMsx9Ri/eFj124rJdMZT8RW9foTO3HAFY10m2QEjtVwZE43KcigkHHBUn8qqFMk8VeYbcjHQ0LasFAxya1vYyUWyo3ykGk3EjPrTp0K9ajHBx6U0S1YFIHPWl5I9j+hpDwfrSHOeOoqiTpLfi3j5zx1qSobP/j1Q88jvU1fQQd4o+cnpJi0UUVRAUUUUAFFFFABRRRQAUUUUAFFFFABRRRQA6T/WN9abTpP9Y31ptC2BhRRRQAUUUUAFFFFABRRRQAUlLSUAUNX/AOPYd+axiRgjPXrXQ3kXnW7JnFc2ww2Owry8ZFqdz18FJOFhp5Of1pPTP5UuSRntR71wneORcmtfTId0g4rNhXLCul0q32xqxFZTdkawVy8LcGLb2IxWRq+lEZmjGFA+b8K6KMcUsiK6FWHB61inZmrVziRZmOwedgc5GPxqtbwNLlVXrxXaXlqskCwAfJnJFNsdMgtAGIy3rWqkyHFHPf2bLGvyxlpDwB6UgsX80xoPM2nDMvOW9B9PWusLwKzHeoYjAzkGktUtkbfgZ9hxSux+6Y8WkIibrt9tsgzIF6u3YD1NaVva/ZYDPJEI5pjtiiXkoprU3QSOpO07eQDSkK0m/gt2pFXRTWJbGyaRsbj0rkbm5aaZiDwTge1dRrxf7EQqkk/KAPeueOmSC6hgIwzfe9ff+dNOxLjzF+yh22wklJESjoO+f5k1QvMhJJSABuxgevpXTfYt1xuA/dRR7YkH97puNQXWiiVYIs4jRst7nufxoUh8qOejRmtH29E+8cfn+vFdLpdmYre2UY3Plm9qPsCwW7W6D/WcD6bs/wBTWuqhJiwH3QAKTlcFGyM+Sz+dsj5AQSPU/wCFWDABj1qWWQA5I96qT6gI+CuKQ7lsrhAKp2+E8kdAUNVm1R2GBHgfWokuiXQnjHv1p2FcfdJ8zuB1NZ17AHKEDqK2FXzFyBnnn3qtsTywGQqykj61OxSdzFitN0ig1dEGSDirMUQWTHapWTk4qZNsqKSOf1O12pvA4rI7811l5EJImU+lcrKNrkdwa1pO5lVXUbjna3T1qSJA0ihjjBwc9qZ/AO/tU1sf3yYG4Z7/AMq6YK7RyTdkzfQBUVR0Ap1IOlLX0B86wooooEFFFFABRRRQAUUUUAFFFFABRRRQAUUUUAOk/wBY31ptOk/1jfWm0LYGFFFFABRRRQAUUUUAFFFFABSUtJQAEZGDXO6lAIrhwvCmuirO1e33xeaByOtc2Jhzw06HXhKnJU16mGQOv5ClUZNJ7/gKchrxme2i7Yx+ZMo7Zrq7VQFAA4Fc3pg/eiuotxwK56m50Q2LC8UM4UcmjoKFXc1QihsaFzuKkVIUJ6YqVQPTH1qZFGKq4rXMyW3cknaxpht5SOQR7it1UB7UpgUincLGB5MiYxhh71bhLFcMpFXntwOlReXtNTdjsL5SyEFwDimizjNyJiBuz1p65z1qZOtK9x7EgjBbPb0p7JkYxmkWpO1VcCFkUtkjp0qNjgmpXNV3NK4EUnJzmqM8JlODyPcVdYE05IcnmlcLGetkXwMkAelTJpvHU1qIiqOw+tKXT++v50wKCWoi+7k/U0SR7hhhVxsHpVd8DtQFjOkjCNnGBQQe9W5F3A5quyYGKllFS4HBrlL0YuG+tdfcL8tcrqK4nY+hq6W5FXYp5xz61saUQYMFBweG71j7c8VuadGY7cZxzyK9XBJuoeRjWlTLdLSUV6x4wtFFFABRRRQAUUUUAFFFFABRRRQAUUUUAFFFFADpP9Y31ptOk/1jfWm0LYGFFFFABRRRQAUUUUAFFFFABRRRQAlRXKeZbuuM5FS0Umrqw07O5yTqynBGDSp1rU1S0YzNKgypxkgdKzo1/nXhVYckmj6GlPnipGnphPnqK6uAcCuV0wYuU+tdZB92uOe52Q2JCKUcU4LQ6kDNSUHmAdTSrcg8IC3v0FZ885QcRlqpNeXkzbY08vPQ9TRqyrHRfaGUZeREHvSf2lbj5RexbvTIrnb/AEeaSwM3mPLMPmK56j2rIt1miJlgujDxsJBwSCOmO9Uo9zNy7Hci8DfdkikH+ywp4dXzwQw6g9RWLoGi2sVk8lzEEL8Lng4q1GZbCZFLm6tGO3ODvi9D7ipasWtTRxzT14pxQAAqcg0gpASIamPSoEPNSk8UxkT1C3NTNUZFJgRgVBcXLRrncI17Mep+gq42EjLbdzY4X1qjBbPvWe5hMkxySew9AB7UWAoPrdlCWLOZXX72RnH58Us3iGzjdEeJW3ruVoSrjH4dD7Ums6Ob24M9vGPm5dDwc+1ZtvoMzXCoYPJUHLuxH+TWiSIfNc149RtJiAj7HPIBypqXzmH8QdffrRqFlBNCqFVOwYU9xWfFbSxttVzj0NRKNtjSOppB91DDIpkCOOGqcrxUA9CpMuVrltSX/Sp19MEV1kvC1y2qE/2iyg9VrWnuZ1PhKVtF5syjGcYyPat5VCKFUYAqtpljJnzAvbqauvGyfeGK9rBzpJct1zHh42nVb5uV8o2loor0DzAooooAKKKKACiiigAooooAKKKKACiiigAooooAdJ/rG+tNp0n+sb602hbAwooooAKKKKACiiigAooooASlpKKACp7WHzpsEfKOTUNaFkvl2E0o+8eFrlxlV06Ta3O3A0lVrJPYshIpUaJShA4IHaua1LTgk25VAznoMZx3rWgspY5A6sQ+OvrT79DNBtZcMBz7V87Fu9z6aaVrGBYLi5X611EHIFYEEe24Q9iePpW9AeKqW5nFWRdQU5k3DFNjqXtUjKclsGHSoEtijcdK0QM04R57UrF3K8e9QOelKkEKy+Z5Kbz1baM1YEdSLEO9VqIiAyeEBPqeanGSvzBfypyoB0oagREeBgUh4FOI5pr8CkAIeamPSooxU5HFA0Qk80hHFKw5oHSgAHPWhkYjIY0oFPHpQgK+GHBprIG6irZUGm7BTAp+Qv8Adpv2cZ6VdKUhWkO5WEQAprjAqyVqCWkIoz/dNcxqcZbUFIznFdNP0rJeHzLxWwSe3FEXZjaujUt0W3s0JG5sdPWmWsgupnhnQISPl96trARGM80+S2UbJQMMp60rPdFppqzMSeIwzNGe1R1qazEAY5R34NZlfTYap7SkpPc+TxdL2VVxWwUlFFdByi0UlLQAUUUUAFFFFABRRRQAUUUUAFFFFADpP9Y31ptOk/1jfWm0LYGFFFFABRRRQAUUUUAFFFFACUUUUAL2rbt4cadbpjljuNYZ+6a6hFHl2wHQKK8vMn7sYnsZTH3pSGBQsoGOgqvqEY8tnA6Dn6VaX5pGNMunZIyVx+NeQe0znhH++Rx0z+QrQhNU0Z3LFxj5sjHpVuOkDVi/EasLzVWE1aSgQ4LT1WkWpFFAwC07FOFLimA3b3prjipKY9AiEnmmE7m9qHbnFIvNAiVKk7UxRUhHFBRE9NU4NPYVCxwc0gJ161JioI23DNWBQAgpcUuKKYDSKaRTzTTSAjYVVmq21VJulAGfOeDVWKIyMShHmKQVBPX2qzcVDBGDLuIqSka8Y/dYxx2+lSqA0FJbjMeP50RNjzFqkBQ1kf6HH/vVjVra42Fhj9MmsmvewCtRPnMzd6/yEoooruPOClpKWgAooooAKKKKACiiigAooooAKKKKAHSf6xvrTadJ/rG+tNoWwMKKKKACiiigAooooAKKKKAEooooAOoro7WTzNOgcdVGK52tjRpN9rLCTypyK8/MYXpqXY9XK58tVx7o0LYZRjUNym8bfWp7T/j2NNxlwK8Q957lC6gEcQwMEiq8ZrTvlBH0rMAw2KHuQXIT0q3GapQmrkfrQBOtSLUa1IKCh4p1NHWnCgTCopTtQk1NVWdtzhaAIVQnk9TTwuKkUYFRNKhfaroWH8IYE/lQBMgqXAxVVJM1Lv4oGK9V35PFLJL6c1Sg1Ozkujbi5jaYcbQf0oGXouHx61aFU3OOR2q6vIzQJi0lL2pDQISkNKaaTQMjc8VVmPFWHNVJj1oEULg81Yt4cxK2OQOfeqs3zOB71pRMixcEHjHFJFE9sdpGaYw23TL60+3Un5iMCmMd1wz9hQUjI1l917tz91cVn1PdyeddSP2J4qCvpcNHlpRR8ni589eTXcWkoorc5haKSigBaKSloAKKKKACiiigAooooAKKKKAHSf6xvrTadJ/rG+tNoWwMKKKKACiiigAooooAKKKKAEooooAKuaZP5F6pJ+V/lNU6WoqQVSDi+prSqOlNTXQ6iM+UxGPlNOkQH54z07Vn2F6J4hG/+sH6+9aCrxXzM4SpycZdD6yNSNSKnHZkUgeVSdwH4VmyLtc565rXbJGAKoXkZUhsdakBkJ5q5EeKoxnGKtxnigRbU1IDUCHipQaBkoNOzUQNPU0DHk4WqE0gWZcnGausc1UubSO5Qo44PpQJEVxbG9j8vz2jU9dpxn8axx4Qhim8+O4YMpyMcEH61praT2/Ecxdf7r9fzqzH5h+9SLKMNy8beVPksOj/AN7/AOvU5uBjrVlrZJTyoprWUYXgUai0KbgTKQ7EKew61GNO00KP3KqV5B6Yq+LdBSi1ib7yA/WgadiASrIdqHdWlGflAqCO3ij+4gX6VMOKCWSGkzSZzSZpgBpjHinE0xjQBFIeKpzHrVmQ1TmPBoEVYk8y4APIrRRAGBIwoqnZoWlLDtWmgOMEUihHlLfKDge1UtQuRBAUU/O3Ap99ILePzB19Kw5JGlcu5yTXbhMM60uaWyOLG4tUI8kfiY2kpaSvfPmQooooAKKKKAClpKWgAooooAKKKKACiiigAooooAdJ/rG+tNp0n+sb602hbAwooooAKKKKACiiigAooooAKSlooASlopKAJYJTBMsi9R29a6C0vYZl4YZ7g9a5uiuTEYSNbW9md2FxssOuW10dTNdwxdXUfjWZc38MzBFYn3xxWTRnBzXOstjbWR0yzSTekTUjOfzq1GeKowNuANXY+leS1Z2Z66d1dFlDzUwNV0NTKaRRIDTgajBpQaQyTNGaZmgtQApNN3DNMZ6jMyg8cmkNK5aVgBQWHeqy3C9HXHuKc0sa/cyxNBXKSZ5pRVbzWzkmnpMDQJosUtRhgaeDQSOozTc0hNACk1GxpS1RsaYEchqlcHAq25qlcng0gEs7uKHIkcAk96tyanbhc+YD9K59jliaSvYhl0XFNtnjTzScZNRiizd3TXMmeijoKr0UV6NOnGnHljseXVqyqyc5vUSiiirMwooooGFFFFAgpaSloAKKKKACiiigAooooAKKKKAHSf6xvrTadJ/rG+tNoWwMKKKKACiiigAooooAKKKKACkpaKACkoooAKKKKACiiigC3aPxj0rRiORWRA22T61qQtXg42nyVW+59FganPRS7aFpTUqmoQakBriO4kzSg00GgnikApfAqJ5wB1qKZJXBEbhT71Q8i5YkTTKP9wUFJFiW7GcbhUYuFzjcOfelWxgPVSx9WNTrplrIuGiXFFjVJDBID3pwl460No9uM7ZZk9lfikXRYRys0xH++adirR7kct0ka/M4H402O5B5DcfWrH9l28Q4AP15pr2kHdPxHFKwPl6D4rntmrscgYdaxvsTrJ+4mIB/hcZxWhCjRgBn3H2pGUki7mmE00NxQTTIAmmMaUmmGgBkh4rOu3wjGr0pxWVePkha1ow9pUUTGvU9nTcirRRRX058qFLSUUCCiiigAooooAKKKKAClpKWgAooooAKKKKACiiigAooooAdJ/rG+tNp0n+sb602hbAwooooAKKKKACiiigAooooAKKKKACkpaKAEooooAKKKKAFzjmtG2k3KDWbVi0k2ybT0NcWOo+0p3W6O/AVvZ1OV7M2EORUimq8bVMDXgn0BKDS00GnCkMQioWjyc1PRikMr7SKerVNsqNrYP1/SmUpC7/Y0eYR2NRHTcnIkcf8Co/s1xyJX/76NF2VzIczk9qTaT2p6WzoeefrUwT1pCciuqc1IFqXy6NuKCbkeKSnGmmgQhNNY8UGo3bApiIZnxmsiR97lvyq3ezYGwHk1Rr18vo2vUfyPHzKve1JfMKKKK9U8cKKKKAFooooAKSlpKAFooooAKKKKACiiigAooooAKKKKACiiigB0n+sb602nSf6xvrTaFsDCiiigAooooAKKKKACiiigAooooAKKKKAEooooAKKKKACiiigZqWkvmRg9xwauKaybRinI9ea00YFQR0NfNVoqNSUV0Z9PRk5U4yfVE6niniolNPBrE3JBSgU0GnikMeop4FNU09aBihc07bQKfmmAzHrTSop5xTSaQDCKYacxpjGgBjVGxpzGoWagQE1VuJQiFj2qV2wMms68clGJprdIT2uVGYuxZuppKKK+qSUVZHyUpOTuwooopkhRS0lAC0UUUAFJS0lAC0UUUAFFFFABRRRQAUUUUAFFFFABRRRQA6T/WN9abTpP9Y31ptC2BhRRRQAUUUUAFFFFABRRRQAUUUUAFFFFACUUUUAFFFFABRRRQBZtOVb61diYoeOnpVSyBYMey1cx0r5zFfx5H02E/gxLCMGGRUgNVASpyKmSUHrwawvc6NiwDT1NQg08GlYaZODTwagDU4NSGWA1G6od1KXoHclLU0tUZamlqAuPJqN2pC1RuwA5NOwrjWbNRuwH19KGkJ4Xj3qM0bC3I3Jbk1SvP8AVmrzDiqV4P3Rop/GvVBP4H6MqUUUV9WfIBRRRQAtJRRQAtFFFABSUtJQAtFFFABRRRQAUUUUAFFFFABRRRQAUUUUAOk/1jfWm06T/WN9abQtgYUUUUAFFFFABRRRQAUUUUAFFJRQAtFJRQAUUUUAFFFFABQeBmip7KA3N5FF2JyfoKUpKKbZUYuUkkXhF9ksIQ3Dytk1OF4FO8RqI5LRfyoj5QfSvmar5pOT6n1FJKMUl0IytMxirJWomWsjURZCv0qVZgetQEUlFxWLocHvTg/vVAMR0NL5jetO4F/fSeYKpeY9Lvc96Lodi55g9aYZQO9VwCetSBcUXAcZCegxTDz1OadTDSuAlFLilxSGMIyKhEaPdRJIMozYIqzjio9v+kRY7OKFuD2Mq6t2tLqS3b+A8H1Haoq3fEtsWeK4jGSPlb6GsMgqcMCDX0mHrKpBXep8ziaDpzdloJRRRXScoUUUUAFLSUUALRSUUALRRRQAUUUUAFFFFABRRRQAUUUUAFFFFADpP9Y31ptOk/1jfWm0LYGFFFFABRRSUALSUUUAFFFFABRRRQAUUUUAFFFSQwy3DbYImkP+yKTaWrGk3ohmKStq28N3cuDO6Qj06mtKHQLKDBdWmb/aP9K5p4unHbU64YOrLfQ5WON5W2xIzn0UZrf0TT5LYtLOm2RuAPQVtpCkSYRFQDsoxTFXv61xVsXKouVKyO6jhI0nzN3ZgeNmMCWFwAT85jP4jI/lRYOXto2PUitPxJbC60KTIy0WJR+B/wAM1k6ac264rzpnowL23NMZKlUZpStZllRkphWrTLUZSgZBtpQtTbc0bKLAMCU4IKeFpwFADQuKDTsUEUARmmkc1IRTSKQCAU4CgCnAUDG4pFXEqt6GpMUYpgWYcXTmN+Rtqrqulb1IiA8zGV9zU2nt/wATFF9Uar14Myge1dFKco6o56sFLRnGTQTWzbbiJ4j/ALQ4/Oo+td0sfmwgNtcHqGFZd54ft5ctAGt3/wBnlT+FenTxy2mjyqmAa1gzmaKtXenXVmSZY9yf305H/wBaqoII4rvjOM1eLPPnCUHaSCiiiqICiiigAooooAWikooAWikpaACiiigAooooAKKKKAHSf6xvrTadJ/rG+tMoWwC0lFFABRRRQAUUUUAFFFLQAlFORHlfZGjOx7KM1rWfh26nw05EC+nVqznVhT+JmtOlOp8KMfpV600m8u8FItiH+J+K6ez0eztMFY97/wB5uTV8ADpXBUx3SCPQpYBbzZi2fhu2iw1wxmb06LWvHEkShY0VFHYDFPpa4Z1JTd5M9CFOEFaKGnNIF5yeTT6SoLGOOMU3bxUhFJigQ1o1lheJvuupU/Q1ytlE1tugf70TFD+FdYODWXqtrsmF0g4b5X/of6VE1dXLg7ECHipBUSVMKyNRGXNRslTUhFMCDbS7akIpMUAN20u2ngU7bQBHtpNtS7aQigCErTCKmIqMikMaBTwKAKcBSATFIafjio5G2qTQBJpSGTUmk7Rpj8TV6b5pSaNPg+zWmT99/mNOxW8VZGM3dj4AcEZxUwyO9RwjGamqiBjRo3UVl3ug21wS6rsc914rXoqoycXdMUoqSs0cZd6LdWuSo81B6DBrO74IwR2NeiEZ6iqV5pVpeD95EA3Zl4IrtpY2S0nqcFXAResHY4iiti98PXMGWt285PQ8Gsl1aNtsilG9GGK9CnWhU+FnnVKM6fxIbRRRWpiFFFFABRRRQAUtJRQAtFFFABRRRQAsn+sb602nSf6xvrTaENhRRRQIKKKO+ByfSgAo6Vo2ei3t3g7PKQ/xP/hW7ZeH7S2IaUGd/Vun5VzVMVTh1uzrpYSpU6WRzVpY3V42IImI/vHgD8a3LPw1GuGvJC5/uJwPzreUBRhQAB2FLXn1MZUnotD0aWCpw1erIoLaC2TbBEsY9hUtFFcrd9zrSS2CiiikMKWkooAKKKKACiiigAxTXRZEKOMqwwRTqKAMWWFreUxtyP4T6ilBrVngWePY34H0NZTo8UhRxgj9axlGxrF3HCg0gNLUlCUlOIpuKAFFOBptGaYD800mkzSE0AI1MxTiM0YpDEAp2KKUdKAEp9pbfaZt7D90h/M063t2uW54jHU+vtWmqqihVGAOgFXGN9SJStoNk5OKZtqQikIrUxYRDGakpiDFPoGFFFJnBwelADqSiigAqvdWNvdLiWNT74qzSUJ22Bq+5zN94dMeWtmOPQ8isaa3lgOJUKj17V35FU7m0V8naOeorsp4ucdHqcVXB056rRnD0V0FzosT5MeY29un5VkXFhcW5O9Nyj+Jea9Cniac+tmedUwtSn0uitRR1oroOUKKKKACiiigAooooAdJ/rG+tNp0n+sb60lCGwo5JAAJJ6AVbsdNuL9v3a7Y+7npXTWGl2tgoIXfL3Y9a5a2JjT03Z1UcJOpq9EYljoFxcYec+Sh7fxGugs9LtLIfu4wW/vNyas5ZvYU4LivMqV51N2erSw9On8KFzS0ClrA6BKKWigBKKKKACiiigAooooAKKKKACiigelABRRRQAVHPAk6YbgjofSpKKAMd0eF9jjB/nQDWpPCk6bXH0PcVlyRvBJsk/A9jWUo2NVK4tJSig1BQUYoozQAYpMUuaSgBKMUuM0Y/E0DE6DNT21qZiHfIj9PWpbezJIeYfRf8au1pGPczlLsIAFUKowB2paKK0MwppFOpDxzQACloooAKRhkUtFACL0paKKAClpKKACiiigBjRqw6CoJLYHqMirVFMDCvNHhlJbZhv7y8Gsa50u4hyUHmL7cH8q7MqT6VFJbBq6KeInT2ZzVcNTqbo4M8HBGCOxorq7zTI5h+8jB9+9YtzpE0WWhPmL6HrXoU8XCWktDzauCnDWOpnUUpBDFWBVh1BGDSV17nG1bcKKKKBDpOJG+ta2l6MZgJ7vKRDop6mp9H0rzHN3cD5QfkB/nW0fnlAxhR0FebiMV9iB6mGwq+Of3DkwqBIlCIOgFSKlKqYqQCvObPTsIBiloopDCiiigAooooAKKKKACiiloAKSlpKACiiigApMc5paKACiiigAooooAKZJGkqFHGQafRQBmS27wHn5k7N/jUda+MjFVZbQHmLg/3e1ZuHY0Uu5SpM09kKthgQaTbWZY2inBSTgAk+1WYrMnmU4HoKaTYrpFeON5Gwgz79hV+C3WLn7z+tSqqou1RgUtaqNjNyuFFFFUSFFFFABSEZI9BS0UAFFFFABRRRQAUUUUAFFFFABRRRQAUUUUAFFFFACFc1DJbq46c1PSUAY17piTLiRN3uOCKwLvTprbLKDJGO46j6125weoqvNbK4yvWuilXnT22Oerh4VVrucKMHkHNFb19oolcvABHL3H8LUV6UcXTkrt2PKng6sXZK50W0KgQDAAxTCu1wanpGXcuK8Y9ywClpqHKjPXoadSGFFFFABRRRQAUUUUAFFFFABS0lFAC0lLSUAFFFFABRRRQAh45H5Uo5FFNHytjselADqKKKACiiigAooooAQqGHzKD9ajNvEf4cfSpaKLBcYkaRDCj8afSFQe1APb0oAWiiigAooooAKKKKACiiigAooooAKKKWgBKKWigBKWiigBKKWkoAKKKKACiiigAooooAQ1Gcg5HFSGmNTENGJGwwww70UkAy7NRSBak/rRSDqaWgYg4Y+/NLSHqKWgAooooAKKKKACiiigAooooAKKKKAFooooASilpKACiiigApCARg0tFACKex6ilpGHcdRQCCMigBaKKKAGyOI0LHtRGcoCe4zTJk80bPTmnoCqAHtQA6iiigAprnbhvzp1IRkYoAWimRnGUPUdKfQAUUUUAFFIOeaWgAooooAKKKKAClpKWgAooooAKKKKACiiigBKKWigBKKKKACiiigAqOThTUlRTHgD1oExYBhPrRT1G0AelFA0A+8aWm9JPqKdQAh6UtFIOlAC0UUUAFFFFABRRRQAUUUUAFFFFABS0lLQAUUUUAJRS0UAJRRRQAU0/Id38J606igApCcDNNHyHaeh6H+lKfmb2FACqMDnqaWiigAooooAKKKKAGSDBDjt1p/UZopqcfL6dKAHUh5OO3egnsOppQMDFABRRRQAUUUUAFFFFABS0lLQAUUUUAFFFFABRRRQAUUUUAJRRRQAUUUUAFRL88hPYU9zhaIxhfrQId3ooooGNfgqfenU1xlTSqcqDQIWkHelpP4qBi0UUUAFFFFABRRRQAUUUUAFFFFABS0lLQAUUUUAFFFFACUUtJQAUUUUAFGMUUUAFFFFABRRRQAUUUUAFIRnnoRS0UAIBiloooAKKKKACiiloASiiigApaSloAKKKKACiiigAooooAKKKKAEooooAKKKKAGN8z47Cn01Bxn1p1ABRRRQAUyI8Eehp5qNeJWHrzQIkpDwRS01/u59KBsdRRRQAUUUUAFFFFABRRRQAUUUUAFFFFAC0UUUAFFFFABSUUUAFFFFABRRRQAUUUUAFLSUUAFFLRQAlFLRQAlFLRQAlFLRQAUUUUAJRS0UAJS0UUAFFFFABRRRQAUUUUAFFFFACUUUUAFI33aWkPUUAKOBiiiigAopGOBRQK4pqJuJQalqJxg0AyWmv9w0KcilIyCKYxEOVFOqKI9RUtISCiiigYUUUUAFFFFABRSd6WgAooooAWikpaACiiigBKKWkoAKKKKACiiigAooooAKKKKAClpKWgAooooAKKKKACiiigAooooAKKKKACiiigAooooAKKKKACiiigApKWkoAKKKKACk70tAoAKKKQnAzQA0/NIB2HNFLGONx6migB1MkGRmn0hGRQDGRntUlQj5WqUHIpiRD92Y+/NTCo5eGU0/PFAh1FFFIoKKKKACiiigBD1paQ0DpQIWiiigYUtJS0AFFFFABSUtFACUUUUAFFFFABQKKKACiiigApaSloAKKKKACiiigAooooAKKKKACiiigAooooAKKKKACiiigAooooAKSlpKACiiigApB0FDHiloAKZJyQo79acPWmp8zFj+FAh4ooooGIDkA0tRQNlSvpUtAEbr3oRu1SVE6lTkdKZL0FmGUPtSI2aCwZDTIzxQDJxS01TmnUigooooAKKKKAA9KQUtJ3oELRRRQMKWkpaACiiigAooooAKSlooASiiigAooooAKKKKAClpKWgAooooAKKKKACiiigAooooAKKKKACiiigAooooAKKKKACiiigApKKKACiiigBrdQKGPIHrTWIBye1LHzlz3oEDnAwOppyjAxTR8z59KfQMKKKKAKkbbJ/Y1bqnMMNmrUbbkBpkodSHpS0UiiBwUPtTVPWp3XKkVW6HFMhk0ZzUtQxVNQUgooopDCiiigBKTvSmkoEx1FIKWgYUUUUALRSUtABRRRQAUUUUAFJS0UAJRRS0AJRS0UAFFFFABRRRQAUUUlAC0UlFAC0UlFAC0UUUAFFFFABRRRQAUUUUAFFFFACUUUUAFIaWkY8UAQS5bCj+I1OeFwKjUZcH0qTqaBAowKWiigYUUUUAVphzS2zdVp8gzUKHZIDTJ2Zboo60UigNVpBg5qzUEo60xMIjzU9VYjVqgEFFFFIYUUUUAIaQ0ppDQJiilpop1AIKKKKBhS0lLQAUUUUAFFJRQAtFJRQAtFJRQAtFJS0AFFFFABSUtJQAUUUUAFFFFABRRRQAUUUUALRSUUALRSUUALRRRQAlFFFABRRRQAUxulONMagTBOpp4pqd6fQCCikJpRQMKKO9FADWGaruMNVo1BKOaZLJIzlafUUR4qWkNBUUtSdqZJ0pgyvHw2KtjpVQcSVaXlRQJDqKKKRQUUUUAIaaaeaYaBMUU6mDrT6AQUUUUDClpKWgAooooASiiigAooooAKKKKACiiigBaKKKACkpaSgAooooAKKKKACiiigAooooAKKKKACiiigBaSiigAooooAKKKQmgBCaYacaaaBCp0pS3YUwHjFPVccmgBVHc0pOBRSDk5oAUcCimSN0AooC5JUcgyKkpGGRQDIoqmqFeGqYUAhDxzTZOlPqJ+mDTBkDfeFWY/u1WerEX3aBIkooopFBRRRQAUw0+mNQJgOtPFRinimJC0UUUigpaSigBaKKKAEooooAKKKKACiiigAooooAWiiigAooooASilpKACiiigAooooAKKKKACiiigAooooAKKKKACiiigApppTTTQIQ0006mNQIclSCoozxTy2OB1pghScnApegpFGKSQ4GKQxq/NJn0op0a4FFAIfSGlooGQsMNUo5FMkHenIcimStx1MlXcmR1FPpDSKKZO5asQH5KryDZKcdDU0B7UyET0UUUiwooooAKa1OprUCY0daeKj708UxIdRRRSKCiiigBaKKKACkpaSgAooooAKKKKACiiigBaKKKACiiigAooooASiiigAooooAKKKKACiiigAooooAKKKKACkpaSgApKKQ0CENMfoaeajlOENACIcLUijvTEHFSimJDu1RgbnpzHAxSoMCkMdRRRQMKKKKAGsMimxnnFSVH0egTJKO1FB6UDKsgyTToeDTX6mnRdaZBYooopFhRRRQAU1ulOpG6UAR96etRnrT1pkofRRRSKCiiigApaSigBaKKKAEopaSgAooooAKKKWgAooooAKKKKACkoooAKKKKACiiigAooooAKKKKACiiigAooooAKSiigQU006kNADTUUvOB6mpCaY/VfrQIctSDpTUFOPSmNCdWp9IowKWkMKKKKACiiigApjjvT6RhkUCYDkUHpSIflpTQHQrP1p0VNfrSxHmmSWBS0gpaRYUUUUAFIelLSHpQBEetOWmnrTkpkklFAopFBRRRQAUUUUALRRRQAlFFFABRRRQAUUUUALRRRQAUlLSUAFFFFABRRRQAUUUUAFFLSUAFFFFABRRRQAUlFJQAuaM0maM0CAmkNLSGgBtMb/WIPrT6QDMqn0FAiQDAo6mlpRxQMKKKKBhRRRQAUUUUAFFFFACAYJpSOKKKBFd1GaEA3UUUySwBxRRRSLCiiigAoxRRQBGwGaVAKKKZI+iiikUFFFFABRRRQAtFFFACUUUUAFFFFABRRRQAtFFFABSUUUAFFFFABRRRQAUUUUALSUUUAFFFFABRRRQAEUmKKKBCYFJtFFFAhcUpUUUUDGlRShRv/CiigB2KKKKBhRRRQAUUUUAf//Z', '2020-2025', 'Nam', 'Kinh', 'Phật Giáo', '', '079202029429', NULL, 'Khu vực 2', 'DCT120', 'Đại học chính quy', '11041', 'Đỗ Ngọc Như Loan', 'loandnn@yahoo.com', '0917771412', '', '', '', '', 'DHSG', 'ĐH Sài Gòn', NULL, NULL),
('3120410515', 'Nguyễn Thị Phương Thùy', '2002-12-25 07:00:00', 'TP. Hồ Chí Minh', '0964235323', 'themnxx2512@gmail.com', 1, 'DCT1209', 1, 2020, 2024, 1, '2024-09-10 22:23:20.377000', '2024-10-16 22:56:19.893737', 'CNTT', 'KTPM', 'aebdeeb0-5c22-4e70-8c7f-5d2a0d482a0c', NULL, NULL, '/9j/2wCEAAEBAQEBAQEBAQEBAQEBAQEBAQEBAQEBAQEBAQEBAQEBAQEBAQEBAQEBAQECAgICAgICAgICAgMDAwMDAwMDAwMBAQEBAQEBAgEBAgICAQICAwMDAwMDAwMDAwMDAwMDAwMDAwMDAwMDAwMDAwMDAwMDAwMDAwMDAwMDAwMDAwMDA//dAAQAHP/uAA5BZG9iZQBkwAAAAAH/wAARCAEpAN8DABEAAREBAhEB/8QA1QAAAAUFAQEAAAAAAAAAAAAAAgMGBwgAAQQFCQoLAQAABgMBAQAAAAAAAAAAAAAAAQIDBAUGBwkIChAAAgECBQIEBAIGBgcGBQUAAQIDBBEABQYSIQcxEyJBUQgUYXEygQkjQpGhsRUzUsHR8BY0YnJzsuEXJDWCwvE2N1OSs0N0orTiEQABAwIEAgYHBQUECAMGBwABAgMRAAQFEiExBkEHEyJRYXEIFDKBkaHBIzOx0fAVQlJy4QlikvEWJDRDU4KisnOD0hclNWNkwhhUk5Sjs7T/2gAMAwAAARECEQA/AEJ1YqAvWHqfTqpVW6na/DIzMQFmz+vYEkEXYeAnJv6++O8nBI/ZHRtgLNn7d401106z1jCVLy/w67bwJEV86XTLiVxjXSJjt3clJSxiV0y1lATDbNw622DG5CdCd1GCabnxGDlwPEked4w8rzF1QG6AbZUG2/pa2L9hv9mYg9h9rmSw7bhSlE9sKUTJSoRB7tCawW7SSttpySAwhWuupGu8wPAVktPVjm8cagWPhoFew48k/NRG49GVgwPrhaWbpO13dz/4h/KoyENJ3bQodxSKxWld2RneWQIQSks80qPY3s4kdyRh9Kr1KhN1cKRzSVSFDuPgakpdZbSeoYZbdjRSRCknkoeI5UISw3uaSBiBZe67ebiwFxwcShcOp0QSnypIvMTG1078j+NAdoXUqKeOMsNodf2b+u2wBtftfDS3blaSkuqyncEA/SaX6/iShlcuFKbIgghOoO4mKEojUICICUN1f5eESqb3uj8gMD6kHnDKkrMQrbwpgqJBHI0ZJMqxOBtbyG26OEPwLD9ZGqMDb198AB0EdoaHupgNHODOk1rFqBcBk4JA/G1re1jcG+HMzp0JFSsg8aO+YYEFFRB6qoCqfdSfQEeuFAur7Cz2DoYkGkqQMpzExQ4ppru6xg7Lnyx1kiKAf25Y4GgRQR3Z1HucRFos2FErVca9xSfxG1Os2NvcCFqKUx3ifmDA/XkeKyVgxZYbAc7VYG17Had9iSP3YeRZ2bw6zrHwmP7s/hTKrPD2V5Qp0uTpOUpJ5A6TFEGoZ3G1FuW7kdub3Nu55/hgzhuHna4fHmlJpzK3EdWiKC9SwuruLEWNlNzf/wB8F6gy19pbXbqLhOqVdUklKhqDB0Mdx0pIQykhQaTI8TVNPCUG2TkEcFH/AGfyt3wsucQAdnF1k/3rZo/SnOsbn/ZxH85qwmViFMgAPHZxa/H34wy4viJ5stPYi0ppYII9WbBIOhgiCDHMajlRlxmNGDP8/wCdHIFLL/3j1HAMi3P3N++IX7NvuV2nbuUPwNM9Yj/gK+IrM7ebxWYDkortuIHNhc2JODNletjNcXHW24HaQkrzLTzSmTEkaCdO+g2W1uBKGy04TotUQk/xEjUAbyNRQfGiud8dWBwQQEIv67r+mJDJwTMFLtL1IG8pbJP5/WpLiMRiG7phX/Ov60YZ6ZUYp47PtJVHWMxs1uzAMDtJxOSeHk6JYuCSNErbRkJ7lRy79jFRIxVDgAuERO6XFSPLSsBqyJQxNJEbAnhHHI7dmJwZTgah2sPtv8BH4GpnW40DpeOx/OD+NFLXRyeQUkV38oBMqcngXN7WucJTb4OtYFtZMt3JPZUnNKVclCSRIOuunfTofxNfYu7x0Wh0WYSuEnQ6RJ05DWsGZLnilTsL7agi3fgXPpioxj9otrnrToI2Rtqfr+hUlFtg/wC7fr97CvoaEE2wMwpirKrncJgdpKcMR62IxHtLu8Q1kvHB6moEL0SIQdCdNefLWkKtcNCsyb9KlD93qVjN4TrE7Ty3ouKabcii/JW4AFgPUkCwI4xNaRwvnjr4Gp9pwa+8VBcZZhSkkR7/AMTWw3SFWUqtmXa3kH4TYEjnjFoGuGSgqTcwrLp9od/eKhoDTbiXEGVJMwdRPiOdAVFBADnaCLAtexHYi/YjDAYwdYgXRH/mj6irVWI3C0mWGSPBv+tHMqgczEduDID7emDNlhxEpupjl1qCfhFRxcKWqPVmwf5I+c1//9BB9aE+X649W0AAMfU/WCOpFyqtnFbtAPFjyecd5+HVBXBvDbQ3DDPvIYQK+cDpAQpziTGbg7Lxa9V8bp0/WmyLbtvv4jtf+VsZbdNTjD5Gybdv51jmIaXQA2DDY/6avcjku1vW5uMN1CoBlUAkMCfQYFCqV9yliO3oPvbAoVW/g8env2/hgUKLZyATc8fXCSYE0dBlYqg5J3Lcgnt24/jg5gjxo071hbt3FubGx784VT1GRB1kRvK21gbNcqfoV9R9MKR7Y86IjMCkTqKzo6qqghnjgrauOKqjaKppopzHTSRsfNG8AV1dGP1GKu/JzRyo0u9V2RG3jJ9+k1hsGSM8qd/PDG4+vaxvifayWD5CiAzKKyKxizjsx/ee/wDLC6UI50NGLcN39Lm54+v0tgUVGcAfTAoqpWBYC/r9cCjrJHBB9jcYFCjvGb/Nv8MCiVsaF4xPB7Hj0/wwVMVZ2AViCLgcetz9hgUad6xBOxNj2PBupAF/W/AwdP0MEe4/fhSdVAcqKtVKfNf29vf/ACcVWKHVPvp1saRVo5bMtiRzz7W+2G7JSQmCNM1KKNKyjPuFgRc8cW7fwxZktqVlhJ8YFMwee1B3N23N/wDc3+ODLTR3Sn4D8qLTuFVvbvua/vc3wk27B3bR/hH5UYJGxoQd78sx+7E4Nu2tusGZtEfyju8qX1ro2Ufia//RQXXCdZOt/VqcHzz9TdYzv6XEeeV8Udh6C3fHeHhdSk9HmC364N21boKe6coTqPIfEV87HHtuyOKsdtkAi1avXMmsntvKJk896bAOpDBe8dmHud9vxH1GM2xB0tvMvJjPcpyrnuQkEZe7U6zPurAnwHG2rlU9c5mCu6EaJgcj36mipZG2N27D+JH1wwRIimgmKw1ckgMeOe1h6flxfCA2AZk0cCsjxgqNt57fz+l8Lik5BRfzB/sD9/8A0wIoslWae4I2d/8Aa/6YIpkRQyeNWln3qPLay2739voMAjbwo0o1rHV7G9sHNO5aOSUFgPw/U2sODye/GFtqyrBIKtdhuaUk9WesiQKO8SJQQSx3eqWZeD3JuMU146HHsmUiO+mltqcclsQJ50BmWUxpHcGxuZdqLxyOSbC+MnsbBTlkp3rbcCBEuAH5ipCR1TCkrOZ0nQJlX9flRbxlDtJVjzxGfE5AuRdQRcAHEC4KbbRRCiJ9k5vwpLLC3zlTCTH73Z/Ggg7NrveMNYAOpVvOdigqeQSWGGbd0XTqWWkrC1TGZJSNBOpMAbczUlGHXLisreQq8Fp/OrmRHEixsJWjcJIsIMzRsTYeIsYYxqT2LWBxLeYcYBLg0HcQfwmidw67ZTmWkZfBST+BoSgoylhYXHYFjz2uF3EYrTiFkk5VOAK8QfyqGEqJgb1sY4ZpgGjjZ1IvcWHB4udxFueOfXD7TzTxhpQUT3Uyp9lCsq1AKoIR9+zad1r7bXNrX9PpiYbW5DZdKFdUOcaUskKaU4nVCYk93nV2Vk/EpX7i3fDfUuxmyqg+BppH2hhvtHw1oDEDuQPvxhuCDB3p0NOpOZSVAeINEyMNjWIPHoR64OlViYUn2hRViSen3P8AdimxL2wKkIoa/ht62GDsvuvfSVb0JfxD8/5YnJ9oUSgcs8qNxIpqqwKFV/njAKikZhyp1pOZwJ/W1f/Sanq9L4nV7qlK7gSf9omtVRLcmMahrCAT3JBbv647yYGlLfR7hTY39XHyMV86fF7pdxnGH+a7kEnzcP5U3sRJeb6FB/A/4Yy/EvvrNPg4f+lNYY8kJt2PJX4ihy/1bfl/zDCaj1hYFCrW+p/PAoTV8CiqsChVm7HApQ3ovCaXQlFyBe3+f5YbeuxYo9aInIRp5kD6040tLa+sUJSOUTWwSmFiXdAtrg+IkYAUFnN5NoJsOACWY2CgkgEmmG8Vh0EITHfB9+hph25U859imFdwH5fLz+GuzesyrIcorNQZ7mlFkmQZfC9VW5vm4MWXw0gAQSmaVY6eVpJnWNY1czB2F0A5FRjWIYDwnYOYtxDiDLWEM5c/2zX76ghIhwoTqtQ3UNRzOhzjhTo9414uxJrDsBsrh2+eByhLbx0AzEkoaWQkDUkAiPDWoaaq/SIfClo6c0cGodW6tliKNM+lMkL0DkSqGQVDVV1te/CkFR3xoDiH0m+j7h9SncJfFxl7spnb/hOr3nlXqThT0Juk7GkpVjjSWUr3IXKh/wArjSD5zTIa6/St6HpdK5snTfRWo6jV1XLJDk8+p5II8ppIpnEaVlVEf1kkkEUjOig8TKt+L41Fxr6dTl1wtd4Rw/ZAYqsNhtcvApyutqWRnYWg/ZpUNe/TWI3xwh/Zw2djjlpi/GeIKPD7ZJdb6tpYVLakoSequG3PvCjVMERrpMMToL9Kb1R07paHLtY6FyjqBnEmdVVQ+o8wm/oueCiaN2Wjp2yyKGCq44vIBZRxc2J1Hw/6avFdgR+12OtIO5W2CQfAWKvAbkxW2MW9AvoPvll7DnvV0qA7AavCBA/iGII332gT7y4dV+lwnalAo+hGVS1BCpLBNnlWqyNcCYktEHSwuVvtG4AY2236eGG21kVixzXqQIHWpMyRPtWIToJrDXf7PfgF5wfsjEf9Z/dHV3m8a+1fKG00/nTX9JZ0O1JQ0Ca4yTNummd1Tyo9Oz/0rlVxHK/iGZd7GJSLi9j2xmvBvphYBxlcJtnm027x3lSDHf7LKK1rx96Al1gOHqvcOWt9caAJcBkfzPLM6Ae+p46W1Bp7WGnIdWaWz6kz/Ka1Yno6ygm3KviP5oZYUuyOiNyDa2PV3D/q/FCUP4XfocKwSEJW5rA10A1iQfdXPvifhXiPg/FHcExyxetrRK8qlLQBIjMkhUmJUABNboRVrf1i7bqGs6yAkehvY3Fh74k3icYwq4DThUW5/vxy7yO/u5ViS7m2tyBbAg+MT8o5URKoWNwxu/FvMGtyL+xF1xkLSbV7DVXCyn1oRA0nUgHTU/Mc+7Qw9cPgq7XU8948PD/OsH/3xWDu50mgt+E/59cPMfej9cqeY+9Hv/CiLWYD7/8Aq/lijxNZL4Pd/SpRoZ9f8+2EWU5QTvJpC/ZoOLGmKEpNwL8YUgnMKSrajcP03Ql7jt+fbtiRaoQu4SlYBRrofI0YUpOqSQrwr//TaLqwYv8AtO6k1KsHeXqBrI3PJ2HUFWBb2Nhzjvh0ettYv0fWyr/22W4Rl7P97WN9TXzl8V/Z8WYnhqRFn6yrxV2SSNfOm/3NGQRz4gLOSDa63Ata1hjIEq9cbFy996yYTGghcTI1nbTasUH2tsVK3aICY/vbz3+FU0rMpBC2Ptf7++DqPRWBRVWBQqibC+BRjWg7vpgppWWgs4tzwMRru59VYLoSVqBGgIEyQNz3b1ItLb1h4NZgnQmYnYE1cqBF4u4H/ZAN+9u/bsMSlgIt/WCRMA5efx2pkCXer+dCp1SVh4h2RkHe5vaMBSdzbQWsPUAEnEbC3bfFrgW9whTdqUklSoy6DMBOsEkADTU1Oct2bVQ65YWP4U+14b0wPxGfE3oL4YtNUldqqP8A0h1dm5Vsh0LCb1dbTvIijM60y1VGlDlyxuXWZWkmQqGETEAHzt0z9PvD/R2y7h1mi5N7JAU2GykRO5Fw0oajSAdK9V+j56N2N9KOKNYittu2woKEqug4hJSe5XqzqDImASM2tcB+vXxUdW/iJzeol1nqavptKJVF8p6fZRXTUmlcqpVcOiGiWVUzTMGCKXqpFWRmHbsBzU436X+NOkZp+xxi7eHDT60lTYceUTkUFt9hbq29FgK1nUSNQK698EdFnCHRKloYNa2z3ErKCEPpbbLZSpOVwLdbQ2tJKSqAN5gneYyCem8TwYUKG7BFmuJKdBdv1T7FjcX/ABXPbtzjTlzhyAQq1WpUHXNAnzjnWz0cUYyEFPU27bkaKQpcjykmj6SOtrak0SRzzzkqsENIIjLM0jBAtMWbbKFL3e3Zb4v8NxO8sVgssNqWAdesKeUdxqluH76+VlxBZctle0gxGmo1gHQgH3VMfq/8K2e9MejGg+rpr3zDTuo8yOQ1VJ4cozjJtSfLLVTQGhQGeanii87TKjQkXCvusDFuOLHrpz1a7tUoc7uukQPHKKWMGw0pKxbjKrmFq190+NRfOVolKa6KSf8AC3ivXI1KKtVW+6OnqI46krG9iTssbd8JY9UKvXV2pWgdzh5iI/Qpl3BcEuUerMOerPfx/aKCdZPZkTIEeEzypOy1csBggmp6aqjZWKeV/LHIpUXfao8xP3GK11VyHi7YoWwRtCpn3gip1k+cIbNuoi9Z8BE/458akj8P3xP9Wfh7zCog0VqGlXKszkWTMNOZ0JazLK+NEY/LQSzFlow5PcEc843H0f8ASzxz0d4mxxDht85cKt8yfVip9ZUHEltR6vrUoOUKzTOhTIEgVr/jvo16P+lfBrjhnGsObsnbpIPrak26cim1BxI60MrcTnKMkJGubKSATXd/4cvi86f9e6CloBU0OkuoIRhmGimltT1EsUbtLUZNUzTK9buUFiqBtox0c6HfSOwbpBt0M8UXVnZ4hl9h9xplU7ey4+s67jz25DlV08+iHj/BjzuI8MWF9e4cmSFstPPJgc8yLVI27jBqU9RBUBpAYXups36t96kHkMNpsAB9Mekk9p5L9ovrMNM/aJMtkkdntp7G+g15wK8SOF/Deswu9bLNzICkrBQtJGsFKoIPgQDtWBYsSFG5lALKvJUN+EsouVB+o5xNWeqEvQkd50B95imlNOIQFrSpLZ2JBAPvjWgPwCDweODwffsecPWpQteZJBR3jUfHanLdKioOAHqxzjTbv2ok/wBZ+/8Avxj2IR10DxqQaEfXC7PYe+kL9ig4n0xVm4BwCY1oxvRyG6j/AD6YkIMpFNr9qjFNiPX74eaJDgI3/pSDX//UZzq0oh6q9TKSNCqQa+1f4Yc3YIc+q+GY8sbXx3n6LLgq6NbdxwiVNAzt+7XzscZsRxxiik8rl6fdNISQH9URYKEbgfVvXFzhTua3cSea0/IVgbaoYWk81D5UDFjTZq2BRVWBQqzdsA0pO9F4TS6MiQSMVPbY7f8A2i49sTLG2RdvlpwdnIo/ATSVLUgZk7z+OlEbTKdpvtU7+LgBFsWLe4xRtPuXF4q3H3CT8qsnEIZtkrOjxGnxprOuvXLSfw6dOZuoWqhHI1U1VRaRyVmtU6izWGJ/DKxraQUMMgvIWt5RxfGqOnbpRwbgDgx9uzebRjBfaQkBQSrtK7UQptXsjka9Cej10C4z0t8YsM3aFpwBtlx5xwhQBDYlKAoNuiVKMAFMHUSK8xvVPqTq3q7rLNde6vzSqzXN85qpKilhmqJnpcjyyZiaTLaOOUMqRxJ5RssthfnHIvpM49vuLsRW5cuKXmVPtKPu1cVXavo74SwTCcGRwvgLCWLpoBOdKW0FWXcktoCifHKCBpTdJSvmUzwQiT5kPsJETNH4pFwNzleLfn9DjA7PrG7UIUdCdPLx/pWXuIcwtSsFvj1mIE5gomTA37Ssqv8ApqQnTfo9VakyiCozOn1InzGZ0tAwpKSOeJKd5Cs83g1MUY2xrzuvxiVTex8ak/ozo98KvSvO8ryzWXULXWptaVOZrW0WS6d0jUNLlSqVZA+dUsc9JHGHIEqEgspIwASNe6lI9oDcGvTR0L6UaK118OeaZXmeWS6jymnjjz+gg1BlNHPV0U1RD4NSFum8yGksNwH8b4wTFr1Kbs89fKfkaymwtMzZBHZjT9TXF/4sq34dsozuTI9RdKJai1IMpoYsppEyt6KSJioqZJ9kCsJSObH74yfCr8XFsGBAJEx5b8hVTiVipj7ZQ0mPj7zXOfWHw202oKOTUnS7LcwfLfBg2ZdJO1aIfNd1dVYkGIDv2B9cWh5RtFVVRHr8tzPTeaz5dnCVmW5nTlwtPPTEDYPK5F+WAB7jjnC2mnnlFLE9YATpOw32odQ9c/ZMjtb/AA32rNyDN81yDMhnOSZlmeWZvT1Mc0GZUNc9JUZfWQlZIptqsrSFLXaL9teMV+GY5jHD+JJvGipK0KHJeoGvJSdfMgU/fItsRw84ZigCmijKQqIj/mnfy/p3N+CD42J+pQHSfq7m0kmtFtFp7VclVDSQakUJtWmqY5ZEb51YzZFuXc+mOkPQF6SL2P39pwbjDhFmtpR+0J9pEKA7V0pO407M90Vzs9JT0SuHP9FMQ4/4bQgYwi4aV1bYZkhSoV2W7TrDA1+8jvrpSyGjE8jWWphcUsirwzhWIQNbzHaADzj3rcJtsewtK21BbehEEGfmdq5W34vxd/sW6zQ2opymRBB2ggRr/dHlWG6tMZKt1BYFUY3uQzIRwO5G04GG2ybDCvVI1KwafVdvYdau4An7txaVHulBkeFYcl9y+n19TziovZ9YUR7vKpNv9z4f0o4Erzb8vuf3euLVo5WEHnlqsuRmdg7VW/cCLWt/d+/CioKTIqOUZTvIq6C5/wA2wSNVa7URmJG1G4fpuqJ2i+IOJLebs1LYJS5I1Bg71Y4UlpV6kPJSpEHQiRt3V//VarrV4kPWrq1QylJHp+pusqUzIgQNFFn9YFAt+1cnn1GO6PRW6VdFlk4dlWyfgU6V89vS8xa4P0mcQW2HBQZbxK5QkKUVQAtSdzvtvTfTIoRiL2SQRpc/skMefdrjGYYW2lNnn1zFX0rW14yi3btQ3MvWwcXP8RJGncIG2vnWJiwqGatgUVVgUKC3bCVGBNKTvQF5NvphKVZjFKOlHRpdrA2JBG63a4/jxiZbPqti46kFRDKzAMcv1+tyCwNSJgg/CqpqnK6SPM6zPKoUOR5ZR1lZnOaOGaGioKOE1VRO6r5kXbDt+hYYx1d5a8O8KX3Gt+kqtmEKJaSRnOk6KPZ18ayNOFXONX2H2OGLS5f3bjTaWwDKS4sJ15HLMmNwNK8yvxh/EdnfxF9Ws11B41cNGZNVzZZo3IR/qVDk0TPSx5gsK2pmqa4U4fdfsfvbi30s9JV70k8TXOONF1nCw+UBhxZUoGSc0JUpvQaTE1366HOjS36IOAsOwRQZc4netkuOPIQAkNq0U3qlLoVPiU6VFwmeqmUvG4BCAyMdrME/DdFLICB7Gw/nq1DLV0qHAkKnnH5VtjqGmFJu8CKmb3WS4Qka7x1fa38aVWl89z/LcwFNkgy56yWrjWmkzekikoKZ2byVdTJZzGIz+2wKrfkH1sF2wbYCU5ABz0Anwp9Vt6436/iK0KxzNGaZRkO/bX25022qenRmn6j11bnp6la0yusoKWBHoBpqaGtyaIuqXMpoqemSOVA3lvcj1v6VTrqWRKgo/wAoJ/Co6rdaSQVNnyUDTVdQsyodL62Eelayuzg5hUxmpnWmZZKeXxVtJTyyL40kQJuSp2++G7a5RfOG3twvrAgqOZJSIHiYE67b022sIdHMzHf+vOvTj+jb6nZSukxprVOa5zmeYV2XRU5pWiq0WKORYkJMjQ+Cwj3gWDX5/dqriVamrogmO151tfAcLun7YuJT2QO8fmKYD9Jb8GGus6r8x1v0/pxU0ohWo/o8wwyVD0su95nRjJGFdAtrm3fFnw/jNnZqDt46G7coIkgntHlCUk8jyqNj2C3l5berWLRcuwoHKCkHKJkypQHdznWucfw0ZbqHTKajpqXLcxqpsjAizTJ8xPysExkU/MRtJUFVMXl7KSDjPrbFMPvQDaupXy0BH4gVr25wnErKfWmVICZmSnl5E1Enrv1C0VFrnMlzLSuWaoy+pq4zm4hZKbPdJBZgJaTKJ4+KmOQE7geDtAvi3R67aRcMtqJIIGk7j+lVzGI+rvZrWHHoIyjUwRrp+t6Z3WHT7Js4yLNNc9Ms8g1Bp6nrx4uU5pAtNqrJfHgLLFUQAFhTAREF2Xnjthr1i3uZF8hKLjftBIHz1qycwteItl5xXVKPecvlyV8jTF5Xm+cZDmuS5/k5ly3OMrqYsyp5qer8Fllo5UdCHBFld7KR6g4kWGJv8L3zWM4WtSLhpWhSSICt9UFJGg74rH18PDF+uwa+cS7YLZUpaVKzJEaSQpMAJmZI030r0xfCh8SWU/Ez02XMp6Y5X1B0o1Bk2t8qQ7qdmVPDos2jP4i1SqediBZiAeSMdePR86Tbbifg5kuXTK74NAlHWpLgkbFPWKX8RXH30r+hJPR1iB4nwNh5zDX3tXmmszKSoKPadbaCEqJT+8rXlNSbcGGWWnBuA3nNx+IeUX23HIBt749AMXCn4JkCNiCPxrxh1Lt3YnFnFSrrAnxOYEk9/LetdJt8Q7uwT6978dsVt7/tBPKrNgQzp3fSi4TCNxS+7d/D1AvizSUhtMe1FVzwcUqDEVm+JuQj3N8OFYUmOdQ8pSqgYRStIoaEk9/TC0E5qQoaVUoYpZeCSOe38e+I2JGLQ/zCpWHrS3c5lGAEmv/WaPrFN8x1s6usPwR9XOodMnuY6fVFYib27yMLnzHk47qdG6Sx0WYeANPVEf8AYn+tfPH0xL63pIx97mrFrz//AEOj6CkHKxKSdrfMH+AIxmOHf7EmNp+grB8VEepjusGvnmrGxMqsq2BRVWBQqxFxbCVJzCKMGDVlWxvf0wSUZTNGVTV2D7WZBuKK7sAbeVEZh348zAD88T7JSetKF+ytJT/igVItAkvpK/YSQo+4if1r5VCL9I51dTpf8P0WicozL5TVfVbN009UxQvsnTRUFDUVOe5iWHmWPMKkU9MoBupJPPp4t9KPpOHB2CXXCTavt7pJSEzuCCAR5efKvc/oEdFR486ZX+LMVbz8MYaw7BIlIeU6wWxz1ShSjqnmCCK8505/UxBKiYLTyvSw7m3B6CIp/R6EDvLGHkLnsbi3rblGwSbhTCgoJX9pr3mNa7DuoS7jV0gT6tbqcbRJnspWYg+7woKGUx7zK6RIS7uzgMgN1B2qSzqTbyoHf6WuRYIdSwNhI/XhVY886hzI3P68q2VEUpXVJi1VJXGPwKa8yCqjkcFPGTw2m8CRlAKsE3EjngDBP3YdRkzhKd941101NOqwnGcRb6u0Cw5mB/eGmuuiT310u+FjItU53keeUubdL+pdDk/zUEVFB080m75XLUFGFLmWc19dK6Q5XGhdZXsbO8fHPEJXFOFYTJu1IIiSZkx3CFa1kmB8BY7eR14X3az9UjTxqaPSj4KeqGtdRxZlqOsqRpiLMhNR5VmeU5JFJRiO/gytmlKiSzCNWZTHba17nlRjEeI+lTBbrDfVMFAF6HQZhQ7ICgdwob5a3Jwt0VKau+uvQMvUnu3JT3KTymu0PQbov/2fvHJT5nkjzUkTRzJBl080+9ZacxAzU8Uibdqm/NgSB3IvpDEcZub2561evw37/ZBrcVvw1a2dr1aR2gNd/wD1Hurozlul8u1rloXOqaTMN1NJTTxMrRxCnZAfE2yKGvu2r29fvbIbNa32UoO6QFedYw1hP/vBa5gFJ8dJ/mqA3Wr9H3o/VS5zm2l4KvT01fBUQ1dPSzmJWl58KeUoQGAJ9zwcX9jjP7PXKe+fzqqxjhAYjMbkzt/WvOl8SX6JL4gtM5hn2rdOV2nNWZfTw1FfDS5cZoM2NKn6ww1MxBFRLdVHh2ux59MZG10hwUsOyDnGsgCPj51rvGOiTEVN9dhKD6wnUgBR7OvJI8p8K5HvHqrRVbVZTm1LUZDmss8tPnWRTU1VBUCOF/C3yJLtBV3sBxdgeMbNw39m4mx15Wkk7GU/AyDrWnsQbxrA7s2+IIdS0BpIX9YGnPlSZlRnqZqjxSkUMq7kVS6r+0aZ1UXjLsl+f7Pb2gvf6yp2zQD1aGyoE/3dNN+/uFT3rmwNm0MPUkYheOJtlQUghDwKVHsnNv35h3g1KH4Mutlf0Q6+6Xz+rnlfRuos2jyPXdBFU3gqaDN3jpaeqEPiBWNHVmJyxv4YU++NsdAvHX+hnFzCFaNOEJ1neY5EVqrpi6Oxxz0YYp0cIUciWFPaQSVMoUEGMpEgq3ygz3TXpszKm+VrJNrgo8drgq3zBhPirUyEX4aGpXaexBuMdrcFv28ZwJvGUEHOMo8t53r57b61fwZ+6wa4BFxbXi2iDyLZKDG2kpJrVIbU1WSeDG/5XIGKwkZjHfVna6W/urEjFlh9th/jzi2tB9lVKsQ4qd5rMTtiTUReqqFgUihp3/LDjfte6kq2o3y/tDcPbj+++J9shhxZTcJStuNiARPkaRryMV//12i6wokPWbrL4AtEvV/qPJDvbxCFbWGbgF2PLeWJf4++O7PBHWNdGfCzX798xaIe8Q5bBS8v8JnYiY2ivnn6WWLZfSVjyGs3Uft29QnXXILl2BPMwd+dN/I5uE9GVZj773B3W9l+mM6Rbt29vlbnKHVAT3D61rm4eXc5VuRLQDSY/gRtPee8/Ki8JqNQSbDAoATQdx9sFNKy1W/6fxwlSoFDLVb/AKfx/wCmE9Z4UMlZFGVkraGNluHraVSAfxKZkDoQObSxkr9C1+bWwoMLuULuELCPVU9cRE5wn9wbQT36gd1OE9VZ3LgMKFuuD3HkfjXn5/Sh6ojz34nK/IKfMZKvKdF6ayTIaWn8RilJXVET12Z+HbgM8kkYPqNmOPfpZcTucRdJBu2dLRlpIyEyQoKXmJOgIIgARpB767qehxgyMB9HCxxm0bS1idzmWtR1KkltBkRESdRrIiOVc53REjMkrMYo2RrKGZruwRBwDYHdbGg27NGIL9eaUhpsMAQrckamIEV6Sav0JfS2W1qecaBUoRBKtz37+fxqZnw3fBh1A+IPMIqpnlyDSVHUQipSCCap1Nm28DbT5FRinko0eRZCfFqJoEC3AYkgHXnEPGOFYI4WrhLjihzQEkfNaT8q2Jw50X4xj6heMu2qWhMhalg/JpQ+deg/4UP0UmmMhY5nnug6GnhBEUUGr43zrUlTTmWCZcymd6dafL5PEhVRDE8iDdfcbWxrvH+NVX9mhOA9Yi5LoK+s7AyZVAgFCiSZKdDpHwO98F4KZ4dSXL/qlrU3kGSFCd9ZQk/ujvrtP09+ErJshyiOgo5avKqUw+BLQZQ8FNRzgyRlVmi8AExbF5Uki+MbDF3i8N4kQdd5JIGvf4VkIdYYANsgA+UVIbLvhhyxoKcHPq7wIYlEdDTUUUCIx233NsAkspIvf1xPsOD8HtHvWWO08pGUynLzB3CvCnU4zct6u6J5QZ+hpysk6EZTk1P8rTwq0MhV3aWCITM3ILNKoJIIJ4v/ACGLn/R5qA6wASfdHf8AvfTWo7mMPvGeU+G3+GlpRdOky+TZQMgj2CORQm2ykgn8drgkemGnsMvbTtFs9WrbVP0VO1O277biiSZXEbRp8O+jc20UktDNSJHHI8gIvtXltu0rc8H1/diruEOnR1JHIa/qanDrmznSmQB4fraoZdUumlXSvO5oFkiCMCWgDooKMTtQXEjW4t9cUd2wG0Z2yesnaTM1YYTjfqlwrOz1gWnKRCTlkjUydtCK47/E18D3THrZk2e0tfkOX5VqSvjnFNqKlpI6Gtp6lIJ/CLRIoZ4zMyk8dxheC8cY5h94lhxLqLad1ZgkCe/rAPlVfxX0ecPcU2hf+xRclJgfZhU//pLP1ryyfEN8MHV74adWvlOt8r+YyyRmfJtU00E0tFW0EbER/PskQggbYoJLsSNp55sPRODY3hV2hDrF3bLu3gEqQl1ClAGJJSFZgJHORXkrHejPFOF7teKOtXBtbY9a2QhZSVolQj7JAkxpChPKDBqO0s80k5lmdIHWN3Q0togjqu+CUsfK6llHY+t/TF8LFOH4ow82tObrELGo0OafDTbWsLw7GLl3GnHykzdILSz2uwFqBMnlBGubT6esno9q3L+onQLpTr6hr0r5820rkmVZvJvSSoGcZDl6UOaibYzMGMwHceox2p6GcZ9e4HtmcyVISyCCCCNR37fOuD3pVcMMcIdPmK4PYNkYc6gXKVAfZ533HCUpUOySMuYiZGbUDSlVFzTzH1O70tjP1EZz5mtPtDLba6CD+FG0tzGD9B/LFzbCGAeVY9dQHT5n8ayMPVHqsChVdu2DBI2oUNGN+WI497YWh0IVmUdKSoaaV//QaHq9sbqp1TnQG1R1O6iOu5iT4X+luZmIknkmzG59cd5uGmSzwbwdbHdKbf8A6LVNfO5x+8m444xS4TqHMZu1/F9w0g/DDzEEnywRdv8ArfjGZq/2fzeXWvj7B/8AEVVpY1S1ieeObe32GI9IO9YzdsEaNO9AwVLoN7kj2/jhC9qXAyg86rDVJrcZFEZMyppiyrDQOMwqC9tvh0oMgJYkbQrLe/PbDN/enD8DxG4BgizXH6g1d8N4Z+3cfsuH0jM5f3CGB/znzH/cK8lfXPV1X1B6x9SdV1EviSZtrnUJjDNvZkocyqqJCknlUIKZA1rcAgY4Vce4sriXjm7jtI69QnvAJHcOc19EfRrgLfDPR5ZcFIEC1s0Agd5Skd5OkRudRUgfgU+GLMfif60ZDkcdLNNpTJMwpcwzyrB209QlLUKWoSpVmJfb6i2NM8d8Tr4WZS02v7V1RTAOwA1PtJ8q3PwBwr+3Ll24dTKGW0pGm8GByO1e4XoN0S0P0+y2CHINK5RlCJHBTKYsppoqtqWnVE21NQjP+sMyBvKT9/THnjEMYusWupJJmZkkj8TXpTBrX9lMQ2Mug0iDp7hU2shyilkMUYSSKVXV2ZEEl4z5VQyOVfbu9LWxLYASnsjwNSnH7i7WUL1SnXc+PnT35Nk6xiNfCTylXLMwuyAjgcWJGMrw9QKgf1zpPUL7uVOZS0JjRFjjRSSOeDwR6m3BJxlVg2lxKs3IVFu2lIQnNpr9KU1PQDafHVGuCq2HYm3Pp6e+L+3ZKoy+zHx91QeUUTLl8YJ2qA3KkADle689iSTg8SalgadqfpTzCghweNJepy0u7hiI1JILH0/vHBxhF6woAkjtCstQesY0Haj9aU3upsmpZaaqpBBDUPIu0SSKCWP9mPi5YYxO+HVpCzqSr86iBstvFR0WB8aihrXpFkOabmeilSYEb/AjO4LIdpKqoJJS9zxxinW2XUkiCant3q205T3k/rWoF/E58GGkusOgNVaO1KiVVPNk1ZTZbmaUMf8ASVMTESngyvHvk2E+YLyvfthixxBzh3FLa5E/avZee252KfdqfEUvErX/AEiwS6tF6hpkrAPfsAJCtfIDzrxEfEx0K1D8N/VTV3R/UEcwgp6aLNchzjMAB83kiRMkbxXVN4bfYOCVLAgc8Y9T+tDF2WMRQZACdBvEbHfUd1eG3rF3Br+5tFBQCirYbkme4d/dXWr9GBqdK/onr/RFVWvJXaN1rNWQ0U8bQSUmWZxQ0/65o5FRo1mmjS1wLjntzjqN6IOPtY9g15w0VCLK1bcGv8awjb61yp9PThF62/ZPEFsiG3rxaFAd6WiqfgANq6KpM0FHNUAXZNqi55NzwL824x6zdw5CHAonZX5+Nc+3HTiLItI7QHyGg7vxoNUtWBTNKuyOZfFVQe3lI7kL74vbNwqbLW+mlRmLPqConVUa+X6FHwny8i1rj7kd/TDpBTudYqmfH2hjvqtxJNvw/bDiBzO9Jy5U6+1Vzb0/jhyiqsAgHehX/9Fquq8EI6v9SqEK4p4uoeskQFyX8ObPa6fmQ3Zm3N3POO83DbrruF8L2z0ZW20nQRqLdI/XdXzp8bIbZ4ixl1icjF26puTOq3lDX+LSm4Mm2RitibBDf2XgWtbGWlasvV/uhRPxNYICrIAdiZ+NBeRntcAW9v8A3OE0DRRF8CgDFBYWGEKOWlgzQFS5Jvz/AJ/wwgdsxypSlwAKOESlXbfbaBby/iJ9PxcdvrhRaE6HSkZvCmv6668j6Y9AOs+tGmenqMv0bJl+W1MRs9PmOeVSZRRyKLEsRLVBrXH4bX5FtadL3ELfCnRfjePOoLiWbP2QcpOZxtsawY1XOx2jnI3x6MPDS+KfSC4UsgsIaaxJTypTmzBq3dcjcRqnx8u/yhSn5mmhmm8Rqieokrpqov8A1pr33+MwA3AyHuPc44esLNneHiN2VtOOL7A0UCFKmVHQ/Cu9bWIJ/al1ifVn1dthtOQESSkwTO2p1ivU7+iJ6NZRpTptkOrTTLT6j1RMaisibxIfl6JZGMN9qljPMbkn8JFsefeli+TiWOISkFCUdrtRBCwDAjmOeleoeizCFYVhjybg5nHCFgjkFdoDXmJivSjozLgKGARumxZbqrk7ix4NyAxZbe+Nc27bSBMSuOUVs7KCfCnvyzL2jnhe5UeQN4e5twHpby3sbYt7VJWrTsxHtaTrypaUAaIGvgPyp3ctiAEbbiw2gEMNpHPAsSeeLH2xluHNEqEFO/f4fqKm+pXBT1iQMvv/ACpxsvWyAMLR+Xgc3v8AvIxmODt+0tUTy1291UuINLcSkJGoJNKuIRFNga7EWPDXsRx9Ox98ZK3GhqmUhSOyresSoh8MG/AYsOOe3cetiL++GcRCFtpybT9KbShxxY6kTlOu3637qTM8TeI42nd6i4sdo4+g4xhOILtsw7Ynu1rOcMks6+1G1JqvoIyjsdoNjt3cktxfb9j3++MLxstoQhRICCo/IVYsWozrU/lCCOyTzM6xTYZjlYvLINhZiQfEsBweNvbucVFrcWJ7K3m0q7ioCaS/ZIIOUifD/Ko/65oAaSrjqae5MVTChVvDaE1MfhiQqBuZSv5Yl32H2l8wl/MiGDmBlO8RoYP0qoeu38LMIC+oeBSsiYSBzUdEgEmAVSJ8a8u/6bH4fsu1H02ybq/QQ5dDqTplmlFSZhPFEjZlnGn6qaCn+WLm8fhUM7iW0hCm59jjP+jziBd0v1Bapb2AknYb7mtM9IvCtu3aHGLcJIiStABTuNCoCPA61zT/AEc3VDPM3+JTqDSZ7UUebVHVbp5G9aEokoKeD/R1KOWjVqCECBaqGiEaPIg5F/rjpN6I+KHBOJcWQhQU6/ZMoASQVKh1SoAEkxlmANJrmj6XGBtcS9Hrd1IDdlcrcJ0gSjJOqgAeUzroK7Z1dnoYtsqU/wAxJNtCq1lMThNotbgbRbHR/C716+a+0SUwJggg/AgVxgwFATji247A0B79619U2ZVTZexm8WgcVNHWypMIJqaExBIpKfm7uz37A9ucWtkVdatCNikfj51PbcaexC6zg52gkp7iSTIP9ZocELUUCUimSXwQ0SVE8yPUSRhtwWRBwigG4NuTixyx2T7IGvvqivz1r3XaBKjMDlWVHxfm9+f/ADHv/LC0Ak5jUO4QUsInck0ZhyodVgUK/9Jrurmz/ts6qqhb9R1H1pEGuTdYc9zKGPnuSI4xz69zzjvLwmpS2eHguM3q6yfcwK+dLjMk4ljbifuzcAD3u99Nde5P5c+/v97HGVyDqKw11GRls94NWY2tgUwBNUpvfAoERVEXwSk5qIGKD+D63/LCD9ntrNK9qhA7yQBtHf37D8sBJKgRz76ERUN/0g2Z/JfCJ1BgF0/pPN9GUrG24MkWo6OUoSLEeI9vtbHmX0u79dr0IYklvTrlsIPkblivZnoGWKLr0jMLcXqGGbpfvFpcD615t2Usy0UCyMKqvoqKC6sSp+YpkQ8clEFNJwO28exvySSkjh63U5EqU4fipX6PnXZlsMEXyEjSUif+Y17T/wBH9kM9PpPT836qOCoy/KqilgQH/ulKaFIY4ZSoKeN4sDsdvFmHre3l3pReS7xIltj2UNpzeBKQR8q9u4RZotrBpaYlSEmPcK7hdP4UeGKN7gRvdmPYevNgSLi/p6YosHt1OQpQGUjn7vDxqzPhzqS+T5YtWkLwxA7h5GNtt0sT+G5scZq1gib1IUycqhvqB5fumodxiacOdRmE558diN9R36Ut6HL2YsnhX2kXNmABO4kElRe9jjIbHhp4gLUsACefgI3HOKt08TNC3HYMkdx8PGlrDTtCibeyhdxHIHF+R2FhfGS2mGJwwFx0yXYHLkfDzrH7jEv2oczPtIGvv2/A1uKXbfy912WHsT3PPf8AuxcMFsKBMZIqqeDokc6PnhWSW7A+Qsxbd+DgWJHrfnE5TbLrCp3TEb1ASu4YeSEDQnXbWtPNRrKHdnQILebeinknd+1c8fuxguIWbCnoTEe+sisL66LycvPl3Umq2kpYkeSWqg2R+axlUcfv7+mGzhWFPNKRegBWkTHykHuE+dZKi7WsfamO6m4zvNsjcrTx1lEHSR/Is8YdwbC9t1yAee2MOvcCwVl/rBlycvY/9I/H+i0vjck1HzqLV0wMghMcoeJyWjYSWVAhLMV8oUb/AHtisxQWYw1xNnlkJ1Iy9/8Adpi/aN5gl2oT2UoHxWnfQ6b1wC/SvZVUv8M3WDw4lnhk0/NVuWUjwlpJIpEIPIswka3vt++E9FRy4p1g5H8xWG8XNFjorfTrCkKH/wDKBXnY/RhUmYz/ABQZfmkULzJRdMtS+IWQ7aYS0tFHGS1rRlk55Ivce4v0k9EaxxB/ptw13Dh27dLzijIHZ6hyN/GPGuUfpVXmHcP9AWJOYgexeKS0kQTJNy1rpr9K9AlR8xBSRpJUsxZ9xW1/CZkjuNvuQB7Y6yP45iN1xdeWt0DlDTOkg/7sH+EfjXGS+s7FfDlleW5zKU49pBE9uO893dRJTakbejjsQRYqbHk3ve9/ph3DsHawyyTcIMqfUuf+Ux3n6VSYniD17dQs9lAAA35DuAqy9z78YniqxZk0YMOt86bJJ0O1GKOG+3+OH2wDM0hW4oodz98N0s7Cv//TbDrLTrR9YerWzl4+qfUCOPcd/wCpGp68IGvyzBXPJOO83RotN70aWPFF4ZxW3YCWyNEALSEHMgaK02PKvnf6TGGcO46xnALAEYaLrYkqV2IUO0dd9/DSmwlVUdlS+0Hi5ve4B+nqcZNaK62wYf8A944kk92iiBA5VrgOrcaSFxpNFEXw7QBiqAtgUCZq+BRUB+w++GnNxS070FW2m9r8EfvwlCsp7xSiJqGP6QnLKvNvhK1rFl9BXV9XQah0pmMyUUDzLDllHXS1VdWVRUERwwmFFueLve4tY+SvTQv7e16GHmn1BHWXlqhMzqVXLXONIidYFe5/7Pq1uHunxl5lsuBvD7xRggQBavd+8kxp3153NNyzPqDTXygV5ps3oQonKyKYa+purFQLCQX+vKnHK7FQpjBbbC06udW4rMNJg5tAdRv8q65Wlg9/rLinUpzONiCDuSeY00mver8IXTAaW6RaBWmcSVNZk2WVVRI24Naen3v+zu8OEMftfHlG8Bu8SfxG6BU3cFJQncoCE5SFTprp7Ne7G7hthhpqc3ZjTwjv86mJl2tswqs0k03o2KTMZ6eUQ5pPHDKI4ZVJ8FVkZVYtIu/0t5e+LG0s4+7KUncTp+A76mFQSkqg6U+FHD17NJbS2XBZUp2kWKpqIoZVI7lI23A7SeecXrGF8Rutqewx22ShHthbi0KOnZyhKdYgzqOW+sMsXPD76yMWOVSfZzdWJ7/bM90xSTHUf4stC1UzalyekzWjjkjkkipkMk1LE28gII6YLMXBBPI27R3vxXK4kx7DVlq8Os/uqWobjmazGyw7hXEkJYtnUBRTzLQHL+9UhtGdftRawSlo8wylMvkNknHgmFw8h53hrFdu09/fEw8WuXpSi4UQkbbnePDvApT/AAjb4KQprqlJfE9lSVex35SY9rnUgctzCQqFdwzONw2ncQPUcXt39cX9niLrrgKNRHh9U1VP4UjcjtcvH/qoWZ5tNGZAjWOx93PAsOO9r8Me1+2JN5iF82wShGkamU+7lRWeAoezKcHYEd+nfsr6VHPWeqdYq88enmEsx3NG779qIGS5I4B/F7Y1vd43iLjuRtJOvKP6VdWeF4Sk6KGgH8Xx591JTKennU3U0Rqc3r56eeULJ4SysgeOQSyb1AbgBYr/AGxcWSMbxFPWKbcDaIk6xrtsax3iTE+HrNxtti8YUshWbtbezG4Hj8Kzarobm9MEqJs7cPPB48apO8kkiOP1cm25bY0gO0+tvobWrmBqXbZFOQ4oTqTI/wCk1FtmnrxvrrVCnG+9IJHxFR11zpvqto2uhrBR0GodM1UklNUKZ711DHJJEqyfLrul2MASzEWXb9cYZf4W7YWb6e0oOAQBmJ07hA+Qq5sTbKwLEWXFoD8sgJJGY9skwk6mNzGwrmv+ku0zDW/CF1lzKvkjSKm0PqCe0br4okp6TfDBsBLSIVLE8WABJ47WfRcw41eKLyVIOntAjn4xWA8eP23/ALPlWqHEF+PYCgVfeyezv47Vyn/QwfA/mGvuhHVX4rH6kZRlWZTrWaGyrTUojTdDl1HFWVKzSM4SGsqFhiVEI3MqAgHHuj0eumaz6JenLBrK+SCzjCbhvMoqCU9WyqCSEkSVLCQFQO1pMVz99IjoFuOmH0dsSu7Na/WMHW29kSlKiZfQohQKgpIypKpG+XuqXs0J8YxzJMk8sj1E3iMPCMnhQ0zvCPLa6UQ3dr8Y7MYBjVtxfi1/ibKcij1X8WsIg+1l/hH634McZ8MXHCFnZWD60rB63QFBjtpMSlSv4udE+v8AD6f5viVapdRYNNubAK/7jNYhiy213qlIEaCd+4d9CX1/LEgVVqoYw63zpBq98OyRtRVWCoV//9RtevSCm65dX6WNiRH1P1ttVjucB9Q1rck8t3x3U6LngvoMsnIGrTc/Gvnq6UQFdJ2NrTt6278tPpTWzAB24YHcb3+lu32xmWGqJwq21H3Z28VE1q/LDSFc1Jn50TiXSKrAoVWBQoD9hhlzcUtNF4bpdOVkfSzNOrnRX4mNK6USlr9aVPRzPEyTJaqJaj+kEfd44poWcXrN8aqjDkXxzQ/tNL++sui7CEMT6s5jDAXBSCYdQdzqNAdtK6+f2QmDYXifSvjr16AbhrCXsvtbFlwctNyN9a8bs2lNS9ONc5Lkms9PZ5pbUOS57SQy5fnOXVNFM/y9V3jMyqkq+KxCsLqPfHilWJ2t5bMnk1arBPmny8K98cS4DiGHPPpIIm5SB71CNZ12/wAq+hR8MuXvV9HOmFRHKwkrtGZDVKyHfIkc9D/Vi1xvX9r3vjzreWGRttYTKSnTvjv8q9JcNXztykNuq1RA174H5VMDQqZRorxCYoBVSNJPJUTQpF81MzWRDMOPFBY23FQOecVjtym1GvLaN/xFbkw/DvWWcxAII/XI1qOpP6QH4f8A4f8ALs8qtZZpqvOqvI8kq861TpvpxQQakzDKsrpBd81zqaGqRcopIeUDFxdm5FhcWmD32IXtylu0zqZCoXGY8tM2Ukbd9Y1xFgeBsgLxa4bt3QCUBS2kZk6ZiAsJJggAEGO+o/8ASX9PR+jk+ILPtF9PMmyzr9pbUmtak5Ppmp1jonw8ozevJCxxQ5rl2d5nTVKy7SVK77C99vbGyL/hSzusNNxlWLgJ1lPPw02rA8HvcAXeFDN6zAVp2kAx/iInyrolS0+m6xjm+RrRVFC0hEVbTKytI6H9YlRvVSJ4GaxFhbnGl/2Y/Z3LhcEjNpOkDvreWFptDalVg6Hm9iZT2TGwynWd6cnIyNyzQx7kkA7Pu7La1ubW/fjJsHukl/q82s7xt4d1N3jwaJUe/u+goGcmWOR2mJhjN7A3bf6XuORb64ncU3C7NLCUewtBnzkd80dmXru1fLREJUnu+sUi6uoyrK1lzSvlSmp6O0srFdzVDs4VaaFBcu7huABzjFuH7YXt8CsE6jn3/r5VY2mNYbhmHLVfFKFQZUdhHuPcNq5r/FJ+mt6ZfCZ1dzf4e6f4depPU/qHQaMqdazUAq8r0vTLp6ngNfU5jT1uYyrI5SmiPhlOPQjkY3cMBW3bJbtEnKtMzrGnfWhMf4/4Nu1O3PXtC4YVCh2IPhCgIMnwmszoT+lOyX4jOkWk+uVX0P1t0s0N1Gr6+DSeoc5MOaZbOKCr+Rlocwz+ij/o+Gpo6lSsKM6tIrkgd8az4mtscwxaiJKBzHWQfwrK+jLjezx9w2FlEq/d7EgjSDlUde8QYqU0usW1fQ7Yik9PURLIgZBuC1C74+OOHHI9xjXTWPXzpU3dZusCtJzf/cqfxrY+LcJvYWS68FAv9oaGYGk6oT8RNc6v0iWk581+DX4hclp8tSbMa3QeaR5WscTPOa0xskkUQUFmMtI7rYAkk2xmnD2JlD6XFawoAnzjWfCtN8RYIm4JCdSQY/rp+hULv0JHwwf6HfAlrPWfV/Lc4opK3Uef9UdK6azCqqstoTS0eSjKaWqr8smSN5KhZ6QOiuu4KQRjNbzCGuN+PsAbSetatbpKNYI7brc6TB9kQar8Ov7jgLoY4vWoBp+6ssxMEKGRl2ADvHbVIPcPch5JxWVs9fZN1dJVVzMigRlamWVoVjt3WNLi598fRlwlh6cMcKTqpLDkeACD591fIvj98rEsYcd0hdxy8VDwFYo/qYQe4U/xY/ytiywRRVgFj3dST8VnyqNxGnLj10nucj4JSKtixqlq4w63QNXwuiqsChX/1UB8QQp3679a54DuCdVNbRREfhWNM8rBZvVmuDycdv8AopddPQvhLCinqV27Uxv7JNfPv00tt4d0s4tb2Qhly6cJCu0ZWrWCdvAcqaB2LCMk8lb/ALzjaFuw3bYdaJbmCwDqa1M+YcLI9hslI8vGiSSP3YPamgJq4Nxg6IiKvgUVWZb25thCkZjNKBii2W1ub4aUnKYpYM1K74McwNH1pholkKVGc5BV0NEsSkTSVKyeKI3fs1PIpAKkWvzf0x4l9PnhlnHegg3biwhdrjNmoAgnNHXKI0UAJyjcHbbeOlH9l9xY5w70/O4e2gqF/hNw3IIGU/Z5TGVRO6pAKd/DWQPxr/Bj0j6tUlPnnUbp5lJ1llaEw5xBRU8LxxGOOsSP9TGrSMZGDMSeTjiLiFxiOF4/ZOh3OxcWxSEgEZetXkGbXWN9ttq+gzEOF7PGuF7287CHbW4CzmBUXA2jrCExokq2E6CpCfD/AKap8l0ro/JaaKKHLsmyPL8vo4UU7/BigQLuva9vv2xeYm6hhKLFaSXWUlClCMqtdxz+OtYTwmEXpcu2RkSpwdhR1SYkTGmx5VIDVGgK3PqSWnpoiI6hXjkcMwWKJgLGOMAeJOvpcgW9cYBjDbrn3WhjTfb3V6GwS/tbdlJuEqKRyAB/Ej30gdB/DN0bGjutPS3qB08iGW9c9C55onVmusgpzHq5oMyp5IaaaSrNVDIKemZwzRJcEi+6/A2F0UYtgOCWN3a8QIfcxJ65QppSG0LSlAbAIUpakqSrPJhMiNZmtUdMfB2J8fu2t/w66lhi1t1trDi+rKlLXnkBCHAoRAkkd0RXPH4IP0B3Tv4Z/iF0P1f6n/FVrHqx0t6HZlUar6N9L8uyL5Z6bUMsplgizqCpUxRU0SMQwjdhIfMe9huE3rLqCsFfqXMEax5Sdq8xp6LOJ0XvVvqt2zmHbQ5KjHeFIA18AK7lyZTHqPqvqLMsr0nnGndH6milzgrVTQR0tLmYZopP6Py+C3ytNLGu9uOXxrzifDGcRKbrCR9g2gpcKuwQqZEAntCI1FepOje1HCWDP2N84p27ffS4kQCAkJy6qTpvO+tbnSVZJQZnLSSy09Vlsc8iUssa2ZQjbdsy8uH3c9u2NW4VdN2WJ9XdKy6+Kv8AtB/CsvxAP3A6xgZgdwSB+NbvXDRVCwsiKFbyXFlG1mvyD3PH0xmPFd9htz6qwlwdYWZiFa6nbSOVP8PrvLe0fSG9FOie0nQBPvn3Un8y0Nm1fU5BJluR0OfZbFA2YTmpnMckeZ077qRQm8BqYqov7HB8NcPYgq4Q7asLWwSNo+pqHjLPD9/h1xb4jdJt3SMonP2tOUaDWoUfH9+ij+FT9JPrHSXVLrSmvulHVHTWU0un83znpZW0OXy5xkixiGegkqapfCa8YKspBG043BcLxTCw2y/bOBlSJJyjT3z4V5ZZ6J2H3Lt2yu0uFb87rIggaQpKvPani0z8N/Tro18M+kPhH6P6YqMu6PaIUrRJmpymp1BntfDPIVzvPK2ENsrmDm1gu5Wv2OMG4qxm3vLEpShCnQPZABV8Jmty9E3Bltwa565cPAvyd1EnXWdUp375rJ030optOUkMMRuqxL4oMb/q3iXZHCsrC0hCWNwe2PPhs7x27zusutDNpmQpI35Ty+VbzxfipWNswoQplJQkHdQ3lIzKkeIgeFRy+JTJkq9EZ3lkcEs3zpgpHR0QQ75KjaolWSw8Rjwo7kdsZraWgatyW9FfH38vwrVwdUq+LbqSlBJgER+NLmTQOY5J8J2saZxDG2VaEqYaeOGEQtGkuWrK6ui2aVgz/itx2xt7oSWP9NsPQsEKOKWo2O3Wpn3DmdhWFekIz6t0M48picv7IuVKjkAysz5Rz7ta8+ENoaSjiRryRULJN5O0lmJ79uDj6GsOu+ucdUUwBbukGd+ya+RBy1Sm/wCs1KTcp15e0OfuozaVgpL+sO4//ccWOGpUjArBKt/Vh8yTSccc6zHLxX/z1fhRZxKqsoxPX8h/D/rhxrY+dNqoeHaTVYFCv//WbPrf/wDOLrGwFi/VHWztfk3fPq5u/wBmGO4nRs31HRFgzf8A9Kz/AP1TXz49NTvX9LuKK/8Aq1f95prG7R/8NcbTUIs7VPdbI/CtUvGX3D/fP40WQDhmkAxVwLYFAmaCzWthtSykxRgTV1NxfCkqzCaBEVZlvbm2CUjMZmgDFSZ+D7MIMp+IXp7POob56tqssjJCmzT0+7evDEGO1/8ADHlj0wcMdxLoUxC1bkhC0vHb/docj94bzHv2MCvXfoQY4cE9IPCLgbuBTY83FNj+FXIHu867UfFulDSZBk1MCWlzrLMxaKrlQ7WlpYdv6xjyWdYxYegxwhxO3BsW8XV93bOJbn+Xt/I19TuHPBOHvYZyfZUs/wDMnL9flTI9Dqp5qfKF4stJBdGHKlY1jKk9rnbuH0OLTE2GrlFtdNbv2yHdf70mtN8Lui2ur+1OimL9xr/AAPjNT6yaijq4EYxR2tbzsykWVeBsDA+Y4pzhJdkKQdfD8NK3Ja3xWwCqQfD661ukyOBZQyxor8tuW5e/N1R2Fxc8Wt9fXiZhmBLbeDmUQFc/x2+NO+v/AOqLbCjJVt8u+lHSZdEylqitq7quxIZPCeL3vxGhXlvytjYo/wBn6qYVB+BmsMdtQu661U5poGaVFVS0cS0wig2l4pXhchWjdSLyA3JYkkccWxSXbgYsXGVmCrWe8QBWZYPZtuJ7esKgT+hTbZdF4EoV/CaQFyXjXbdmdm8/A3Mb978cY0+izUrEesI7M7+E1nP7Ob6ns6Db9a1m5r4lTAIybWZQxJtZl9he5AJ/PF1ilqk3DTpHsIj5k/relWlshltYGuZfyiO+l9ousrKXwo1mEiWN0YE2FgCATwLgjjGZ8NcQqtVBtMCCI8vhyrX3EeHNu5kj699OlLT0FUpmmRfHc/jHCbja4b03AnkfUY2bcYkrEbYKXJITl39/1rDbW1FiVt/xHN9PpSOrcmjJk8WEEltyNGin9Vbbe/8AauOPbGu77Cll4uIBiPH8qu7d7UEETzFInO8rSGNfBSyHzPYXKkE3BPYGw7d8Y7eWKioZhm08+Z8KuLR8etp7ik1BPr1SrKEy8ljHV5tlbeGRfxHhrZJCyL3ZkVR25F/riJk6vlqNPKqnGnh6+CddQP8AqpedQa85T8M3UvM81qpKWkj0Tmc0UrXSQMU+TjhANmLuse63rfG1uhO2uLnpHslNJlKFEk+ZSKwj0mcetcC9HLie4dIDtxgl5apkxJftXmgPgoxXm8glQSxzRE7J6IMrn8T+PGrljweTf2x34tXD+w7dpJOYZPkNq+Sa8bNrwi7hqlSTiSFxtolsj8fGsMm7PY3s5/K3pjNH0ZENTuWgfjVbiLvWtWo/htkj5qq69x9z/LEcRmk1Uq2o9vT/AHV/liSPCmR9aDgUdVgUK//Xa/raSesvWEEcN1S14DzyPC1HmMUY/KGNR9SL+uO8/AljbDov4baWCC5glg6uDu45aNKWR3AqWohI0G3Kvnf6XXp6WOIVIP2bON3rTfOG2rp1CAe8hKRJOp3OtNg/7P0QfuH/AExl7hlKEfuobCR5JGk+PjWuCSpRUdySfjVRqHfae1r8f5OGqFBPcj2NsChQSt8IUgKM0YMVSiwtg0pyiKImavhVFSw0Rq2fQmqtJavo2VZtPakoswqpD3hy26R1kvYiwhJHbjGr+m3BLjHui3FMMZGUXDC2w4YISooIkpzJKomYkTt41t3oG4nt+DelrB+JsR/+HWl02tWsTlUDEhK1CRpOUia9G3VyDLuqfSHR2rqetoDpnMMpr88yeqt4lQFzLLaaBSZVIAjjlpW8tvW/GPnv4+4bdwbCbzgu5uWm7xdypwPqSQ2kKTlAKElStCJJCucRX1l9G3FbPSLhVvx3gNs45YpsglTCTKiU9qcyktjUEJHY38NKil0FroBO1MZlm+QZ6bxUG0P4PhgWDebfhq1tWGsJsg3cs3LdrassKWjNBW0gBUZtRO8HWDrWtuHg+rHsT69K2nrrFbl9KVbpQ4s5UmNykaEjTurpfpWOOeippUeyGL8LHzbgouRa6m9+9/T0xeWtilxr1kKQUd3P8Pr/AE2m/dnDwGHcxURuNvmR+jS1iplaQILFyx7nygEdieTe4OJOHrt7xC1NJUAFFOoAkjnz02pbT6pzGYjx/Otv/QruN/lCqfMQe3F/Ve/OJzmG3KJPYy+B/pUtLrE6zm5aUhdXVdHltIyPJs3ISGK23EA8X7Adsa64rvmrW+RbLKgQ2JgEjUqHLyrJsAaublJWwElvrDqSBrHcabXIahsyBngWSVSWCOI3IIW3B8thz74xuxDV67mZk67QRrOhkxWavLctWgXgM0ciDJ79J863OZxTQQNIwZSZGIG38R78nnvfFnjTC2kBbicoA7x49xqAxcuvz1AzL931FKTRWYpPIsN13iTlf2h5EH7if44icK3+EOX4Dz6EmY1zbzttVFjNpiaUKVcMqyzMyn6GpAZfQIYAJCNrOZQT/uqLD07jG9ChkvNqsyHbUoEqTtm1ka+741ri9Uv1jKiZCfzrV5xFGi7kO4hdu0G45ZmPHHFsLvra2U0pMCQNtJ5+FPslZGk599O6mnzqqtGykWI8Tj6fQX7cYwm4tkg5dOtI28PKKtbPr+tS8pJDeUgGDl8p2nwqEOtpoK/qLkFDJD8ztn+YeOQHwIk8R18RmtsWx9yO2MQv+rZcLQPak+dVWKpu3r8OdWssyNQlRHta6gREUx36RPV02i+jOm9EZbmJjrNb5zMMwo1dbxZXTU9OYvITv2vKH28c+mPZ/occCOY9iasbuGHOqTfdUlZQrL7KVHtaDQ766eFeBf7TfpOPDXRRg/CWFvsKuMQxdjrmkuoLiWRbXZzqaGZYQVhACiEpJGipBFcR/D2osgt/W+EvI7ItrkXNiSh9MdjcXtG7MsW9vBGRMxrtI5E91fP1dKF5fXTatWm7ZS/+YR5H51j3vexuNxtxa3Pa30xdXC83VxyaSKoXiYRO+QfWhr2P3wwKjK3oYw8jakGr4VQqsChX/9Bruty7OtXWOPnavVLX1rncf/ibMbXPqbY738NLLPBGAMiB1eC2Cf8ADaMj6V85XSO8LnpBxy4H7+M3qvjdPGmzMdluSb2PF7iwHA9ffGQIUFpCuZrDAZotGKksLXHH0thVGar1J9zfAoVbAoqrAoVWBQo2Pah8RovEEkclOwJG1o32lgy2N7FcO3T9pfYK7gD/AO8So77KERoB3bzVowm4xC2Rhlok9ehwuAgiSSIA5bb7nyrpV8Jfxi6X0XouTo/12oc1zLp1F83/AKOZ7lpEkuSPUKkb0tZG++SShhK+VV2gFicc0fSJ9Ey44sW9c4NPXuJ0yhc9/wDxJrqZ6GHp5/8AsNw4dH3E6Su0KgnMVNaawAcyFEx/MacXpfq7SFfrrUc2hcyfMtOGqaahdUaKSGnlcbDMjWIJUffHOriToe4j6JsHc4fxoOquw6p4k5wcjgSB7Wsdnviun/DfS3gPHvF6cewZxtVjctpJyFOXOSVECIAOuunKuougc0aooKYpIfDWFeT3IPcrYkfvxivDl+ty2Wy6TmGm/Lw1n5V6avm7a56twwTpI000/CnooLeKhLXJQOb+u8XHJtcmxxkGFQyShOgKyfj5RQuEIQ4EtxkyilJJXbIWjgcFyGushCgXFz/atbGUXFyVM6aED401qoRUc9U076m1IMvq67wqWnpizQIxuZPPc8AAgqBz9Maj4kvbVOJHrtXAhPI/3jy86yzBLK9esevtzDWcjluInQ0qNOQZfk4pYGg/U08Sh4qeZJWflv1rorM6bltc29MDA8Zw1p2DoNv3u+e40vE8OxUsK7xz7P1pRamzTTXgJE0lNl8UiKR87UxRl5W9VmZlQsxsNt7j2GMgx3FcKuWOyMojeV/+moPDthikFSj++f4dqSFJFS5NmWV1lHID87UeEJEbdHsFigsl9ygk82scYTgLeGNX4UoRJ3JO877c6yrFW8RdtVNoMrSjUQO6pEx5xJDCIpAjEqG3R/8A02At6CxB5xuhvEGOpAY9mIG2/wAq1gtp1DhS6JdmkxmubNIkjBSLKFIXkgDm/pY/XEN+7zaTAO87/jU9lg7jQkfCmY1XXtDDJOZUjtGw2yuqg/iJ/ER74xTHMSFkn1pGwAE8+fj9antOrn1M+wBm+Nc2uoPxFaf6Ja8pdUam0zLq2ply3NxkWUrOIYZ62Ar4b1AYgNApYFR2PpjaXQv0Q3XSpiqHihS2yoGYkQT3lCx868jekd6T9p0MYc6wl0peSkpgKgzGwCXkHX+WuUnXLrFrTrjrjNNbasaUyzzQplGVQv4dFprLm3mkpYIePEkpzM5ZgObjHZXol6OU9E/BY4TRIJuHHzEbuhsfugDZA5V8/vT300O9N/SCvjp8APDD2bRJM5ihlTqxqokxndVAmNTTSSR+Exh8QSNGpVpgLeM55LsfUm/8MbLstHxPf+daHuHeuTPj+dBHYfb+7GQ3Gq/cPxqCuhr6/c4aTtTZoYw+jakGr4VQqsChX//Rbnr2iQ9detsaowjj6t6/WIE7m8H/AEirdgLHljcnk8nHefhDPecJ8MC5P2l1bIbXGnYat05cv8J0Ekb187nSVh9radJOKWTAULf1506kkyta1q1OupNNW5ugPqR/M2xlzrSGFlpucidprX7zaW3ChHsisZe3+ffDVIVE6bVfB0mqwKFVgUKrAoUK4PDC6+gBIsf78Q37TrV9cg5XoiYn5TTzL7luoOMHK6Oe/wAqFDUNTmRVH6uZdsq99w9AN1wB+WEpbWHc1wUuACIyj/KpDjlrcNBa0K9fEkLCoEzvAqXvwj5lDT6sznLKELTNnFF4kEMrNIT8kqfMvwvZ2a4t2tjn56ZfCaL117HkobDabJtMBIBJTPcI866j/wBnbxNdcUYwvo9cuC3i1mVXReeWotuIWqEtIAJWFoCZMgJg12x6VZuJ6Sjj8RWQRCJdn9WWiJVt/wCE2JHtjk3gVukOOKQ4gJCtZOu/Ku1VnjTjjQb6t7r2lEEESVRpIAUSQeUgVJ2jlYPG1rAxoguCD5R3B4G3i/vbF2xetN3fVKzH4eY51nzllcIWG1FJXlSdCYhQkDbcbHuraNVRIqsyhyu7dc2Y3NwAOxsMXVzeoUzrsOYpSrC5jUoy+Z/KmH1hpHNszz2pzfINUV+SGqo0pqqgMMc2XukaMokiNjJDUS7vO1++NYcRIw566W9cKcDpSNkFQ8NRWzOF7k2OCJbfSlQDqzud53jwjlSW030f0pllTHX1WY55/TVVu+Yr3zypmLuCbhIFkenSJLkKOLX5xSYfY4Wp4BCz5lKhUu84jau1dWzKl7ZYUNf5imKWWd9JtDZvTBM2OZ54p5hNXmMoaCTi2yOklsu09mIvjIbnDMPcRlU72fJX51RWmPO2N6GFwhyZMwrQ7fu/hWRorpdT6czFMwXO83rKWHy0mU1VWJoqaMcL4TSSkkAW9b4ThWBWIX2HZMyPa/Or3G+IetterQkbakRBnwgU/FNVhYyGVCrM3ruKr/Z3HkFSPyxm7ANkyWgqRuDrv761e46l9wrjWfDWtDmFQpRyBsBuBfjcPdieB2xFuLsqEAyT8z8asWrdxScyEKPuqPvUivKUksdx54vIJDYudpJ8MdyQPa5GMR4jccuLVoKDgbU4oZgITIHMmRPfTKg3a3q/WVJQ640kISSASRr2QdSY5AGuEPxg58a7qPlOWqRMmSZE1RMVO9IZKxg4SQqW8JypBAYgnHZj0HODrXD+CU44hvOoNp1CZJJH91Ovxr51v7QziZ/Fukh3ABcN50OEqa6wZhpICkFRUJGokCRqNKihVTfNT+M9gSqx8f2UA2/i5749k3OJHF1m9yqB1RqCDCDHOucT1g5ha/VCpKiAFSkhQ7QmJGkj5HxrWOt54fozd7W57HnDVgPtvfTzAUpOWNavH2k/35P52/uxkT/3nwpFyMrkeAoWG6Yq4w8j2aI1fCqFVgUK/9JvviBCj4heuVOpJiTq71GSO/cRxarzWKNS3diFjFyeTjvLwCVL4X4RW5GYMOn/AAsxXz19KASnpOxN1P8A+bV8xP1prGiW23kAC3H7/wCeMweUVOqUdya1WFZ+131huoRiovYW79+Rf6e+G6M60HAoqufT6j+8/wCGBQoINxfBJMiaMiDFXwdFVYFCgstze+G1IJM0oKgU6fSTUsukddaRz1ZAkUGaLllWAdh+QzWZIqiVr2Tw4yebkHy40h6QvBzfEHRy71Kc96QsaCTlG37pOnhXon0WOka46NOmrCsaQ6GrJ99LTxJIBQQrQ9tA1JEZiRJ2runoHNoqKpVafcKUIaul2AESwyP4kRQ7gGMsZDD6Hvj53uILXFeF+L3sNuApDZcIg54geeUfKvqc4IdwPGuIUYmgtqwV1lBSewUK7B7QMFBBOu/Mc6l5lOYvJS08k10bw1kEZt4ux7MtxuZblCPXF+86E3edG0D8KvcPdfesk3DwIdUpe87BZA3nkOWlZdRmFmkLERQbdxnlKRxR7RZy8jMqqQf5YXfYn1bXVhUDz0+M1dYcj1xQTqZ+VMp1B6/9NOnWXVMueapyqOdVZfCE8U4LkAqpaKVitwQe3rjAsS6R8JwgKsbpI9YQZPtfvdobAjYjlW0+Euibj/iTEku4My4vA1Rl1CUyNFkFSY9oEHtbionU/wAdnSmbMI46vUeUIhd/DhM7IbNu2MhELhvEAB7+uMFX0s4UXSUJ7BH9/X3Fs/KvSP8A+G/i5iwDqmCHsv8AE3r8XgPlW8r/AI1+l6oUpdQ5XQNclpp5KySOUPdzteOleNLLz3Fhhdx0l+sIF1bjsqGmo5R/E2Pwqvs/Ry4+vUh8MKLY5AML2PeLgT5RpWRov44+kVZUhZNY5JmNCJGjkmy6vRpKaQOySeL4piJ2yqeLcD7YYs+lTqHQHAJHinnH9waVU8U+jv0j2TUs2Dq3CP4G/wAOuIqYmlesOhtcwFtL6joc2KxrJJDBVQmriBPlE0KMSvFre4H1xsvDuK14wwi8SQEOSAP5SQdo5ivMuN8I4tgeIuYfjrZaxNuM6SnKU5gFJkCQJSQd+YpYJVeJBKA0jRqWZWbgMTfeLt32ni3cYyqxuEvwSRJ5Hl+NY05cmwJCDCBvO4+YqOXU7NwFeaRhHDksEudVJZtt6SliKyRtcgBXK3+t8DDbC94v4zRwZZoUptstqgBR+8CSrRKVidf4BtrNUGNYlhNtw/jfF+MuNoGE2aHWitSR2jmEAuEHcJByrSe1EkkA+d/qVqyp1ZrXVWeuHC5tmVUsCOGBWhgkKUSADjaII1sbEY+h70b+FD0c9GSLZwBD/VpIGxOwEylv5Jr5H+mXj9/pZ6T8U6RHdnn0lOaQrKB1aRCluagDUZyBsNKbq9wN3JNu9/7R/f2xmNk4p3DEuOHtqWs/FZrXDlv6tehpO4IPxAP1omdvOv1CD8tuFo9sedTLky2e/wDyo/8As/l/LFsreqTvq+E0VXGHkezRGr4VQqsChX//00D8QkSr8Q3xAsD/AFPWvqlFCVJKinGuc9WAH1dhAFBJ5Y8+uO6vQdcvYt0eYXiGIwu5smVJZIASAlae1mA0Ue4navna6SrhxzpBxJSolV0v8IHyprmvc374za3dW8yl1yMyu7zrXLR7A7qIaJWJYk3Ptb0FvbD1OVjOoVio7C3f7XwKFBv2+n+f78ERIiiqwFhbAAgRRkyZqsHRVWBQqsChWbRx+LNJG7sgki2xyKdohMO+YMSb2be3oDircsE8RJu8HcKUpQhISV6p7aZOkK7+6p9yV4fZ2uIW6ym6zFScpIUIXA1EEHmCDpXWL4VOq8etNLQ5DV1kU2pNLQwxV3nTfU5dCzrBU0t5PEeKKm2I24K29WsCLE8PvS06KLzhzjRy9Q0j1dSldpKFDQneQ0BEeNfRt6HPTNg/S10QYfhFniVvhPGVg0GnBiNyllT6usWStgNuuvKRkCUjMEqEpHs6jo1pfUSyUtP4k7StIjlZF5Tww7rCfNIpFowB9xjyDd4nbWdytl4qUURqmCDoDoSRO9dB/XbW+tU+ptutNKnKlxISoa65gkmNddJ0Ird6oyPLtbZDmGns0q6+HL8xieKSShqDSVEJby3ilRt1iTe/vfFPdXqcST1dmTljZUCPHnV9w4r1NYVcwoz57fCuV/UX9GPpOp1RLqmlzTUWe5S1VBUf0fmmoJqtfDjihjcvA0yl7yxsQDawNsapxvgV3EMScxC5hXWRI0OyUp7weQn317s6NfSje4E4LteFMHay3dqHcqpcTJceW7vkUnTPA8qUFD8EfwuSyp/pFpfN8szPwtiy0uWVU9MkyJsXw9uapKu9QCSVA3G44ti5wnhDo4tP/jRU2sgahD6hyn7tZqwHpX9Pdz2MNKHbaebtqCR/5luDWHR/AT8M/wDSU1dmWSZ/nk8dQrwxrVZlBDPAIoxGJqcVCQKEXy+V2Y2vcEkYTivD3R45eOM4ZclVonKE9i4TuEzoszvO87d0VKc9I3piuEi6fdatXljttqbtHgkpMSFptwTmAzCNs0bilfp74IeisNY40305pMnpJ5maUzCVogN7XY3qZWZpHLMSRyTjH2+Abe4dLtoqUE79rltuqeQrG8f9Ifi1Vt1b980u5G/2LaddOXVgRyqdPSvovoPplRCk0xp7KKPMKuMtPmPhTeOFV3soldjciMgAEeUfbGysFwYYVhLVuqcqM2vmomvJfGXFN/xHjr2OYkQX31J7QASkhCUoGg8E6951pZ6pz6moaKRElkjkCbd7kXsq7GJt+ydvB9vvi1ZxXqTIUD3x9NRFa/u0JWFOuwGSPaO3LntvXLz4wOs02Qadg0LlGYA57qxZJ5pFfa0GSR7oqhDMpLCOV4zza3Nu2OgHoSdEVzxPxmjjnFbN79kP5Qh5bR6tXVEpUUuLZUhUFOUkOGCkjQiBy0/tJOn5fRv0eYdwXwPfMu4rjC7lF+GHitbDLRt+qTcBh9tbSnS6pTIfQtLnVLKYyEHks4Z1mldGiKEBFkfzyDzrdWI/WC9jxa18di8aubewxRjh3DYXaKASS3CkjRJglPZEHvSNq4KY5YW+E3CcOsnkXCVAlSm1pcTIIIkoAHM71rhyARwPLcHv+I+/uOcWWL4e3hjqrFsAIRG396FcvOozzpcv+sUIkj/tAotv6x/sn/Jioa+8HnT90QWT+uYoa+v3xaq9qqg0LCaTR6fhH+fXE9gDIP1zppXtUKw9h+7CoFFJop+D+WGFaKNLTtX/1G66+JJH1869CU7mPWLqFIL97VWqszqgb+tvmBjur0CJCeiazXGpa/8Atr55+ky3CeNcUcA19ZX9KbeUWkcfUf8AKMZnZ/7I3/L9TWq2Puh+udYbzMrEALYH1v8A44k07QLb/Me59u3HH8hgUVFsLEjAoUHAoVWBQqsChVYFCshlaOGNg+zxeCQHZkAa1yYwWCEfTDF86i0aRcsfeH2yOUHT5edTGSH05niCywYA75156b1JL4eNK6lpNUZV1By35ugyHJM/iy2szMGaCgzuueBpm0+XVF8X/u4BZW9xa/ceEfTbf4QV0evYoldurGEoVABZz+yQOWedN5r3f6EnRn0s9IPSPacW8MvXVrwbY3SV3CULvG2lpA1TDCFsEAjUOKSPGdR1w01qMzzxyxkwxz2qEgG1EgWcmUwABrDwy5HHtjgsxfO3Vk3dvkl5xMnMSTM+OvLmTX0gm9ZfuzcW4CLdaipKdBA5aAkfCaf3Jc0epj2ttMa7VLAcsTydve/f3xPwm6TnCTynasjsnUphX73ypzsvpaapp9rioVWG0uAbMTe1o/QWGM2t7du4UJOm361qacRWwoqElY+X41kS9McszZQ0rBZHG5XMO5jc2W5UE/h/ljK7TgW0vk5ikfE/hnFLRx5c2XYSdR4D/wBB/QrKj6OZdAsDwVMkm3+uAQKqjc3NpNjcC17X7YauejWzYczqET58v/NpSek28unSCde+B4f/ACq2raZoMojbwHibwxZSQNx9fMo5uCTa45xVLwJvDxkG3Lf8zTT2PPXygtWoV5fkKS+YV8dEnisoBjR90isEAtcgWNm7HGLYxeJaJYb9lJ/r+VRsTuIsmgdD4686it1I11DllLU5tVSNFRZTItZJ4KiZ50l/VfLmIDzNclrYxi2Ut5ZKpCVfrSqrFnj+xlAagJH41y1+MHo5r3JP9FfiBrpZ826a9QaX5fI8x2zJHk+eSFqRMuzSUqKbLYHipwdkjR3JvbnHbf0I+MrKw6O8EwG4WlC0NPSlRAPbfcVICnBprvl7+7T5z/Tk4L4/xXpRxzHH2H/9EzcMllQRcFstoYbBIJQpknrAokoVE79qahNOtS6eNLFKIwVUbt7Qh7KsgSSxQh3UstjyMdEHcLtEPoxa2KIPa7OXePD86572txhlu2pluTdGNYTPxBn5VhEHxZOD3H3/AA+o+xwMWuTeAXU+3r9KaAUGwHPboqTgn8v5DFUyJdT50QopOy/b+/Fq/wDeH9cqSvc0avYYKmTvQwbeuH0EhMUk1e59z+/CpNFAoxQCBfk/XDyQCJO9IOh0r//VSPxERU8nXzrrNEGCN1a1dsG8twc3qS1yb7rsuO5/Q887Y9C+COtR11xbs55Ej7QGYHLTaNq+ffpnCLfpdxzCrbSwauriATJ7Jgdo6n30zzMWZmPdjc24H5Y2CltLSQ0j2E6CtOtgBAA2iiGhViSS1z7W/wAMHS6uI1Atz/n8sChQDCCSdx/hgUKx2G1iO9jgUVBwKFHbIigImu9vNH4bgq1/w7vwnBLUlI7JlUajaD3a6UtbNy2A44iGVahUjUd8b0EoVRyyuXHMcaLvaRD+0SLeGb+hwLcOXC8oSQO/Q/hUy3trR5GZdy2gzEEKP4U4fS3pnqfq9rvR3TjR9PLW6l1rmVNRxRwhgMsypJgK6avUgt4kcV23ICO2MB464qw3gWyub/GFda1BIQgpBTCdAc5CTr3EVnPRvwPedIPGDfDWGKSm2SqHHFZihes5k5UqUARoApJ1r0MfFJ8MuQdCfhM6M9NtBU71dFozqJl2pNWahjjvmmc55U0T08nzM3ho7hJ5CCHKgIvF8cMfSS4z4q4rvnb7rcuDOBQLRU6VZcxMABam4I1y6ifn9B3o9cDO9DuE2+HYCq0/ZbiU+sBIPWq07RTlQ0kk6+3M86jvkVDLHFCysoPhpdAWEqH9obSFW4N/XtjxgqydLKXGAEsqTIBkEDkCAIB8pr2iw40+kXFoFJtViUBUBaUnYEDQHvAkeNOnkGoZ6SRaR5AAJR5WIHCtcg34DWF8RLd9Ni4evkCOQn8qyKydATlUeVSa01qOKWCI3hZDsKWe7FSB5ip/C1sZth+LsdhbZUEKAOoirBy4tlIyFRzRrpTt0OpILJYIVst7rYH8vLwAPfG1MHx9DKUqnteUz56VRP2Vu4ZSB8/zrbvn8G0nxIxuUsigEkAjgWUXFz6GxxZ3uOylTjn3StR+sulExh9s2RKoEaiD+M03ecV3jSyyQSBZZ90gDG4CbdpYqOVFx2axGNe4hjtu4pSErG/cdPlV9aGxZRHWpB8ZNMtqasp6t/laiqEtZcrCtM/BI7BlXub++MSfdsrl8oDqC7MEcye/blQxkF1hs2wK0DmKQtX0dzHUdFX1+Z8RVcIjpaKRNilV88byJ2O4j88XGE4KhxYOUqI7tR/21jWNO9ZhKmGz9qUgQN/hvU2elXRjSvVX4a6jo11DoMvzHL83p8wpanx4IZGyCthSVsvqssWRGMbrKVuwtj2lwJjd3wngWC3mFLUm5t7YBSUEj2lqJDmQpM6zy+FeKek7B8H6S8LvuC76zQ3e2mZouLaQFKVG5UoOKO+5QD4V5XPiC6La3+HnqLqHpXrLKi01JV1T6XzeNJmps4ymOpf5SqjZrRyTCF1uqXttx1v6G+MbbjPhVHXXDSr3IDkLiesGm2QrWquAvTX0LYp0ScXOIf6wYeXTlMKj49Q0mDyj/KOrxVS1TBnZrSbQ7DYCwUBl5tcq3pbjGx71sMNItzopIgjnvOo5VrF1Zfi5ykIXqCQYPv2+FAqCfFkLWLX5t2uB/wBMRLcS8nzplIk6UQn4R9v+uLN/7w+dJXznerBwGI72IHHobdsIkDegU6RWyRvERUC8gdxY9j78k8YnslBbSCRtURQIVRDrtYr7HCFaKNKBkTVrn3OCk99CBX//1kj8QIjTrf1rFPcxHq3rRULMXYrHntfHyzEknyY7pdGieq6G+GkL0KrSzPxamvnq6X3eu6ZOI3e67u/k4RTOnucbAVqo1qxPsjyoLnaAR6gd/rgqOqHIB9xgUKIMxDEbRwSP3HA8t6FA2bvMTYtzb7/3YKSTI9kfj+VET3VRiIUsXjVlsRGxbeykbgyhFcG4+3OEqVGgEmlADmaOoaCWqqaeDY3zFdZaClhjqKutrBKf1Yjo6aN5PMAfW49belcu6wnCVOXjq8y9yIWNe7ZQ98VdWab64ebtsBi4vFQFIhKQlfMZnYSeUQYPKpp9H/gB+IzqlSUmoKTI4tB6Qq54pG1Lq1GhM9PUFJEEOVOyVyeJCQwJ7XtbGhukP0j8CwRstWpHrDZ1AICvLVseW9emOi70UOkHpOxAox1oYXa6fbuBK29RvFu6VQDI9nyrvh8EXwLaH+HKap1h4ias6jZjFHTVWpKqMikyssF8UabjKs1PHJIOL2uDjw10ndLt9xeQhS1epudsJnkREK7UEaidBNdE+jX0acG6MbVlphTdxe2yMin0pUA6oSSsZ0Z8pkkBSpAialR8VWiZM96OZ3RkgGOuyvOUVgwEstOoae+xHIZyeOLe5x5u4uw9vGcMK3QgwMuw2PgQqvWPR9fqcxEWdwSGwY127uZ+lc38k0ZTZvl0M8ESwVIhQzclf1mwbyFVSSob1I7Y8uXuHoSXLUSAlUDTSB5Db3V6otXEIbShMdUEwI/ppSL1DpKTL5iyB9wYhnVW2lgxu5O2w3Wxjtxgi1kgQT+vCrVi4ShMEygiavk+Z5jlhjRHlYqLAAtbjy8HsQQO+K9SHLeWiAUoMeUaVLzT2vClTPrvV9F5qXKmqFWwU/MQx7lPZrNIve3rgDE7xrRH0/Eg0esRWll6ta8iqDJ/o1QKVj2h5qtWckG5Egjlcbwfa+Ku/wCJ8RKSwnZJj93Uf4at2kNBlIzQSnXc6mknLrnqvqipanoqSly0PM8UrU12mMd7FlO434P54iYfc3N05mI017vhpS+qb/iFSd6UdLZ6SAZ1n1W9bXTQx1RWp7CWRFdgAbgea4xtrDuGgu3auVAhbiEqJ7pHv76o7rESytTCDASSAPKnrlijETI0QUiNhsUeUN2AA7dgcZvZW/qaMoiQff8AGB+prF7u4eUrMnY8v0akb0Ho2iytQkbWnqZnJ2e57XA4Pp98b94fLf7DYdmHOqSSPGP6/KvNuNW6sP4jxDEOb1y4T8T5d3fUUv0iPwPZb8U2ndO51l+oZdEdSNGmaLIc+emM+X1+XRM7JldXDTIZ0aUADxX5579sbu6GulVfA/EXWIGZguSRJ0POO2ARpPvMcq8idPXQ2el9Cm1iV+QO3dLa/wAa8vPWnoP1Q6H6hmynXelMyoUpaiRoNQ0kE9VkmZuZWiFZHUsDEsVTw9msVB57Y6OYV0pcM8QJTeIcT1rwzEc8xGojMTv31yz6Q+gvpB6NLh5rGmVu4Ey6pLWqlDqgTlOjaRqNwNiY8aZc08nE1XPHJFJZwYtmyXd5gyrEdyoR2t3FsZzYOqxQD9liQR4D4TWljfp69KcLZDNwnTTN+C9KszyQkmI3hJJi4UAL6DzAt2HriwQ9egC0Un7ZvRWqdxvtA+dLcat7xyLlZGIH29CZVz2hO/dpQSzzlblQ1hztB4J7cAe+AnEri0BhGnP2d/gaayKwm4StEKUNRI05jnPdQEG2R19Vbbxx2Jubfliay8bhQfVAzjN8fLSmLl03Cy+QAV68uflV5e1/X39fTDrkZfGo7e9FjsPthmlHev/XSHXwRt1360RRqUhHV/W4VGYuy+JqXODIDI12YDb69sd2eAgpvo44Yslez+wMNfP/AIirVCifKSezsK+dvpccCOlrihTWjYx7EmU8/s0XjyEieZypTrudzTQxmIk+Ikm0c3UqOL/7X3xnD3s/ZEdb/nWvFMXJSAwMysoOxO4qpfAksI9/FvxMhv8AuHbDKEXsHOEzPcaQlq7Qf9YTlHkR+NUYmj2GQFUIXmxDWPqNwCm6jjCbW4buHVMEw4lRHKJBg8yflU+5VhTiUN4Wp43UAL63IEZo1ylJmJ2nWKING8s22nYFuHKSAu7oxvuj8Kyi4ItfD96h+2bKkBKleJ5fDyoMNWTT4Ri7im2CPaaGf5EjxrZZblTZnmUOTUcOY1maVLCKmy2homrMwlk8gsKSEmQxktwwGITuJ4ayyHX30ocSntDSAoDUSTyIIn61JtsBxnFrpTOA2632Ss5CqUZkScqtoBIiROhrpX8M/wCi164db5Ic71tKOj2g4pFkfMs6o2XVeZ07Kjh6HJ5JoHWGaFw0btIODyo7Y8w8felDhHB105Z4RaIxF8EggPLag6j2vV3U6EHny+HrToj9EHH+Pin/AEnvzgjaoIULdF4BOvspumVe7T6jud0K/R7/AA7/AA70Cz6VyaXWutZ/DNVrTVkcVbVLPsj8aSioWR0o/Fk3Oo8Rtt7emPE/FHS3xXxriFzcKWm1s3HFKShIQooUZI7YQhSgmRoYBj3V0V6PugHo86LWrZ3hu2zcSsMNIevVrfUm5dbQlK7j1R155ljrlgudSiUN5sqSQJL5y6Ek/p5EM4noblvlJEkMaMWvv8FXFPvH0UD0AA4GBJbuc6rnFXevChOgyHv11I7/AI1vi9xe8xiz9Qx4trtR/wABtu3XGumdsAzrv30/+kclSGOGmgVFVNgO5Nq2AAAIUWD8fbFRibrLmVyCAkaDw7vKoFg4LNBthnVajRsFRUsJHs5lH2iAdVczWf1MyGDNNNZpl1VHG6vl9WwAB2gBD4f7JPlHHb0xQXLLuI2i7W3IQ4dirbY90mrfCXPUMRF2ickEwN958Pxrlpp/KaehqK+ijRk+UZklD2VT5yv6vvexHFwDjzs80g4m/aLAVctvrbJ0ykpWUkgkTEjSQDHjXqrh3r8VsGrq30SWgohZP0zc/GlTmGm8ur6FhNR07MF4IINyB3vYHk3w67hqWklxYTl8D/SrT1xlt/1VU9aFETGnx8/CkNH07y56gN4aRpuLBARYRnkKL+wOKb/Rp918ugIKFrJHaGxPuqyGI2rYCTnnb2TSpTpdk8sSsySAugbiVLWIB4Xdcd8XLPCDZ7DgHx28fb/rS/2paDTMQf5T+VaefpPkkTuSwIaVmCupbhmO1SbEbgT3xWYnwjhgBcVuDH73j/fo28SU4SlpUgeA294rKyXQ9Bl9WJaSmgQo5uzojAkG242uwBviLh2A4ayuFEJSeXaOn+VPqu7tsSvT3D6U69NCsFPKH2hiGK7PIpJB/CP7Bv8AuGL5Dl2wrqm21FlJypMaZRsfeKhlTLq87hAWSSfr761M0bkE7GKerAXFrEd+2LdpRWPtOyrx/Ro+otVbrbj5/hUseh1Gy5VSyFJQHlmkuVIBBsNqk2uOPTjG5cAcdRhCEvApHVjLOkg6gjXUa6abV5m4sLa8Vu0ZkhIuXUiTHZC1AETz0Hxp3NZ5K1XQptjlLlAw2qzcFASeB3BxY4aw0u/DxUEhPiO+tcftn9kvktoK0j+FJP4EVDzXuisrzOKqyvUWQZHqbJK+J6WsybUNBDVssJBVqikaQHabdh3F8Z3hOK47hV8q6bfWbcOEpgg6TppHd51GvWMC43ZNpxjb9bh5MJSpK1QkzAjMkjymuZvWD9Ep0g6jrmOf9H9T13SzU07VFYmS5xAlTpOrqKl2mKU0jtbKaLdJaOJABGhAtxj0ZwX6UeNcIFLF42bpoHRWYoKR3ZQyuY7x8K8odJnoccFYoo3nR40i3uZkQkp1nU/bXQHy51yH61/BP8TfQieoh1P0+rtSaboEltq7RarnOUzUsTMkdYFVA5p6iFRIpJN0YHHqDgPpvwLiu79ZQ6n1q4JWUduQpRJP+5TOp2geXOuf/SR6NHFnAjj+JYmqQFqUowzvqTqi5Xz7h5VD9UPiO6pLH57mOWMwyxyDduWaH/8ASkUizIfwsLemPRi8Yw+4t0lSdxrv3H+6K89JLYc9XfIOuWZ5bCP86tfv6MT9jiuzpUesb9kmR5Hb5VGdAS6pI9gE/jRoFwLi/A74lDVI8qjzB0opu5xHO586cG1f/9BE9dw6dbOtLKL1CdX9flt1yAItQ5ntJBNjd5DzjvNwo2lnhfAGk/7vh7Dk/C0aFfOX0lupuOkjiB8nRzHcQV/ivHzTZyQRGwiYXAFwx5J7EWtybjGTWBUXVZxoFGD7zWCW15cWbhWoaaxOuk6c6wm2wJJUM6TtAWNR4IRKSGAHu9TIwEkyjhkVSQQcP4xi1paIns5vGPjv3VdotsRxsZbVlxX8qFE7b9nNp3U9HSboD1u661MNJ0u6c6g1hTzv4YzxaKpptMUoPKLU5hUqBGFWwJHB9OMax4q6V+AeHbQ3KLphN0hMrCFsFRV+8AEvJWozOm9bQ4R6AeOeMbhDGEWj7LpiS4282J5mRbr0J1k+fhXVXop+hZ1/nb5fn3XfqFQaQylJVao0pocSVub1A3B3gnzVleCBVJtxa1seWeJvS4fbWWMBbU+JOrhU2BG2y1T8K9e8H+g9eWLXrXHroKSNAkpdj3LaaO2vvrsR8PnwA/D10HtmHT7QdLPnUMvzEmrdVj+ndQGe92amqahrUgdrmyAqo4Ax5Y4z6XuKsdQ6nELlS2HVFXVJgI1kxmylRHLU17U4K6G+Dei0M3VnboW31acvtDSJHsLMaHaNKm9FpiFopamWsm8ZQArNtZ4rW2mIyKY02AWXyG3tjVNljV5cAocbCUlRAEgjz9kGtyXmK2XErItLdHVEaAysx/iy/jWvrhleV5aQrmapmZlaSRh4pe9y7kcM7uLk2HJ7W4FjYJdXcQnRuZPie6qsthodWDJQI8408aRmWUsz1kk8tgHcqhKAnafwtce4xkV3kyZU6kJojzI3inb0vAg87Iu5QoBA9uL+l917++MOxR0kZdoomjDgO8n9RWRqeJKqCaAR8tTTobjyHxPwji58oPtfETDXCFhR7xpzq6QACdRNcss9y98v1XqCn2iMJXyAgbtjRipksBcC4t6EDGiMRt1tYtc3Kd1XTpMb6rUZ5fjXqjo/dnCG0DX7BIrYwlnDowQAsyqB6Le4J4HNv4YYcuS+OqOxqwDGfFj/ADH4zWK8E8Th2VPD9LMCdvYG3oNuGG7laNEkmKmqYUFHvmt/SVLMFRgBHtAva/FuLAA3uBi5t7teXMJzn5fKkFpe35VjVlnkVE5ZpOB2uN1x3sBe/vhjFFqLBB3399Fh4lxffJFG5PQukrt4fiF5GLL5ff8ADyfS3fFC0Zcnll+lXl7sB4/Q1mVfBZbWsSOPSxa4/I8YyMbDyqmO5860c1SBFJyLAsLE88Ej+eBtrRCpv9Cqb5jTGWPJGwKLKSCPNYgbSfYOp4v3xudLobw23RI0t2/+wV5j4ohd/cqPtde5/wB5p+K2nWamMZsCFFr27DjaCLcYK2cKSFc6wFsQ4Ce+ox9SMmkWTxhChCu5BFmY8ngAg974zu1ukuMJE9qKlyawdJ1VK8G2qpNyhFS1rAMihS202Nja2JC21LAy0D30uqnT0tbStPRUwhgYWakqWOZRTgqvmEN7RhgL7fS9sUzmLXVocqhmynlCTGw2BPL9cpDOMv4sg4a/90gZANPZT2R+6Dy7zUBOv3wBfDn15atrtV6Ai0bq+p+YMWt9DRnKKk1EzO8tVXZVvBrauSVi8j2bexJ9cbP4I6V+JeHED1C4SpjXM0tKVKIJ2S4UmI5TNac6QPRowPjpRefgKVrISseXsvJ8Na4bfEx+i8669EFrtS6CK9XumlFCJJ8zyeOOPWFBEAxjXONPqr1LwiG2+RB5iCe+PaXAPpPYTi7rWG4shNpc5EiHMnbMH2FBCQddudc2elj0Oukjo3cucasmF3Vh17imylswGiolM5nVz2efhtXMmqhqKOsehmhlpK2D/W8rqoDHPTqC10CSASRmMrazci1j9fWWFNYFxbbBxN51OYTKXcn4A15SftnE3nquOt+rlJgkANxHI76maAsBYsVWwLEgNckKeVudp7Cww06j1VRtkHrGmzlCvaKgk5QoqjUqAkmNZmqq7u7cOZGUp6tOgMDUAkAkzrOhmNa//9FCdd5Zj1464NGQEk6udQ2QsNwFNJn9ZIgJ7khm5PfHengpp65wvC0ukdUnCbNG0apYbG/ur5xONjZ3HEuJvpzF5eK3at++5dP1pKaT0hqvXGf5fo3ReSZnqTWeb1ccVBlOX0ryMfGNx87t8tHG/wCy7G2C4q4jZ4PsnL+4fYbtwTq5p8yUj51ZcM8JYl0m4m3hnD9stTiUhMpSVAkaH7tKjM94r0P/AAf/AKJDT2nqLI9efEBHFq3WoBrYdEhNuT6Yk/GJZ4hA1Nmrpezhr3I745+9J3pO4pfXDtlhC2mrdOzqQUqMHZBFwR7yK6X9Cnoi4bgTKH+PUXSJAJyhKY//AHFrt7zXcHSnTbS2lspioMryugyinhijX5fKaWmymlkWONURJaSgip4GARR3W/19ceSMTxfFcVuPWLm6uXHFLKpUtSozGd1E/jXs1iwwbD2ktYNYWdipCQgLt2UtLUE6AqKIBUQJUY1JJ0pVxUqUO2OKGROfPLHaJZk9EkgjVYWCrxewJ+/eGgKVPWrKyf4oOvnU/wBbuHYTiCl3LXc4SRHdW2yip+ZMiKQhXcBGoAuu42B4FrWxFfY9X0KioH5UTSwiRcDrkE6AmAkcgI5AaDyrIzKNViG9mcHj6L6m9gSecNoBdJSOyeR3+VM3aEPaWaQwuNwSv5K0poc4iircxUICIaW7uoO4Sc8jsAp/fjK7Jk2VuFTKiPL31JDRAieQnTc8z3a+Fb/J6HxX8ykgciwPAvwAfQgd8RbrEdShKTMd9Epqezyp18volgjVF2Cwudq29Bb6k4xK4ueuUqJzHvp9uzUlzOVCPfRdbSCXxDxJvRVAHFiPW3Fu3fCbZ8suBat/CpqE5Z2MiudvWHImy7W1Wy0kiitlR1Gwci92Zh6bie/N8a74isLhGd5kpAUpSuc6mddPwNeiej3FrVLCbftBYSBrH/qpBRU4G7co8pJsPcmxFuDcYwa0buC5lXBJPf8AOtht2/q97629BaJJ01P699GCnL3EoQn9kg3st+B6DgYyC3YtiUqAI79KJT7WYqEgT3VlSUqqo2L6AA3Fz/EemLy3YaUnKgiKAeaOv0onwkjVDJYTBiQACePe67hfj3xjeIrS8Fpa1M/reis7S4adUpxMAmdxt8a2eUgxWkk8qO52seQTu7cXtipbbWlcqECKs7pClgZATQ6mlJZjZrEs315a455v3xkGUgA8oqhC0KVCSCZIpO1OXiOKQOpDtuIU8XDXtYHnm2Hm7W5eTLLa1DwBP4UalJbI6whOvPSp/wDRmgel0tSfq3W0EQHkN7mFBbj0scbTuAtu2bQpJBS0gQR3JAry3xA629dPOMqCpcXsZ/fNO00ZKm4bm5swY/cC4Jwm0V2cxI1rDQ2vrQYO/caZvX9AfKedzE2AHF/4WvjLsOcDiADyqVB7jTXw05guLWuLWPqf/fGaW+RSRJGg+tJg91LTTdZUSBhS1FiLxjtYMvFrd7C32xTXptHSZGYg676fH6VO6ltpMsaOkb693jpSgqoGqQvzUHN7bu+5vVri34jfFeHWWNUq07taqnm8bfWEMK7P8qTHzrWJp2hl8RlrIlM29JuF86djFN6unNrNcYfF66xCmwZ3E6/Du91TcPu+KcimOPrZCsJBISVNNJGTlMZp0iZEmoWfEX+j5+HPrtSy1WpNDR5HqWUv8vrjRSQZTmNJKxLGfMKCkip1zBHdiW8XcGJ+uNh8N9LHGuCKLVheu9VGiVuOmP5VJcTHlrWn+kH0euhPpDcL7PUsXqtT1amG9eW1ss1wm69/olev3TUzZr0rzjL+r+mBVGMQUMBoM9pY56jZTLNFIqqzQo6+JYWuDb0x7D4P9KLBsUt2rXEUlq5Q0Erz5ACpIgkKNzqSROuvfXgLpA9CnH+HVLetA4q3Lpy6OklBPZMizEyIMjQ8q//SejQPwc9YPjB+JLr5lXTmCiy7TGlur+scs1brav3y5VQ0/wDpBmq1suXE8ZhnMIp0vTA2HJPc462Y108YR0c4JY+upUX/AFNgBsRnVDaJiUwANJM6TXEbhr0fMZ4+vbm6tELUXLx8yJ/4qjyX4ztJGndXpj+Ez4Aul3wvaPpI6CiXOdWT0vjah13ndJGNSZrUC+wUjNvNDAgbhADYWx4G6ROmviXjm8Wtb6xamcjaVKCIn/eIC8qj3EaabV1E4L6BOCOidLd3giEPXKQnMVQvtACYzNg7zpM1Nd6p6R46OgDQ0ywlIlCI5gJA2yRPtN2Xn8QZT7Y1U1Y+tA3V+ol0nQTp8CD+NbeRi7mNILS0FlG0xl2HKCofIVtIqKd7FpC97EhmHJ92XYBf3wOtbmU7AQNP6/QVEzcoMD31s6eCRUKSOJVPYtbcoHYDaALYYcUkmQIoiRtrWsNJ8tVPLSsQRt8oFuS3vf6YN9SnWxO5+kUFTIo7OBMkKt3W5LX+vPPfkgYVZRnSDuOdEPaNN1llE7u0u/e1QSD5D5bkgea5LAH7YyK4fyo19mBU2nRyvL1gVWYqQRz5Ap/iT7Yxi5fEEjejG9KMbYrlm4N+ACSPQDFVAmedWAGnjWJmbNT0xniQmwuVHLH244U/vwk7UZAEEVFTrXkNTmzx59Aofwxa0QYyLZV8rLYLa/174TimFm5ahsSqP1yrNuD8YRb3ABVzHPy/vVGqKEKZEkQGRbt283+0Rcjm+Ne3eDGyeKz3Ry/IV6Et783rMAgrjv05eJrJeKOOx29/pa38D3vhpLeXVXtfhRQrmaLWN9xW17+lx2+/FrHElp5TRBTvRkyI51SUEklQN/A9vKbXBuB5u/GK8trJJjc99WXXuadwH65Vv6fLkanp0DC6NuYbTdb/AE7NyMJLRj2fwpQuF0OopNrbNrFu3Fvw8+nrfFu5YrOiJzQKx1D6WFFwxM6UqdP6Qqs5czNTeJDGFDTbC0ScW872uADjJcEslBMak845eelYjjXECGVwpQEH9c6mXoelFBk8FMAFFgAO17D0HrjJ8TgZU9w/KtBOKzLKuRUT8TSxU3t9CQbehJ4B9jiot9NPGkxTY69p9xjbzHcR3FgfKeR2v3xluEKluCdqNQhUU2OYUH/dAOb2vyOBb2974u2wFaxRa0nqQGnqwfmflLevtYe3qMWr85D35RUDv86dengrPABFULEA8gEliOb255N8UbhRm7Qk0UmqOXsbfr0Nx7H7k/Yk4WHkZYKTVioqcRlcJUnuJkfA6UVPTyxbi06EsNpZuTtHG03uSuFB1EaJIAplDDKVSlCAf5QPpScrmjq23vGY37NNSL4TuottBkjClhf3wSUhGqCUz41Ds0+rFQxsm6ZJ7KXiXEjXSA5oAOQG1f/T9lnwr9G9JdF8g1jpHTMKmKs6hay1bX15plgqMxz3Ps+r5syr6ibiSoknkqWChiRGtlFgBjZPHPE2J8U3jWK4msKuFNJSAAEgJQlIGiYTIAEkCTzrXvC3CPD/AANbqsuHWS20VFUOKU6ZUcytVydyeem1SazHK1QpPHJOUj53GZ3lj9bx79yAc+qnGBm7dTrDf+EVkFpYM2LpcaLi/BxZWn4HzoxMvhSPxRGS1r+axA4sPQcAel8Mv3T76cpUUj+6SPrVg871ycuRtGs9hITW1giTw1a3J59Ldz9L4HXLIJ0qN1SfGrRwqHK82t/C9vS3thfXKMUXVDvoiCnQSSfYE8XJ5b88OPOqAANEWQTMmktqauelipqBmHiVc/hGX1jiN7TeH+1YHtcffE3D0pB6wchNAMwd/lRWU09nhjMV46a/jyngR9zzxZrn6jvh64uVLSSRBO2tPjU1ucz1RkOnYF/pbMIIHtu8KImocet7IBcfkMVnqztwrMgGD30rKBqTTE6g+KrTGUP4WXaZ1NmzG39VSwwW7H8NRJGTcHjnFweF7oIzl1ue6DIqR6yByNSTo8xjzCjpqswskNTTw1KxuUMirMAUVwGKFl9bEj2xjV0k2yilWsGNP0KV16TBINITUWVtBMKzbHNEAb0nJjZuwJUjaf3Yure+tkpKXQrN3wO6m7JTmFOh15UieRJ284qL3U3RZ0vnyTxwIKGvj8WF4CXZVBuQ4KIqEH2J4/hjGL2nrqZtwInnpXobgzH7S7YymesAMyB3Rp2jTdTwqw81t9+DySR/tdgAB6jvjFLltMEp0Pd8KzkPIJCQFSfCsAo7TXH4dtr8eov24J7Yp3g5EpExH461Kbs33gVJTI8xW5gQeNuv5fRrD+VrjD2vupAcWNAdK3NHCy97DjvdT7/wwKPrFc62lPRR1tQFWxd+Btvdxe3lA7c8YzB1plbmVpQKvD5VjOLPeo2xW9CARueUa1LLSmlqfI9OLSTUxNVUX8cslmXbYW9SvHPucZDYoFvlS3AAGvj+jXnjifE37l1btpmc7sskb+BFLLLaZaelp0/CwJ3L+0LAjzA8gWwL9fWOE8o0qu5Ce78qDnmbRafyauzqpjkmgy6BqqeKCNpJZAosRGiKzMxJ9AcQbdJIAPOKPWJ5VGKb4hummq56OKCsrsozEc/L5tTy00A4uovMqKeW+nGMtw63eZKkubEd1ETJmnFmSKsoN0UqZjQsLCspHUSFSbfstf1xZNL7WspdJGnKipDVkF3H3PBPcBTz/A4ulypJHOBVfypbZJN8xRsR2AU3tzyt7/Xtild1gka60RpYGl/2gOLdv+n0xA64D41YZTvSeanknttZSO3a9/T3ItiQLiOVHPfWlli+VeKOwVqhS6l7AJbk+vG7b6DEhsh5GbQgGqx3/wB76NQUiNufwzbRX//U9z9BQfJSz18W9Iv6aq0SPcx8k1UamVpAT52M/Nz2HHbGQKeDzSWFe0ESTWPOJVmKo0BpybrLErWDKyg9uLWv29rYoplPianEZkA86xzuuY7Dwwvf145vfthFN0KLiKIbk8yg/e4v5eeeThYGmkUKNChWLX5t/ffCwkaUBvQFjEbsQb3A/mf8cG4rPlFKiVRSE1HQ/M51SSM+5Up9ioV8ocMzeLcMObntb88WuHQlClGijWPGkbn+dVlHB/R9EW+bewqSoN5GPF7C+wcc8nF61bIWnr1AEcvrREpzZRvWJk/TqbNY/nM2ZncmxjJYt24BLO3p/PEW5vmWF5Rqv8KFJPUejaCgrmMlOJN3JLsygbe34UPpixtL8voCTGmn6+NHBFSD0tXQVuR0Pgku9PS0tPJH5PEDwLtY7QbBW9MYhiVqtLpS5oFGZ5UpJ5eNKGshiqohHJHa638/BBuPqeb4gtkHQ07foK0iPaFNp1D0vJnuROscbzVFJTeHHtW7mwF7cHy8c4DoIT2eQqfguN3eHPJCc2UrE7948ahrV0c8Ejx1CpHLBYTKXAIa3G0GwYG+MQdZUd/ar1fauNXaz1atNa18KOALC5txcjsPxE244viqdYUgmB51MfunbU9WkSDz/wA6yopFUXY83+vvf+/DHKeVNTrWRTy1LcBWP0BHP8cACTFEadvpZkUmcZ6rTU8vylKP1sv4lDeYhSb9yfvxjNLdlTasxBzn6RWteOsbbUx1aSMxEAe7U1MF4VMW3m1+PsSLfU2xbtqIVIrSaRzO8GreEqixvf0t3OGn3QU603B7qT+rh4mm82iVhuNKQATa7br7R6XIw/ZNlbiEpBImhJiOVQR1T06yLPB4c9JHT1QHJTae37I72vyMbC208aRSDyqm1x0/zjfktfWSZUxCjLZt+ZxLfvYy8gdufpgiMwynahUqcszaDUFCKk04pak+XMaIDi/pb3HA/dggIEcqFb+D9ROBf6/f7/S1sEoApNCnLy8/MfLWHdb+9+ORbva5xjDjhCCo76VBBMb0ZT0Be3jIsZPbaNvf/EYWu4A+7o8yu80m6vL/AOkM8NNTqJBRI6MTHcJ5WsLW7c2wsXRbYBmJE6ac6Jo9SfsuzH8On4V//9X3hUMa1ENcrgkLmFS8fJHnPrx9cWi/sykp5pg1j7h7cd5rb5RI5hNPLYyQEIfQ7P2Se9+2IryEtjsez8antAFWVW1baSFArHm+0j09vtiKVEajepJtmwCddBWMkSKiAAAIAF+lx+/+OHAkGDUEjSh4X486IGDNFq2924tbbhsKlQ8KMHtTWmraVpK0zAXEcLbbL3bb5Re4/axJbui0gtgSJnegYHOtPl+mY5JBXVqCSQ8hWSxB7kg3b+WJruLuONhttGVI8Z+goz3xSwihjiFo12r2t39f+uKxbjjuuk0aYKu4UmNVZAuZU5kBjDqrd1a5IUnjaDyTiwwy8DKpWkzqfCnVMEmZFNNk1Rm2mMwZmD/KblMiDebILM5swUFtoPrbGSvot71kJ8NzG9DqVDUEU+GWZ3lmdw+LTTgta6xSlVkHFxuUFwefYnGIXVk/bKCViQOYmPp+FSW0zqvU1uDcqu9V2Mn6xVW5JYWsP9k++IDjoQchnXSY0p0JaCcwEEHwqJ3WTRQoqxM5ooSKKoHhy7DwJTwt1Av3xV3TaG/b2rb/AALxVaSlq9WvrO/KT+FMTCrqsgccJ5CA3Ab09eQTiiuH25yTrykGtyvm0v2+tZJMa7EbCf1vVCJwRcDuL8r/AB5xUZoOU86gW59ZGdnVMeX4xSmy6jad0gjQtLOypEALgs77FII8v4iMTrezuXXE5EEjMDy7996YvbhqzZWt9QSAgn4CeVTL0Bp1sgyGCN40+ckAMzhAHJ7MCe55xsBYBV2SNd68y43iKr1zO2SpImPefypb2fYQQ4IYG/PIH1B4HfDalQo5fZiqlgHL29DRhv3N/v8AT/DEFWdapAJTNKHjTZ9Qc1Hyi5bSyIZZTum2up2KtjZgDxe3rjLsGtyFdcoEDloaZmmEWlNXX3KsLuu07Tta5XaNxFucZMTpKSKFLyhyKnzCV4KmnG5VfbzYc35Fvc4afdDSc1AURLpypy6WKrgg8tPJHEQGBsrsFvf1HJwabhpYgHtnXnQ8q2kNDUT5uzQBSocbgeLqGHP7hhLjiGmAtZ3TQIMGO6nYijCQh9ttrG23ut+e/wD1ximadDtFQBtWR4i/ite3Pp6c9+bYKCdKFanIljeuzWuA5ebbeyg8m5ubAn6YZvlm3SlJGgFBIkwK/9b3eaaqlqv6RAIPhZtUIB7AOPzPri0udk/y1jy4L4T4/Wt5HE9PmjOgtBUJulvyfFB8oU8BRYfXEZRzM67ipqcyXRPsVvnF1IPsf5YhkTA8as1aJPkawIGMkdzb8TLx7KxA739Bh/bQVWJGYa0JuL+w9TglKjSkkQYotF2klfNut69h2+xwhMzpvRUZYd7c++HQIoTVNciwO3kel+B6enpgRRlUiKuOOe+E5YB7qNB7QoxgjrawPHbvyB3P2w22YOh1FWEaTWlr8ngrQB4MfiEWJsdrXPZjYkA39AbYsGLxxk6k5PP+tCCaavNskrNP1YqaP9USVISnaXYdrA2IMaWQnv8ATGQM3Vvetwru5xQhIMGnI07qCHMaVIqiQfOKCrKxWzHi1iWubk8cf9KLELBTLhcQJZ38qUNU5ecVm6jyaDPMnqcumjEgmjuliOJ1UmIhjbaDJYX9sUN22HEE8/rU7DX1WT6HBsN/rUC8/oGyrNsxoZVWOSCfw3j8p/WAgDZawdSfUX4xidwwovBXMGvR3DuKC5sCsHQpMfAjurXwtGzWlezAbmW17i44uLD6YiOMrSs+Jq/sfsrWRtTzdJdM1ma50cyqZFlymm8MxIEtsmSVWVDfaW2kDkXBxmGFM5GSpflWr+N8cDSFW7ftKSR8d+X1qYAsOALAelrD8sWNaXqm7H7H99vT64IwdDtQpMajzQZdSoI5B4rkRhQylxvFgzDcCAD3OJVqwVns7Dam16mm1hymTMKk1NTeVZSFLWuOeAAbFeQffjGStXKWmsp0IpNaqoy+mo8x+VCFdrptDi1zuFrA2vziY2tLjaXPChrW/wAtgHzbbhdQ17e/Pa/PcYaulw1pzFEr2T5Us3p6aphMTQAIl734Cj1+/GMf51A5e+rxUEFNCopx5RzuuLW9hYducJUo5SD3GhW5QDwF4HJUHj7YrZPfyoqOdEKONi8ow4UeoPbjCkrUFDUxIo61+VU4ghkFh5pObAC/1PvfEm9UHDKtR40ASDIr/9f3GaEzKJM4z/LZCVkTM5zGb/i8SWx79zf918X95b/6ql5P8IJ+E1j4yF8L1z5vdTtyAvbvZWVhbg+V79/a1sUhkDwqWVEmeWnymslJGY7TaxFvr7e5wRCYzDkaktvOOKyKjKapYUhj2qWIFyNxF7klvQD1OCzmllhCEkiaxphxb0eyH6buCR6cDBqHOoawQZFVEgRSL3sPXAToM3OgnnPdVBrki3bBhfKk0LDlFV/bApSSAoE8qFuFwee3NuDhotyZEVI9YSeRoe4HgDnsN3a/YX7nvhC0OBJyRmilIeSVRqDWPV0kdXEVmWN22kA97cd+eTgWrr7JlZExyJ+tPqGubSaQ9TpJ6eQ1mWMgqVO9Ukfw47p5kAYKbAkdrYvU4wlTamnQSCkgc9fjQlIIJnKN6UmT1dTU0i/MBRMknguQ1/PcKbEWuqk8H2xUO9W7JR3fOo5ecU99l7HjTA9aNE2mi1TSwGwlVKoK6/tEhpfDvvbai37HGPXVkoAvJjQEny1PfW3OCuILRtbeGXaylxxxKEdlRBKiEgSBAkncwB5bMTlmVy5rW09NSqXkrGWOMfq1fazbGYh9hXaff2xVtoU+qEa/LWtw4ld21nbKL5ygCefLyBqcWishi09klHTJEFkfwjO3luTsW+6xI4a+Mst2iyyEKPayyfOvMfEd+q8xHO1q0FRPgZneKW38sLqrrUZhmZpiIKeMz1EnkUJ5tjP5VZgLnarEE4MAFQB2mklQFJmXT89ZL87mM7SufOkCXKrILlVYcnbfviy69tJCUQI5+FNFSInMJ8xSlpaaOnpdohiDbW7DkHb7cWxGddLjmhOX5UaFpOxEzTS56pl1LCljy0S3bgcyIL39BjKLQ5bQK5QaM71l0tPPHW7b3DOo+4ZwD734wp5aVME+B/Ckn2FHwpfrGFkVr8JFf07rzx6AcYx8mR76g8qPCiUr9WF/XgnnCF6II8KKs1EWJbel+PpwP7xiuiNaKjCLggcEgi/t9cGnRQNCk/mM88JEdEXaVRZ0U8cH8VgR2xJdH2cq3JoV/9D2uZdUxUGtZ5SGCtm9QhIY2aKCzp79mFyfUcYz25t8uCLckfcd3eKx0QHde/61IuN1dY3XlZEBB+hAN/pjBQQDAM6VYAQIPMUbH+O3pf8AkbYLv7qWwPtIo6VwoAvyxtx/n2OE71Mc9k91YzjfYezKb/Y/yw4ru5VXkhSoG1V2uPcYSdBlpO1AC2a9+/8AjghuKTRth7jD0mlZR30HB0iqwKFXHcX9CD+44JWx8qW37Y8xRviCxAB7fX1H3xHqfnmRRfoR6EW7el+f4YNO4pCvZMd1YFJE1NPItlEUrgxAckvck3HG24wsCJ8qjsH7QRRucZdDmlBVUVREJYqiGVPNY+Gzxsm4cjtuxHeTnZUnmUkfEVcWlybO5bux7TS0q96SD491Mzo3px/ROrM2ramn2UMJjfLXLoyt5wX2xo7MguL+YDFdZ2haclQ7v186yPEeLrnEmOrJ1Pl4/wBwU+Uj08UREjBI413HhuAouTYc9sXElRJFYmuF6q75rSyVVZmLiCmVoKS+ySbs7xk7W8M8kHbe31wim8yjpyrMpMsiot0m6SRiL3l5YH3BNyCcAb0lQISSe6spu+HFAk+6oJ3oLHbHIfXY1h7nacKQNp76W17dM1m0rS6kRGuAQotY2N27fXg4y+0GS102j8Km0pFU/MU4I28KOQe3m+2ID4CgR40hfsHypURpaKM37BT29iPrit5xULlQI5dsrMDe3PYdx5ve+FFBI8DQrbRTeKORxa9/S3scQ30ZB4zRVg5vmMWVZbPWykhEDyMb8hVUk2Pp2w9as+sPJRyilDRPvrTZDMa8tXk7IpEvG9/MwP17+uJd42lohtIBpNf/0fajUQmn1PU2uIRmVc0e7zElgAwubm2NmNpF1hhZe1QpsAxpyrHEgdZB2mn407UST0t5GG5FAAt2H8QMYPf2jVs5lamPHWp2Y7862xqGScxEEF/6ttvluffnkWxACCW1H98ClIcUlWYRNY1bVGGeGNz+rmsqt5r+JY+o8tvyw60ylxGYE5hTqrhR7JAitkjDYjA3uPX7YbUCkwe+mBp2udXPJvgiiaSTOtBbyqT3sL4AbkxNCsY1O23k/wD5f/5w8m3IPtfKhWTu4Xj8X8OL4SBM+FFQsFQq+CIkRSkmFAnaq98N9WfCn+uRM61cdxgsigQeVK65JEazVFRuVrX2tu+1vb74UqTpSUEIWFnYUdJINh2AGS1kU3A3EdieABhIAB7Xs1K65s9md6IgZZAbWDg2dRf07eY2GDUoT2TpRZEgQj30GaCSU7Ct0YFWNx+E/ne2EECZG5FIyughO6aNgphAth7+nsO1hgRTwRHwo1wdrd/wnv8A++DSe0KbcH2aiJ2NY9j7YfqvII3FFTI8kUkcZ2yOjKjezEcHCkKCVBSvZBpTX3g86ZOqMsGq0jke7F1CkfhuOeCftjJ7chVpJ2M1P/Kl9MC7xy//AE4wQPoALXGK5ISOz3mkufdnyompr2CJEos8nlUfX39L8YV1A3moPKKOWojaMCX8Z4J7XJ7fQYJTahr+7RbUpKMReHdCb9rX9LcXv6YqbieY0FLRvSU1xk1fn1HR5fT1Pg0vzcctftJDyUwvuj8pF1Ydx64lWC0tuB07ik1vaBaalpYIIAhhhgSHbtAG6OyluOLkgYJ0OOLKlzmJJ91Cv//S9sOdFjnDyoAD81XtcAf21U2vf1/njZeHiLUJP8IrHkCXqc/SVSGi2MbMwsLcDhbm/v24xieMgl0xsJ/GpQpbyqrLcDzDbtNhceaxsSCb2JxS6hJilnKRSU1bWw5bQUlRMSVFWkaSOOFkKt5peR5TY9gDiZaj2gN4FEfZEbVvsul8Wjp5bo3iIG/V/hFwD6m9sMPnKraiMctq2FuL4QDNADsk0FhdSL2uLX/zbCgYM0mtJ4wkqmplF9gN3v62uRtt6ffEsaJmlCt0FuEN/wAIH58WxEmPfQA0KqFgqTVYFCqwKFXBtzgiYFGNDQtwscENdeVO5h7qw4PGM7B1ugbyWYfW/t2w0Z1pLRBdCRvWxEKhGUErvHJFrj3scFVkEgCKNVdqgXJ+p7/ngUYECKFgUdAk/A32wY303pp77o+VYRe34mAHrcgf4WwoK1qukmrO2xWb+ypPHfgYdSAohPfS2fvBTGPJ85q2UtysM25W9S1muE9PT0xk1sgi2KjppU3Wl/RTioqpkJ27YgoHYfnitfaCFJHIGaFYzRbZ2buFO4W7fl+7EgOabUKyE/7y6tx+qa/bk3Fh/HDalAII2pDv3Z8qUWXTcGL1H7Xubcj34OKq5SpKwZkHlUMEgaUKslpBfxZAriy2uQD9D2Bw40HQNBKaTzrWVDooQwfhPcICqkEcXA4POJSUqPt0K//T9wGaZdTGsrGUlVgmr9o3sSP1y9ySd3PvjOrO6dDCU8yByqmyJCpFbHSlUBViKVj/AFKSIQNo3WI5I/ZHOK7FGErTnE5jv+NLp1+GVWBNiLixFv78Y6REg0NoNYtfQUWY0klPWQrUQEiTY4BsyWYFeODxhSFqSoKTvS4GXwrR0s0eVreX9XT3KRqv4VXhUH5tYYlOMm4jL7X6/Km6UMExlgSSw/WLuFu1r8H8xivfPq+m8UuDl02NWnkCwSOTtCoWv7W5H7zhy3KnVJEQSaRSfySMzyVVYzf1zWVLX2gEi+6/N7ewxKuSWSE70YpTjgW+gH7sRqE9mKrApNXAvgUYEmKtfCSsAxQigluQtjc9jbjgX74SpQKaNKSowKOVCRb3/wA/34IKGWKeSyvWYihJEVJNvrwf898EYAgU600pJlQHxo3b9D+8f4YRUjL4VcAgjg/vH+F8HRpEcoq5dQbEgYMAnaiU4hPtECi3kRlIV1JPYA89/wDDCkpIMnamHXmltlKFAqPKtXOQAbkDle/H7S4IJUdgahUKokAp5GUqxCNaxB+npfD7KD1iAQRrTjRhcnao90U8p1DUhQwdaiRlJBupKP7+39+M3QhAtVZiNh9KmSnvHxpb0E1Q+ZPvcMtrWJ4FgeB6k8Yq7ptIhSZA/wAqAINbWvN5YlPa7f4fyGIgI5ijrXzVpiljQccEe3O1uPyIw60ErcCI1/Km3fuzW0osyjjZGc2WO5Y9u68Xt33NxiNct/aECoZI08q065y2Y5lVLEm6OPy2NmUWNwfUXOH2kJTbEneimlBG08iFFSxI447Wa/pb0GGNu0dqKv/U9vdf+LNf+LW//wBmPGcWv3bf8tU/OjtP/wCtR/8A7WL/AJcNX33Y9/0ozTwR/wBQv2/9WMWf3NGdhRp/qm/3D/LCG+XnRUis7/8ADm/4i/8A50xase37/oaFKnLP/DaX/gp/y4p8S+8V5inE+xVs0/8AD6j/AHU//ImJWH/fN/rkab51q9Pf6r/53/mcLxP78eR+lClJiKNh5UVVg6FCXuMEdqUj2qLb+8fzGGle1RVb9tP/ADfywmnWvb91ZY7D7DCal0JfxD8/5YMUtHOjcHTlVgUVYsv4/wDPsMOt7VCuPaPurEj/ABL9x/LCzVcx94P1yrGrvwn7j/nXDzX5VJPtH9cqKb/V2/3X/wDVhwfejzoGmQpv/iWt/wB6b+RxkifYV5iireZf/wCJH7r/AOnD9z/s3w/GlsfeUpqv/XD/ALh/5cVjX3Q/XOpp3pI1f+uj7f8ApkxIc5UZrc0n9RUf8M/8pxFc/d86jq2rR6T/AK6r/wCI/wDJsOufcn9c6RTnUv8AWD/zfyxVuezTR3r/2Q==', '2020-2025', 'Nữ', 'Kinh', 'Không', '', '001302027180', NULL, 'Khu vực 3', 'DCT120', 'Đại học chính quy', '11271', 'Nguyễn Thị Hồng Anh', 'anh.nth@sgu.edu.vn', '0904025868', '', '', '', '', 'DHSG', 'ĐH Sài Gòn', NULL, 1.88);
INSERT INTO `user` (`userId`, `fullname`, `dateOfBirth`, `placeOfBirth`, `phone`, `email`, `isStudent`, `class`, `stillStudy`, `firstAcademicYear`, `lastAcademicYear`, `isActive`, `createDate`, `lastModifyDate`, `facultyId`, `majorId`, `accountId`, `createUserId`, `lastModifyUserId`, `avatar`, `nien_khoa`, `sex`, `dan_toc`, `ton_giao`, `quoc_tich`, `cccd`, `ho_khau_thuong_tru`, `khu_vuc`, `khoi`, `bac_he_dao_tao`, `ma_cvht`, `ho_ten_cvht`, `email_cvht`, `dien_thoai_cvht`, `ma_cvht_ng2`, `ho_ten_cvht_ng2`, `email_cvht_ng2`, `dien_thoai_cvht_ng2`, `ma_truong`, `ten_truong`, `hoc_vi`, `GPA`) VALUES
('3120410521', 'Thủy Ngọc Mai Thy', '2002-10-13 07:00:00', 'TP. Hồ Chí Minh', '0522085304', 'thuyngocmaithyy@gmail.com', 1, 'DCT1205', 1, 2020, 2024, 1, '2024-09-10 22:23:20.377000', '2024-10-16 23:01:16.797000', 'CNTT', 'KTPM', 'de36e01d-1c0f-49a6-a9b8-dca9af83b2e8', NULL, NULL, '/9j/4AAQSkZJRgABAQEAYABgAAD/2wBDAAgGBgcGBQgHBwcJCQgKDBQNDAsLDBkSEw8UHRofHh0aHBwgJC4nICIsIxwcKDcpLDAxNDQ0Hyc5PTgyPC4zNDL/2wBDAQkJCQwLDBgNDRgyIRwhMjIyMjIyMjIyMjIyMjIyMjIyMjIyMjIyMjIyMjIyMjIyMjIyMjIyMjIyMjIyMjIyMjL/wAARCAI8AZADASIAAhEBAxEB/8QAHwAAAQUBAQEBAQEAAAAAAAAAAAECAwQFBgcICQoL/8QAtRAAAgEDAwIEAwUFBAQAAAF9AQIDAAQRBRIhMUEGE1FhByJxFDKBkaEII0KxwRVS0fAkM2JyggkKFhcYGRolJicoKSo0NTY3ODk6Q0RFRkdISUpTVFVWV1hZWmNkZWZnaGlqc3R1dnd4eXqDhIWGh4iJipKTlJWWl5iZmqKjpKWmp6ipqrKztLW2t7i5usLDxMXGx8jJytLT1NXW19jZ2uHi4+Tl5ufo6erx8vP09fb3+Pn6/8QAHwEAAwEBAQEBAQEBAQAAAAAAAAECAwQFBgcICQoL/8QAtREAAgECBAQDBAcFBAQAAQJ3AAECAxEEBSExBhJBUQdhcRMiMoEIFEKRobHBCSMzUvAVYnLRChYkNOEl8RcYGRomJygpKjU2Nzg5OkNERUZHSElKU1RVVldYWVpjZGVmZ2hpanN0dXZ3eHl6goOEhYaHiImKkpOUlZaXmJmaoqOkpaanqKmqsrO0tba3uLm6wsPExcbHyMnK0tPU1dbX2Nna4uPk5ebn6Onq8vP09fb3+Pn6/9oADAMBAAIRAxEAPwD2hmIxwOg7D0pNx9B+QobqPoP5UldIC7j6D8hRuPoPyFJRQAu4+g/IUbj6D8hSUUALuPoPyFG4+g/IUlFAC7j6D8hRuPoPyFJRQAu4+g/IUbj6D8hSUUALuOeg/IUu4+g/IU2igB24+g/IUbj6D8hSUUALuPoPyFG4+g/IUlFAC7j6D8hRuPoPyFNzS0AKGPoPyFG4+g/IUlFIA3H0H5CjcfQfkKMUlMBdx9B+Qo3H0H5CkooAXcfQfkKNx9B+QoNJQAu4+g/IUbj6D8hSUUALuPoPyFG4+g/IUlFAC7j6D8hRuPoPyFJRQAu4+g/IUbj6D8hSUUALuPoPyFG4+g/IUlFAC7j6D8hRuPoPyFJRQAu4+g/IUbj6D8hSUUALuPoPyFG4+g/IUlFAC7j6D8hRuPoPyFJRQAu4+g/IUbj6D8hSUUALuPoPyFKrHeOB19BTacv3h9aQCN1H0H8qSlbqPoP5U2mAtFFFABRRRQAUUUUAFFFFABRRRQAUUCloAKKKKAEFLRRSADSUppKAFoopCcUALSUZ9RRQAUUUZoAKKKKAClFJRQAtJRmimAUUUUAFFFFABRRRQAUUUUAFFFFABRRRQAUUUUAFFFFABSr98fWkHWnL98fWgBG6j6D+VJSt1H0H8qSgAooooAKKKKACiiigAooooAKKKKAAUtIKWgBKWkopALRRim5/GgB1JnFN+pFNLgDtQA/NJmq08nlx73JUn7qr1NQfaHGSgUYGTlsmgC8xPPejJz14FUYtQjmDk4GDg80kmqWkJ/e3CKfTNF0Mv5J6ZNLlh2/OsQ+JdKBI+2RjnGM1Zj1e3mXdFMjL6g0uZBY1FOR6UtUkug/8X4jpU6zrjlx+NMViaioxKtPyDQAtFJmloAKKKKACiiimAUUUUAFFFFABRRRQAUUUUAFFFFABRRRQAU5fvj602nL98fWgBG6j6D+VNNObr+A/lTTQAtFFFABRRRQAUUUUAFFFFABRRRQAUtJR2pAFFBNITQAEnoKjL44UZqOedIY2d3VUX7zMcCvPPEfxOtbJXg0oCeYEgynhR9PWk5KIzvL2+gsYjJczpEo6ljgVxOq/EbTbVmS0DXEg4DdFFeT6r4jvdWnaW8unkJ/hJ4H0FZxmkYZXjNZSqPoB3kvxAuxcGYSfP33Hj6VLb/EhjMPtBSMc4Knj8a8ymkYDazAGoYtPlvdxEm3A+VfU1HMx3O81T4gXbSyC3kCqTn5e9chqHiS5vJS8k8oJ77jWXNbTQKQzHI6gdqz3YjpISfQ0bicrGoNQlZiRO2fXdV211jUbbmG9mXHON2RXM7zk5XNPSZlIKOR7UWFzHa23izV4jlb2Qc5yrZH4iujsfihrdky+b5c0XcFeteZJeNnBGG/vDrV6Ofeucgk9SKNhqR7ppHxT0m+dVuomtif4uq5rtrLVrO+jD21yjg9NrZFfKwmMZ+cHb/eFadhrNzp5EsFxIik9Ub+dWptBdM+plkYfeH4ipQQRxXjPh74pXNrti1JftMJ4Drww/wAa9Q0jXNP1u3E+n3KycfMnRh+FaRkmFjYopiNketOzVCFooooAU0lFFMQUUUUDCiiigAooooAKKKKACiiigBTSp94fWkNC/eH1oAG6/gP5U00rfe/AfyooAKKKKACiiigAooooAKKKKACiiikAUZopCcUAITVLU9Qg0yxkubhwkaDJJNSXt7b6dayXV1IscKDJLGvn7x145n8R3jQQOY7GM/KpP3v9o1MpWGu5b8YePrnWpDDAxisl4VFPLfWuEkuJJX2g5b0HaoBIZASpwg6sf6UqFQuW/dxf3e7Vi9dybk8SqCePMfuR0FE9yFO0v07Cq0twdveKL0HU1ReTzD0IWlYLj3ufnbH61asr543wp257VlyOM7V4xUlqzLICB360NAmdNclJIPMYDzMckVzl3Eu44HJrQlumKYLY45rJmk3PkHrUrcqRXJ2na3Ip3YFecUrjfzUILIeD0qySwGJAqaOb5gM7T61AGDLuA5704gEAjrQSakcxPyvgj270pR4cyRHI7oehrPjcEYJxjvV+C43/ALs8Nj86Bk8M5A8yLlf4k/u1u6PrFxY3KXNhcPFKvJwf85Fc9tMX72LqPvL61Yicf66Lv1FA0z6F8H+N4NfQW9xtivgMFR0f3FdopBFfK9leyxTx3NtI0c6HII4r3fwN4yj8R2QhuGC6hCMOv94eorSE+jK3OypRSdqUVoIKKKKACiiimAUUUUAFFFFABRRRQAUUUUAFOT7wptKv3x9aABuv4D+VIKVuv4D+VIKAEFLRRQAUUUUAFFFFABRRRQAUUUUgEpkkixoXY4ApXOBXH+PvEiaFoMjBh9olBSFPfu34USdlcDzr4n+Mv7UvDpls5+zwH5yD95vT6V5a7maTYudo+8xp15cSSsTktJIxye5qJMBNn8K/e/2j6Vz3vqJsmJVFUkfKOEX1pjybCGkP0WmzTGMbiB5h6L6Cok3M3mP80h6D0oEPbLtvk6dlqtI7McAYHepZHwdi8t3PpURyM4oAhIweBU0J28k4pgQjnFK4ZBz1NJjSFecnI96gZs0/ZgcdTSPEQoPemg3GA8ZoYZ570gBBxinqM8UCvYYOPmFSgg8jp6UzaUPsach2P6g0ASjhs8HI59//AK9TBcjKnPoaYqgdeh6H0NPQ+W+D07igC5BN5mVbiQdR609cxSeYnKk/MtVXTBDIfmHIIqaOYSpuHXoy/wBaALwYRsJUOUbr7VsabqFxYXsN5aSmOdDuBB+8K5+F/Kfy+CjdM9KsQloZ/KLYHVD6e1ALQ+nPC3iCLxBo8VypAlA2yL6NW5Xz74J8SyaHrMblibaYhJk7exr32CZZ4lkVgQRWsJXRbRKKWkozWghaKKKBBRRRQMKKKKACiiigAooooAKcv3x9abSr98fWgBG6/gP5UlObr+A/lTaAFoopDQAtFFFABRRiigAooopAFITS1G54PoOtMCKWQBWYtgDoa+c/iP4iGt+JJBGxNvb/ALqPnrjqa9g+IOvjQvDkjKcTT5jQfhzXzRdTSSOx6s5wD/Osaj1sPZEe4uxccEnan9TTyVjXceFXgA/xGiKMPLxxGgwD6DvUMjfaJcAYQfoKgkYGLuZG59PerIDIm7HztwAO1NhQO4OPlXgCrwiwWJ5IHNJsIxuUUgxnI5Pc1ItuzuqqOeuKtRx7jz3rU0q0DRS3DDjOBn0rOUrI1jC7sZ0enhrgRkZCLlvqaqXluEZzt+7gV0tnGPJmuCPmZjWbqsGyJB3LDPuTzUxlqXKnpczksmBDMvbNNa18ySNMcntXQR2+SgIyCo/CohaL/aSKAeuM+gp84chgXtn9njRiPYmqLDawBHTiuz1Ww36cWxypOa5F1yVDdQcGqhK6M6kbMke33IvowyKg8puVPUdK1rNPtFjtAy8Ocj2qO4tgpLD+HmmnqHLoUY33oVbtwaeynGDywHX1FPZAjiReh60d9vccqfarMhYHGdp79DSPG8T+cnGOCKRlGARwD0I7GrMbeYCrYyBj60AIh3w5ycfyqeGb7TEc48yPqfUVVQiCXafuHjFNZjbXSuPuHr7igDftZgyZYHPQ/Wvdfh7rjajoapI2bi2xHKPVezV8+xOLe4xn5W6e4Ndt4L1p9F8QQS7v3cx8uYHoyH/CiLsy0fQakEAjoaUVWhcDAByjDKmrI6V0iFooopAFFFFMAooooAKKKKACiiigApV++PrSUq/fH1oAG6j6D+VJSt1H0H8qaaAFooooAKSiloAKKKKACiiikA3OKiY7jjp3JqR+FJ9qyNavjY6Rc3AzvKlVx24o2BHi/wAXPEAvtYNrE2be2G1f9pu5rzDcWbceiDH4mtPxBd/bNSlbPAYtWfFGXMa44J3Gue99RvcfMfs9ntHBcfpVdR5cYUfefk1Ldt5twBjgcn6VHAPOuSfSl0Fu7GjZwjqewzVyRSFAHVjzRZpu3ADuBmrTx/vNo7KTmsZS1N4x0KKxnaxHQ8D866VbcW+iBARkg1kw2wa6to+uSDXUTw/8SuQgYAGM1nN7G1OO5ixQs1pBCBy5GcVH4ktjHdRIo6OvT6VraZBmeEdkNR+K4gW80Z+8hH4Uk9S3H3SnBFmYpx0U/hRJHs1VMAYGMmpLPc8okAGOE/CrNzF/xM1yOMUNiSLN5YBvtEWOGw4/EV57qVsbe5ORw36EV66IN8Vu5HLJsJ+nSuL8U6YUnYhevzDinCVmKrC6Of0Z4k1BA5+SbAI/StG7sfJd0PuMVjpH5b5xyPmHtXVBlv7VJUALsnzD0IrSW9zGnqrHJGHarxnkg8VA65XA+8vIrauYdszHbnuazriPy8OOnStYu5hONmUxJyMj5W4PsalyVO4duGqu48uQjOVfv6GplYlAWHP3X/xqiCVlDpz9aQqJbZkPVeVpFfadp7cH6UKcMuD9KQya3bzLMZ5kh6e61s2chkgDBiHTgn+VYMJEV36Keg/nWvYlYrrZnKSDbn+VJgj6G8F6wus+HIGyfOhAjfPqK6lGyorxz4Wal5OqTaezEB8kAnuK9fQ9T6da6IO6KZPS01TmnVQgooopgFFFFABRRRQAUUUUAFKv3x9aSlX74+tACN1/AfypKc3X8B/KkoAKKMUlAC0UUlAC0UUUAJRRRSAimPyEevFcP8Q9U+x+H7kRthwpX6E8fyrtp3CnJ6KpY14z8WNQaO3trFW+aQtNL65zxU1HZDSPH7pjJK2c5c4qaMbVdh1GFFQFd1yAf4RmpWO23AHf5q5wKjsf3knqcCr2kwE5kIOCCazHyxWMfj9a6K0iMSSKONsYApSdlYcFqXNNTcpOOpqZ1IkkA6rFz+Jo0tB5Ax6lSalZSktyOpEaiudv3jrivdRNp0avf25z0Ga6a5j/AOJJMMc7Nw/Oue0lQL6MdeK6+6hDaQ+P+eZFZzeptTWhlaOM3SjGBs3Zo8S2+LPOM4AqXRo8zRevlAfrV/X4BJasmOc/p3pX1LS0OS01drCMg4JyPatWeFjebuuEzj1wM1lWistzsJwRkDPet2IhmhlIyc7T9OhqmyIrQ3oIvM03rgKRIpqh4n0z7TYmePkgZBHpWlpXzW4jblQDE3tjp+lXooQ1k1tINxT5ee69qVymjxG7t2jkwOAeRWlo0xSPawJAORjuD1/Kr+v6SbeaVAOAxZP8KwbeVoJQRwmc4Nbp80TkkuSVzW1C2VblWGMN6Vg3MJUbCOucV1N2gudOSePBK+h6GsC/TfD5i/eB3UQfQmpG5hmENGVPX1qFCdpznP3W/wAatuQkm7+F+cVUc7Jz6NxXQcpKrbgrdWXhvemlvlwOCvINEbbWKkD0P9KRsbsjqKQyW4b90sy9RzV6GUGOOVeoOapWqebE0LDkVLYA+W0bcFGoA7DQdRNjrtrdD5QSD/jX0TazrPbxXC/dcCvl+CRtsLd42xX0N4Kvft/hm2c8krzz6cVpSetitzpE4JFSCoQcAe3FSg1sIWiiikAUUUUwCiiigAooooAKVfvj60lKv3x9aABuv4D+VNpzdfwH8qbQAUUUUALSUtFABRRRSASkJwKWkPUUAU7xsZB6bea+d/iHffbPE9yyMWVPlyT6V71q1wI7O6mZgoUHk9uK+ZNbumnnuLnu7FvzrGq9kUjERiTI+eWO2p5sZwOgAFV41xLDH/wI1JO4DMcdTWfURFYx+dfhf9qumkXY7cY3LWLocJe8Le9dDqCbJVPYrgVlOXvWN6cfcbJtJUHCHOc5/Spipa5mz3QCotPPl3Fux6OhH41aYFbmQdimawe50RWg7Sx/p9vn+LIruAvmaQwPXBFcTYMsd1Ex/gk2/ga7y1w9qY+OvNRI1irGFonN6gyc7AcfQ1uX0QeTbjqhrK0+LytWhXjO11Hvg1vypvlB9FxU9TRI8/vICk8Tg7Scj/gQ6fpVq3l3xE9x82PpV/UbLzUmjx8ynKn0NYls5jnAJ2iQHAPr3FWtSWrM7bTnCXTr0SVRKPY962dmG9yPzrk9KumksorkHJhJRx32114xLAjI3IAKmgDmPE1gXtjOi5aM/N7rXm2qWXkSNjJR/mU/0r2q6iEqg4GGGCP6V5/rmkBA8HODloiR+lVGVmZTjdHP6LejyzC7DDcAH1qO7iEcjA/dJ4Psax5fOtLghsr2z6Vri7W8hXcMMRhgOn1FatW1Rgnpys5yVSk8kLc7Tke4qGZA8Ge61b1ZSkyS9CPlNUVb5SD35H0reLujlmrMiWQ4B6EdTVqYhUVwPvVUI8uXaeQauKfMtCMcrVEodbu0dwp/vDmpv+PfU+vyyjBqnGxwCf4DirN2d8cUq/eH9KQG3b4O9GP3gePevVPhNqjNBLZO5IQ7lH1ryaKUNDDKO+Dmuu+H2oGy8TQpkBXJQ/jRF2ZaPf24/EU9TnFRo2+JTTl6H2NdRJJS0lLQAUUUUAFFFFABRRRQAUq/fX60lKv3x9aAEbr+A/lSU5uv4D+VNoAWikozQAtFJmloADSUppKQBTHOM/Sn1DMcL9eBTA4/xxcG28NXWP4kK/ia+c9RO6PHY/yr3D4pXZj0gQIwBac7h6gCvCr0ndg88DFc1T4i+hBFzdEg8AYH0FRTPgZ/vNUowjPjqRtFU7hh5iqOxqd2S9jovDkO5nf1aug1O3X7KHYfcIrG8NSIkGTgEHkVvahcxvbumR8w6VyzvznbTt7Oxn275s4m7xucVfmkDCKYHhuDWLaXUcbywu2F4ZasvMohZYyCM7xRKJUJKxdLeW7he6h1z6iu10e6EzwMWxvUcetcE04ktklCljGclfUVt6HdlYljZtpVsrnsDWUjeDNuZzbau7dPIuFOf9l+DXRSYWTeOhODXM6lmW8KHj7TAV+jLyK3LC4+1abDMDksAG9iOKzuaWKt5ERqGzjZKuM+9cxqNmDc+U/yh8lGH8LCus1KJswzr0U4NZWrwedtZcAycg+jDoaaY2tDn9Kvms9TNvcfJ5pAbnjd6/jXf6TdAxvCTzGcYrzvVbZJkS4J2yKNrfWp9I8Ui1ZBNJvH3X9Rj1rRa6mT03PUE2spTP3uh96y9W01b6EqRsnU7kPv/wDXrI/4S+2IDAjae9K/i22nAXcAR3q0jNyOK1/SvNV541KSRkrIh7GuWt7n7PIY2BXnHPUGvRdQvVlkadVUlhh89GFcVrdjEzm5thgHqK0g+jMKi6rcj1CI3unPLhfl+8R/OudBIUY52nrXR6TPg+VJ8yOMEGsa/tTaXrJ/CTj/AArSD1sYVFfUq3A2orDtxU9m/wC956Op/Oomy8ZXPNMtnK4I6qwIrUxJ48+ftPAYfrVpF32LDHzRNn61XuMpOrDoCG/OrdsoM8sY48xMikPqW7KQNpgIP3Gxj2rY0W68jW4ZYxl1ZSo9aw9L4EsB+oq1aP5d4hBwy/0pPcaZ9R6bcefZRSHgsMkelXV6/WuU8FX/ANp0iCNyS6rznuPWurHUfWuqLuga1Hr0p1NHU0tMQtFFFAgooooGFFFFABSr98fWkpV++PrQAN1H0H8qbTm6/gP5UlACUUUUAFKKSigAooooAD0qBwSEz65qY9MVBM+0gnoATQB4v8UL3dqP2ZQDsXc59M15TN80rbsYUV3vj+Z5fEV6j9WZWI/kK4GTlm3f3st+Fcj+JlvYrg5Ykj3qhuD3Oe2auyfLbM3dqg06ETXiqelF7aiteyNjSo5Sh2A8tWtJY3cqYRWPqTWzpVpDDCuVHStpBHjBHFcU6up3wo6ann11ot5GN4GSBng023s7opk7gMcV6IRav95kz7miKxtWP7to+e2aXt3bYfsFc4S0a4t5sFSR6EVu2UEpkDKCVYfl7VvyaVEOdg/KhIVi6LWcqlzeFKw24FxJDDKqkywsCQO4H/1q2NFIhee2BOxjvXPbNV7WTB6DNa9qqbtyrg+uKzubtEtzEZLcoRwRWS0ZeEKRkg8V0JjytUZrcLk+tO5JyN/p7zIygcZxXPN4cmF2GwCrd89/Su+mUc9Kq+Wu76HIpqpbYmVPm3Oft/DjXKqwfaM4wB0NakHgsjlpmJ7Vowahb20jbSXZuqoM81pxahJKPktWP/AwDWim2YygkZMfhUlOZCp6YHNVrjwfI+VJDAj72K6P+0zB/rrWaMd2HI/SrMWoQ3CExOrj2o57C5LnmV14TlspdygEHrXM63bl5NsmBIVxx/eFey6iBLAQBkivOfFNgCTKFww64rWnU1MqtNcuhwAYghiD7j370yNSJymetW7qMBhIPuuMj696qDiWN+ea7NzzmrMvXSAxxNjqu0/WpLdv3ls/c/KTSXG77IcH7rZ5psLlYU74cH6UDZbtkMOqqp4DZWrLApcg55Vqq3D+XfQyc8OM/jVu8Ci7ZP7ybh9RSYI9h+Hd9uMK7scFSvtXqI5YfSvAfA19JDfQmIksWX5fUd697hcOgYHORxW9J6WKZKOpp1NHSnCtCQpaSloEFFFFAwooooEFKv3x9aSlX74+tAA3X8B/Km05uv4D+VJQMSjmlpDQAUtJRQAUUUhpAIT0qhqEm1Rg4z1q8wwprJ1SVUBduo+6PU0MaPAvGE7S63e3Ejcs7FRjnjiuNkX92B/E54+ldR4td5dWmVxiTcd351zb4O6TOFUcVyPc0Zn3jY+XPC8VNoUZe6LemKpXBJJJrc8Lwb97Y/ixUzdoipq8zq7efyY+azrzXB5hTczyE4SGPv8AWr9zbM0YVQfwqtp+k+RciVlGc5zjmuOPLuz0pKVrILpNZs9Ck1SZYYY1xtTbliTWZZeI9SlimmlntY1iH3XXljXoV5HbatoMumzOFWQcN6HtXmkvhPVY7zyltvOweHB4PvXTH2bWpxyjUvodjpXiHz7qSzkdJHjxkxtuXn0NbMnrWZaaBDpHhqXy42n1OX94xjTAUjoBW3aJ9s0WG6KbJGX509D3rlrQineJ3YecmrSIrZvmHWugsBnFc/ApU/Q10mmrnFc8dzolsaoiyvT8qq3MJCnitiKEMgqG5hGCAK2cNDJSOKuSyOc1i6jemNNoJ5446k+grqtStAGJArmZ7WVtS8xbcvHGMDJ4+o96zjH3rM1lL3bo47xHc6xYpbssht0nUsqqOSPrVSG/gIRItQ1PzRGxldG4L4+UYPb1r0nV7O18Q6QLSeBo3T/VyDGVNctZeAcXSm5vgbcH5kQYLV3xlBKx5cqdSTuzT0u18Qx+FYNXtr0zFgS1vN0PPY1Z0/VJpJcXVmba4xkgdDXXi3Nzbw20caxWkKhUjHQYoXRIccJn61jVUZbHRRTiveZUjPnxZ61h6/Y+Zb78ZyMGuxjsBEuFGKo6jabomQjg1klY0lZnht3b+W7IF6Nn6VjTLslZR/Cciu116y+y6mQR8r8H+lcnqMPlXQHrxXfSldHmVo2ZcjBltHHHzLVCA/u+TxmtCx+aFBjgZU1mZCymMDv3rQxNK8BkjRx/dBz64q5d/N9kuB/F8pqs432seOmCKer+Zov+1G38qBo3/C9y1rqULK2CkmK+h9Em8/T0bv3r5lsJPLnVx0YjNfQXgnUWu9MV22hgACB+VXSepT2OuHSjmjtRW5ItFFFAhaKKKBhRRRQIKVfvj60lKv3x9aBiN1/AfyopW6/gP5UlACUUUUAIKWiigApDS0lADXPy1y/icn7JsV9jO5VTnocV0zct9K5HxZcrDaNMybjE4cD3qZbDR4Z4mbdqM2DubzCm49TjvXPXZ8m1CDqa3NXfffyMy4+YkDP41z18+Qn4GuS92aPRGbPkYUnnqa7Lwhb5tVY9zmuKlO6QmvTfCdqBYwnH8IrOu7QLw6vM3ltQyjipFtMdq04bfK1KLYZ6VwHpoyfsakjC4+lTQ280fCNj3rU8gAdKdHFzgCmapKxXijnxgytk+lSGMQ2zIO5zWgsQRfeq0q7jSkStWZ6Qmt3TIyAtUI4wTwK27GPaBxRBajk9DYiX5B9KbKm7NSRn5RSnmuprQwMe8tBIpGKxJ7DZ0BxXXSRg9hVWW1V1PFZOFyoyscmLAMe4+hq9bWAQj1rQksdpytPijZTyDUpWNXK6JIIAAKvLCMdKbEvHSrajitUjBlZoKzb6DMZ6VuMq7cg81nXa5BGKGiTyfxtZnyBOg5Fefaum+1jnHXNeveKbYPp8ox0Ga8kvQH0517oTxWlCRzYhEVs37s4OAcE1SuQF1Ej3zVq3IFsB6oKq3oxdRt6gV1HEaWD9lGDwpOBTrPM1pcJn3xUcLF4SCO5pukSYupUJ4IzigCawlIaME89s17P8Or8Rnymf5H4x6HrXiRzFc7AMYc4r0vwTeGK62A/M2Co/nRF2kUux7wjbkB9RTqo6bN5tqMHJXirq811EjqKKKAAUtFFABRRRQAUq/fX60lKv3x9aABuv4D+VNpW6/gP5UlABRRRQAUnWlFJ60gEIpCSBx+tONMY54FMBjMQrY6gVw3i5wlqI3HmNKeVPpjNdvLgBx6cmuD8U/M7FlPyLnNRPYqO54tq/N6w7kZ47Vzd6264OOi8V0GrSB7uaTAyeAB2Fc3cklyfeuaO5Uyo/3s+9eueFQPsMX+6K8if72K9W8ITg2EI/2RWOJ+FG+E+JncwAbRVsR57CqNs4OMHNaMZyK4j0BBED1FSLEBUiDn2p+0U7FIrvwDWdcTBOKv3LbFLenNc88r3N0Qo4B5qGXFGzZgMcn8K3rYcCsGw+XGetb9sOBWlMiRfU4UUhIpyocCo5AemK1ZKsxpk5pNwJ61BISPXFRrLg8mlzWBxuXAoNO8oelMifOKtLVqzI1QxUAp+c07jHamnpSAGNUbr7p9qtO3UZ/GqNy2ENS2I5HxCM2j/7prxuUZkuoxXsPiCQfYZT7V447D7XcZ6Ef1q6Bz19ilASkBOc4qvcktsYnODihHIR4z0GcUkxBjP4Guw4C/avy69t2eagtnMepgDj5iPzpLVjyaa7FL8OBweaALt4GWduzDBrqfDN60N3DLknbz16jvXNX3zurqeGjq5os3zAAnoDipLR9LaFc+cikHh1BHua3QP0rgPB1+0lpEh52gD6YrvlOQCOQa6ou6JY6lpM4paoQtFFFABRRRQIKVfvr9aSlX74+tACN1/AfypKVuv4D+VJQMKKKSkAdKMj1oooAaSTxSHpSmmtyMdzTAhmJ2N71wnimWQWjEcsVyR+Nd1cHCjJrhPE+PMnBUsqQbzg+lRPYqJ4fqTAzS+m4msCYEg89TW3qAIMmR/HWPcD93kdzXNEqZQYc5Nd74Ku82qpn7rYrhJFwore8JXnk3rRE4DjI+tTWjzQKw8rTR7HaSAgYNasUnyiucsLjManNbMEm4DJrzT1kaiNUueKpQnB65zVkHrzVJjKOpNiFvzrP0mJTFub7zHNaN/GZICO9YNrdeRL5DttdegJ6iokaR1RtJMsVxszgVtWl0vHOa8r1Jtag1Vrm2uxIueIW+6RW/p+uSNtWZPJm7pnIP0NCbjqDV9D0f7aAM8Usd6kjkPg1yM2rSx248uLzJG4VScCuTupfFUOoi8/tFFQHPkKvy49K0VRszUD1qVEIJU5rIlfbMYx2qtZ60r2SSTuqHHzc96LIvdzSTlSEY/KD6UufmK5bbmrbkgDnpV9H+WqcabR/SplOMHNaR0M2Wg2KazZHHHvUe7cOelBbiruRYa5AFZ92/yGrkrVl3r7YzWbEcf4imxZS8+oryWb/j5mOegH869L8SS4hkX3zXmM7BGnPckCtaBz4joZrcSv25NDHMfttomP78jHWmKf3ZHtXYcBPasec9hTrhv36NngcVBAxw2DT7g5z6jFAGozK1vbsPcGpNLcw3S89OKqxPm0HHKninI3lyFh35FSWj2XwXOxEpjIAXDKM8jHWvVbG6WaBCOMjOK8K8JXrLdWzZUr0POK9q05lMSqMHjKn2rek9BSNbdnjpTh257UxDke47U7JHNakj6KKKACijvRQIKcn3h9abSr99frQAjdfwH8qaac3X8B/KmmgYtJRRSAO1JzRSUAIab1b6U48CmjpTGUtSJW2yO7AVyHibm1vwAP3kBwcenaut1Q/wCiKO5lUVyHinIsZNoBD4Uk+nrWc9ikeGXoJyOpPUe9ZFyOSn93rW9egrLMB2bA9qxnXckh75rmjuOa0M6ZcDafTNMsZzbXkUoP3Wqe74lIPpiqR4NaWujOLs7nruk3gkiXnqK6W2myBj8K8x8Naj5lsqE/NHwfpXcWFzkYzXl1I8srHs0p80UzqY5AQOatI+RWNDPx1q9FPx1qLmhaf5gaydQ0OC++ZwQw6EHBrSEi+tKJMnrS3C7RzK+HnikyJHYe5zV+HQUleN3yCpyK3Y8GrUManHFVyoHVbGW2nxBFyMkDANR3ejQ3AxsrSjIU4qyoBFaKK2ZHO0YNl4btYX3eTu57nNbsdssSYVQAKsIFA9KCV71aglsJ1HLcg2UAetPLDpmo91Jhcd/Kms2AaQtUchOOKLjGSvxmsfUH4xWjM+FrFvpMKzH0rNsRw/iR/n2+oJNeb3hIZvc13niGbJkYn6V55cSliW9Ca6cOtDjxD1IJv9eD601eh/EUkh+Zc+gpVPJ9c11HEwhPOPfmpJv5ioY+HqSRsgc9qBMuW75tGHoanTlsE4GBWfA3yuoHbNXBJiRRjhgKRaO08KN5i7A37xOQMdhXuPh+48+zQ7h5kJww9Qa+f/ClwbbVAg5WTKkeua9p8N3JMcFycrvBjkTHccZNXSZT2O3UkYB7dCKlB455qOP94gbA6ZqQE9GroMx4I9RR1PFGB6ClHSgAooooEFKv31+tJSr99frQA1uo+g/lSUrdR9B/Km0hi0hoJpKAFHFIelFIaBjWPFJ24pSOMU0nCjNMEZetBnsiUYq0bB8j61y3iUs9vJhePLVlb8eldheJ5sUsZ6MuD71yGrc2+4HKxBVAP8QHWs5bFRPGtVVFubjrjcfzrD8sgbfVq39aUpLIMYUtuA9M1jvxj/dzj0NcyKkYt4fm/wCBVUf7xq1d8vj3qo33q0MjQ0e8+yXyEn5G4Nei2FzjaQeDXlI4NdloGpedbiNz86cGubEQuro68LUs+VnoUFwOKuJc+9c7bXOVFaEUhA61wNWPSizV+2FW69KljvA3GeawLuZo0LVjP4ojtWK87x2NCTexWh6LHdYUZOBWlaX1uUIEqFvr0rxyXxRc3bYVyB9aItUuEOVlPP8AtVVpLoaxoJrc9nEwD72kUD3NW4763OAJ0J+teQLrlw8QDueBj71L/bDBNwmx9Wpe0a6Gn1NPqezrKGGQ2RUUk23qc15Bb+LL2JiIp2cD61eHjfU1X5bN5yeAKr2jehnLByirpno7Xgz1xzUiT7q4uw1a8uVDXFu0THqp7V0lpKWUHOCaSlqYONjWL9qY7Co9+BUUklXcginfP0rC1SQFSo7cmtSeXnAxn+XvXN6tPhGAPy9z61PUk4TxTciO2kb14HvXDyNtQAnJ71seKL/7TeiBfuxnn61hyMSPrzXoUo2iebXnzTCT7qn2pR97ilcZhX6Ukf3vwrQxGofnJpWPP4U0ffpWzkUwJYGAk56EYqwW6f7OBVaD/WAnoKlQ5L8560mCOi0mc288M/OQQOPWva/CUxlWWM5I3ck+uK8H06Xfb5/iH869c8GXxW5to5Hws6BkJP8AEOtKDs7GvQ9Y0yXzLUKSdycZq7WTYMVuJMjGeSK1gffPvXUjNjv5Uopo9KUGmIWiijvQIKVfvj60Uqj5x9aAGN1H0H8qTvSsefwH8qbupDFP0ppooJ/OgApKTp1ppxQMUkcUwnjJ6UjMpOCcCo5XUDIGfpzTAhlcYYngDnFcZqU6Dzz0AOCT06V1jiSY7SAqEdB1Ncv4gKQeYhwQSGPHYdRWctionkOuqPPcYyQx59RisCRgGck9a6fxKA17IwG3JziuTuuEA6c1zdSmZdzzJ+tVG61Yc5ct1xxVdutaGPUSrVjdtZ3KyL06Ee1VaKGrqxSbTuj0awvVkjV1YHNbdvcA45H0rzbRtSNvIIZG+Qng+ldjaXWQDmvPq0rM9OhVUkdBIPMXj0rF1DSo5vmZAW7HFacM4YVMwDrg96502mdcZHFNZQpJh49vPUVo2+j2UwDEnPsa1p7GOQ4lX6MKbFYGA5jbK05Tb2O6jOnb3jO/sO13bQW3DP8AEeavQaTaRxg7ASCCCea0I7Tc4csorTgtYHwGdQKzbkzp9tRjroY1vaMWCxxgk8dK6fSdE8kiWYfP2z2q/ZQW0C/ukDN6mryOCTnk00jkr4pyXLHYryWik5HFSw5jAHWpGYUwc80+pxN6E5mOKryTEnC9fWggk+lRsQgJNXczIJ32I3P1J71wnirV1tLdwpBc8KK6LWtTS3hb5vyry/V5Jb2VpH4z09hWtKF3qY1ZcsdDmZWaSZ3dssTkn3pkjZIHoMU+fCykL0FRda9E8t7k3WAfSkTsaVOYGpI+cfWkMYDzSk8ikA5NB6imSPjOJAPU1LEcSMM9e1Vwdr5qYn51YHFAy7pjFZGTr1xXofhm6V7e2YKfNtnDcnAwTzXmts5S6Uqe+a7rwzc+XeLGQpMgKYPTJ6VHU0htY91tbplniMn3GGQcdq6CIk8enP1rk9OZ30qBywLwkBlJ7dDXRQZ2LgklemD1FdUWSzQz0IpfeohyARkCpR9KokWikzS0CClT74+tJTk++PrQBE3X8B/KkpW6/gP5UnWkMKSj8KTcPegYtMPJxiguP/100k/T3oAaxUdcCo3xsYE4XHbvT8gL0yagm5G1Cd3X2FDAglmWJSWblBuFcT4huWlgeVE4KnafXNdHehnyjFXAOWOa5TxPO/kcApEq8r/eJOAMVnLYtbnnevv5lxktuZsbj71y12QXbHRBgV0etZimkVuXrm7vEcefxrnW45aGS+QrH3qtVp8+U2e/NVa0MgooooAXPNb2j6rjEMzc/wAJNYFKCR0qZRUlZlQm4u6PS7O6zgE81rRvkCvP9J1RsKkp5HAb1rsbK6EijBrz6tNxPUo1VJG0ibxipVsyTgCordge9a9kyyNg9awOpMpxabIzDJwPTFbEGkSBQVAPtVsABQQBxVuCbacULcbkVY7OWNhkHFWRCwwMH6VoJIHHQH3pWVSKprsQ2Z/lN0o2YHWrT4GTVC4nCKTxQkK9xssgXvWLqeppBGQD8x7ZovL88heTWFKhkYu+STVImxkXzyXUhkkJx2HpWBfIWJI4UV1FzEME1iXUfyk4+lbQepz1VocNdKVuXB65qKr9xZyzXErrjG7vVSS3kiOGU/Wu9bHmPckix5bLjqaaowxHpzTo+GUe1OKc8elSPoV/4jQTkdKDw9LjiqENqUMMioT0FOT5uKALKnEo/MV0WmTshWVflZGBBFc6o3bR0NbOmMTMsbcD19KiSLgz3vwtdrO7JyVuYw2T2bFdbZyERg8ZXg+9eYeCLmRpjCZOYcFcGvTUXZcuysGjkAZT9a6Kb0CSNNW5x0FTg5FVYs7OcHFTL04atCCQ0vam54pw6UCClX74+tJSr98fWgCNuo+g/lTaVs5/AfypuM0hik005HNKeDxSc55oGM68mkPI4xTs46H8KiYnPp9aAI3LoOfmJ6VWlZsNvYBcfNz1qZskHaR7ZqhMVZSioGz1LHipYIpllOXVBnBbgdPQVw2uuWd7iWQsVIwxPBOe1ddqmoLb2DvMpWKMcAfxn/CvO9SujcziaUBEQEon+NZTZojl9Sdp7h3kJJ6mucvG851A6E9K2r+be7H+8SWNYo+eYueg6VkhSM+7GzK1Tq1cEySse2eKruMHFaIzG0UUUAFFFFAF+1TeBit3Tr6S2cI5JHqaxdO5APvW4sCuoP5GuepbZnVR8jrrG9SVAQwOa27W4AOM4NeeQSTWknynit6y1pRgSgqfWuOdO2x3wqX3O/gm3JjdViFvm5rlbbVocD98v4mtGPVohyJFP41HKbXOqjkAHJqQ3AHeuZ/tpexz9KQ308/C5UU7isa93qCRgjOT6VizzSXDHJIHpUiQluW5JqYQcYxRcRmtFUTQ8cjmtQwjPAqN4QO1ITMC6g61hXkfB46V111D8prnb+Lap+laQeplNXOMmfyTNHj5mYMKWe2M0hKZHy8irF9avLcw+UpZyQAB3rpxowtbISOAZSPmFenTfNE8mpG0zzaRCk2COhxUxXgH14q5q1k0EzHGOaqqC0I9jmkxxKMo5z680ijip5Y8qwA5U5/CoEPGKESxCNpIpAxBFOcfNmgrz14pgWYtr+u6tOyLZV1wT0xnHNYqMVI5P4VqWrhlx3PII9aTHE9H8PSrBdWdwGIEoCls/wAQ7GvYdNnW4svkBPlMVx6V4foVw32bau35cON/TI616x4bupJCwdQC6BiR0NVTZpJaHXxH8O1WFwcc9KqREFdw9Oasr/e7HrXQZkmKeOBTOoNOHSgkWlX74+tJSr98fWgCJ+v4D+VMJP8AnvT26j6D+VMpFBmm7ieoI/rSnB4I7VGV5xzj60AKd38I471E7YHIyB604nHc49jVO4uY48A4ye+KBkd1c7QdoxkcmsyeZ0ha4uDHHbgcDPNTzyIyOzB3jXkgAgfnXOX922plnYYtYDgYGN7envUNjSMXUL2TVrhiodLKPjLHAY+n0rnNQ8yaOSQbVijHKg54/wD11015CG2xBgExukOeFFcdq1wHdkjbKZwvGMj1rCRoc7efdbJ+90+lUfLKRMx+8RxV2Yiefj7i8fhVVsys3ovWpRDM0xBIyccZ6mqEhy5rSuPnYDPAGce1ZrAk5q0ZiAU09af0pvWmAlFLjFJQBpaWMsQa6WBflGOlc1pX+uNdZbqGUVzVdzpose0IYdKaIRn3q4IxijZzyK5zsSGRQnI4rUtrfkdqhhjz71rWkXTispG8diza22SM1r29uNvAqG2j5HFasMeBnFSNsRIcDkU/y+OKsKgxSlBTIZTMYxUTRj0q8UqJkz24oAyriHKnjmuc1OHCtxXYyx5B4rA1K3yDxVRIepl+E9GW/wBReeQfLAOPqa6LU9OIjPy+34U3wbAVtLth183n8q6K4jE0ZVl7V7NFL2aPLq/GzyHXtKLqw28joa48IYXCMPY17FrOmq6tkEA9Gx0rzHWrJ7W73FDsY4OP51M4kpmRcJslBP3WFUZIzFIR1FbMkPmQAZBK9PcVSki8yMoQQ6d/UVmmNxKbAsgYdR1pqkONpOD2qVAS2Dwe/vUc0RjOexqkSAyjYOPxq5bv5TggDBqsrLIArjnsalRSBgn6Ghgjs9GnX7VsJ2q65Ge+e1eh+Gr+Ukg/660fawzwUNeVaVchrPaflkgbcrAc49K77R712YTqqqXTEjdRuH+NTF2Zruj160mPy7gQScda01ODg9O1c3pF2Li1WTbyAA/OQcd66GPJTKN09a6YszZNggjnipB71EG45FSLyOtUIdSr98fWkpyj5x9aBEDnn8B/KkofqPoP5UwnAxSKFPXHammlJAHUVE7llJB2r3Y0DIp5tuUQZfuT0Wq58uFDLKuD2LCrCRgje+Ag5UE8fU1i39z9vfy0fFoDhjjljUsCteTvqTPFGWW0i++w/jb0rGv5op7hUDlIoRhY1XHP9a1pIpbmExwMYY87crwFH+NMbT7XT4yxG6VF5YtzmpZSOZ1G1SOJ/M3qu3IBbJY+9ee6rOvmsVAC9ABXa+IbtMM/J3/KueM/T2rzy7fzJsdh1rCZRWQERE4wX9arqfkbb3PWpJnJYICOnX0qL5VgJyeTx9KSIZQuGJaQgYAAWqZXbHu9elXGHmgqO7ZJqvNhpAq/dUcVojMgIoUfN+FSbOfoKBgZJ7CgCE9aDSjls0h5JNAF/TQ3ncV2Fl8ygkdq5LSiDcYHBGK7OzTAHHFc1bc6qBeSMFaGi5qzCnFPZOOlcrZ2ojt0xWxaLWdAvzVrWo6VmzVGtap0rTjXiqNqvAOK0Y6EDJAOKUilFLTsSRMtRkVORUZFOwiu65BFZl9BlSa2CKrzRhwaLCKvg9cNqFuRzuVx9K3ZkK8isHTC9h4ktio/dz5jf+Yrrrm3J6DNevhZc1M83ERtO5hzwLPGY2UEVw2vaIZWdQmY0OSwrvLoSKdkIJYnluwrInZGRklXGTjIraXYyR439leGSRGHAY4+lVprcg9OnSvR7nQoJLkujALjnIrntW0c2xLRjdGeenSuaUWtjRbanETRbGB5A7EdvY05drqVYA57VqT26kFWU4PcVlzQPbHkZXsRSTJasVZYTC3zKdp6GpIXYkc5+tWYnVxjO5T1U1DPEIH4GFJ4I6GquQzQsZvKuAwbGflI9RXa+Hp08po2d1Q8Mw7ehrz6B1YgEkMK6fRr8W0iEqpQnDA1HU1i7nsHh26aNo38wCKb5QuOCR1H1rvLUgoMHKmvL9IeJluoIZCUKrLE3XY/r+fFd3ouoG5tQXIEgwJFB6NXRBhI6FemPSlAHUVFBIHGf0NTCtDMOfWnLneOnWm96cv3x9aAIG+9+A/lTPenP1/AfyppPP8AKkUNPJxgY9qib985H8CfrTpWKodv3j0NQTt5MBUHCgckd6AKepXnmBraNQARgkng/wD1qrR2pBiQcqoySe1PitjcHe7EKeTj0HQVYZRt3orfONqgnipAryv5Y2rHlI/nbb0z2FYup3MnkPMUXa4y279BW9P5MEGxznnLbfWuJ8R6jJezuiAR29uu+X/aY/dFTJ2KRx/iG6kluJWdtyooRcdB7CuOdxh3J+UGtvXbldqRx45+Y7e5rmblx+7h6ktlveuZ6stjHOQz93OAPSo7iT5Aq9AcCldtwPbBqN2wAxPToPeqRkyOZhEnljqB8x9/SooY96sx7mmOdzHPJJyTV2NdkaL3wWNWQVpEAB+tQTHb8o6VbdTuCnvzVOc5lI96AIwflPrU0EZKs+MhfWo9vIUfjWhHbzLabsfITyPpTDcg0+YRaiu4/KzYNehWaZQeorzV0KSEdMHg16L4em+2afFKT84G0n0IrnrLS50UHrY2YkwOKlIyOKkjjyo4wfSn7P8A9VcTPRiiGJecVq2q9KoCMh8itK2XpUFmtbDCir6CqNv0q8hqkSydaWmgjFLTJGn6U3HtTzRgUCuRbc1GyVaAAqS206fUH/dDZF3lYcfhWkIOTtEiU1FXZmLbvLeQeSm6RHDAAZrrTA0qbSduOGx3qWz0+30+PZAuWPLO3UmpSNrfWvUoUfZxszgq1Od6GZLZqowowawrrTA0hJUquc7R0zXXFNxyaikt161tJGaOIl0n5c449BWHd2MsbNsRWXqVavRp7ZMGsO8sN+eODWTj2KueX39haTZKxmCQenIrn7i0KMyyxjGMcdK9NvfDck7Hy0J984rMk8E6hJkF0IxkA1lKDKujzCbTAP3kLcf7POKiUsq+XNHuWuzvvD1xZOXMbKR1IFZFxbseCQT7iod0HKuhhHT2A8yDDoOdp6ipbdw3BZkkX1PWrzRzwn5AuKUSJIQZYVV+mdtK4KNjsvCmrOgRUYMUGDG3cHrXodlcNp+pRyyIRDKNkx7E/wALV4vYOttcK6S455BHNepaDc/2ppMlvJMzKp2cnnHUH6VcJdCmek20m4lQeV5HuKthxjnrXM6NMzQxpNKBPCNjEHIYdq6BJAVX5g3HaulGTRZ9DSqfnFRKQeh6+lSJneM0xEEnVfw/lTGOM/pSytg/gKjHJ9h+tIoYxO9cj1NZ+olphHbx4Bkfbk9h3NXZnCuMnAxzWU13GZJZYxuYfIgPTNSwNDaNnkxj5enHtVK6uVhfE2P3Y+RQcc1W+3T+UMnYccgdzWPeszspY8Drmk2CJdU1xI1IVQGRclj0yewrznVb9nglYv8AK75PP3jW9qlwgt5JCckndj+72FcFqtzyARwmSfc1zzlc1SM++ud7s/ORworIZi10pJ+6Ofep5JiRubGScgCqCMzuzHkk0kiZE5Jdto6A5PtUE0oaQY+6tOklCqyqfqfU1VLfKx7k1SM2Kjc+5Oa0Lc73Oe4xWdH94VetDyx61TJQsozKSOnr7VncvMcc5Nadz8kDNnnFVbCASLLJ12rjFCQMZbxFrqJFUncR+IrvdB06G9M8Ei43I+3PeuW0qF21y2RBubGBnpnFegeGbNFBG7MkRkjOKtJXBHFaroQUPJb9RjKd/wAPyq14RuWtrp7aQEA8jPrWlfsYrl0cAYGA3qM1Yg06C31G3uXQlPMUkHrtPWonDmVkaQlyu50yKCuR/wDqp6j8a6c+EPkDWlwdrDcquM8fWs640DUrQkvbM6/3o/mFcVTD1I9Dup1oPqZ6R5xVyCPAoSFlHzIw+oqdMKRnFc/K+xupItQr7VbT3qtEVHerKEnoCfoKpRYnJEopelPjs7ub/V28h+oxVuHQb6QjzCkQPqcmtI0aknojOVWK6lEsB3qS3gnu22wRs/qccD8a37bQLSDDS5mYf3un5VpYEaBVUKo7AYFddPBv7bOeWI7GTaaFHFiS7bzWHRF+6Pr61qgDbgAKo6ADAFIWxTSSfpXbCEYK0UcspOW4jMOi1HgZOehp1IaokFHY9RSOpwRSIrby7NkngDsKn2hhQgM2SIntmq7aa0p5OK2hGPSpBGPSkFzDGlgD1NI1gYyGHatwgDtUbJntRZDucrf6aZixMQOfUVyt/wCE7a6lO2Eq567elemyIvQkVF9nX0FS4ILnkj/DuWX7jsPrVSf4YaoEJgmRz/dY4r2pLZR2qTyVA6VPsoj5mfO114L8S2R+bTJ3UfxR4cf40y0v77RLoC5triIdTwRX0WFKnjimT2kF3GY7mCKZD1DoDUOiujGps880nxJZzJBeRsrSAhZl6ZB74r0a0eCSMNCAVIyCveuWv/hvoV4zSWySWExH3oG4/KmWFtrfhcJHchbqzT5VuYh/D6Ov9RVK63BtM7XaA3cVImd4571Stb+K7jG04OM896uRnJXp1qySrJwRnuBn8qryzBBtHOKJptx44BA4/Cqr8Kc9uSalsoo3twzuVBOT8ox60kcCIqMc7VG0DHX1NQxq095wfujcfxq9JhI0xlsHrQBlXJQykRseDkCsvUnSOCYucuo4H9a2Lhw8bkgK27g4xj2rlNcuUk82NeQCod/X2FRJjRz2r3X+hgHAJI49MetcFqNxukclq6XxFclFSMn5m5I9B2ribpy8vtmsN2W9EMZ9+7bnIGKZuCLsXrjk02Rxjjpmo+fLz3NUZ3Gs/wAuPSmE8AUhOTRTRLJEwAT3HSrdvwgHqc1TFWbc5bGeAOtMQ6/fEYjBJOKfpLBYbod9o/nVCeQvIec81JZSFHZRn5sZ/OmgOn8OJJF4kikzwDhsj2r0Lw/sg1e7iKg75WI+hFcXoEQGvIWYlpB1PQHHFdcrLD4olUHAMKSgnsQea0jsBkeILUfargKMNGMA+lPEUtzoscg5mUcVpa5bFhfzZOJfmXim+H4fP06RME5UqCfXtStqUel+DdQ/tHwtZzFtzqgDHOeRXRqQMV5p8Jrorp9xZTOfMSZ12noCDXpSDgVvGWhI8wo+S0at9QOab9jte9vFn/dFODFPpQWOcmh2HdirbWygkW8fH+yKmVI1X5UUZ9AKi3cHnrRuJ6UtAbZMTz+NDkHBzUYPrQTk0XES7/l6VC7E08nio8UDH9RSGgdKMc0CGk4GTSd8dxTyARg00KdxNAwHWpVGaZipE6UCH0maUKQeOh6+1JjmgBpqKVyi5Ck+4GcVYxSbaAKQh8zPKSKTn5hgip44FQYA4qcAUoFICMJxigrUlIRxQBDtpQKcRik70APUcU8YpgNPFAFFtNjRzJb/ALticlR0J9vSrFu5YqGGHHUVNQFBdT3BpDMZvmb8B/Kql9II4xHn5n4FXGABGOOB/Ks7yGu7s3BZvLHyRj6dTUlIdbwmKLcRl2JJPrSXMywLwd3oBzVpkwAF5x3J6VTmhLK23oOWb+8aAMK7nbbh3G3JIX1Nc3rkkcCxKzl1QB2CjGa2tZn2SZQFmU4RMdT61xviG6D2TOCTlueMcispstHF61eGW5d8ck8DPQVz8zHeWJ+lWbm4Mt0wx0qnPzLjNZomTGH7uepprt0A6DpSycKq5561GxOPrVEDe5NKP5UhwB0pR0+tMBRk/iasBxHAXHVuBVcZPellboueBQIj6mnIxRwc9DTR1pDQM7/RJUS+sbkHKSYDe1dXfxouvWyq2PtCNEW/DIrz3w1eo3kWspwqydfau4unktZMyOCYnjkD9eM9vwNarYRt6pg6bcc52QKB+VR+F4NmglhgHBcfXFM1qRRpmojK/KiquOpq74ajx4ctwOnlnPuTR1Gil4EvTba5cxOMF3Eo46k9a9jjwVz6814jal7DxrCBwj7YznjqK9rtTm1j/wB3FVBgyWlHpQBmlxxmtBAPT0paBzig8UgCigDj3pcUANkJ2GhQRtU46U7HNGKAFHQUetFFIBaBQBSgUxiY609BgYpBThQIdS0lLQAlLRRQAlLmkopAKaaelLTGNADWNIKDQKAJFp9MUU+gBaVfvj60lKv3h9aAOfuZQqcHGQAPyp0CYjXI2rjAHtUQiM8+9uQoHHp7VYJJbH8I6+9QWLKN+EUfKByQKqX77LHYiAOThcnqausQv5VlX0+XUKOR0yO9NgjmNbDJbSSA5diI1x2Hc1wPjK5itLJIU+8q4H1716Hqw2WxKgttHJPQtXi/jG5L3Kxs5ZurHNYy3KvZHOISzNngmmH5pCT65NEOWYnvSyc5xUdTPoQ9WJpjEE8U8nAwKYBn6CqEJg0vpRRQAoIBzimMcnNKeKTvQAlL1oPNAFAy1ZP5cobOOe1erxlL3RUBwN0GBIOc/wCFeT2vEmQMkc13nhe6LWUke8lV+YL1AB61UWIt3N09wILCMlpbsr5h78V6BpYj8qWCIBVjwAp9MYrzHQmM/iQtjMcIIRc8k9sV6bphSPTJG58wlVJPUtmqjqMxPEFnINdZ4eDHCJF78r3r1bRrj7VpUE395Qf0rg7uzMnie2XOUeGRDnudtdR4GmaXwpbFySwLJz7HH9KuO4M6QUtAp1WIb3x+NL3xR/EKUUAJRTqKAExRSjB70YyKQB1pcUmMHNO9KAExS4paO9ACYp1JS0AOzS0wU4GmA6ijvRQITOKTOelBH5UAdaQwqNqkphGTQBHTgKMUhOBQMkBzxT6jiHBapM0CHUq/eH1pKVfvCgDF8tVxGgxwOlLKmOVHTpUrLtxnrgZ/KlxxzU2KKwO5M9WrMcM9w5ZV+U457VecmKcc4Vzg1RvJ0t4riQsAQ+KLjOY8RXYht3aRwsKAknHevANVuWvdSnm6BmOPpXrHjO+Z7Bs/KvQLn9a8huTukKr071g3qOWw2A43H2prnsBTyPLhHqTTAuQD69KXUhkXsKAMcU9k2g+p6UpXAx370xER44xRinHHJpucLnuelADCQTxSUUUDClFA9KcBQBcs3Ed3GzAEEjP0rftbx9JmuQo+8pRMdNprnIvvD6ZrTt2eaaOZgWAxjPc0xI6/wjZvDqqRsmWkXzMH0Peu/SBlkSNPu7iQvXB9a4KJ57S+t54SN8iY/wB32r0exdVKysCWMYDD3q4jLirnXtLBUM7Fyx9AFrX8FKF0AqMYW4lHH+8ayrBC3ieSVsbLeE4Hpnt9a0/BH/IBkPrdTH/x6tEDOlA9hThSUtUITvTh0oHX6cUoFIAopaKAEAwKQ56jP09adTTk9OPegBM5xg4zT8UzaAwxUmKAFHWiilxQAlFLRQAgpQKOlA5oAcDS5pMUDrTAWkNLQaAEximkU6kNICOomOWAHepXOKijG6XPYUDLGNqgelApM5NKOTgUCHjpTk+8PrTTxxTk+8BTAoXCgMc+g/lTFK7Wy2MfrSeeJ7ZX6OAMiq28k8kgZ6VNyiG+QPER/F7VgzKslrLNNktg4XPeulnwF4HXtXLakGBdFPB5b/61S9CkeV+M3ZYWVj16e1efohYl+xP5iu38cTifUJET7m4KPoBXJeV8ny9K529QaKcp3YHc8U3ac+ntUzJ82QfmPApNhYnNNEMiVC5LH7q1GW3E/rVib7qovB9Kgb5RwM+lMTImO5gopjnLe1LyoJ7nimUDCiiigBR1qQioqlHIGO1AmSxjLAdPeug0+JjbAhchQcfWsCMHeg966jSkzEu0fdb5s9xQCOhl3mytZVJbJGa7G1vZPstodo3nHy59K4hJwtlEsZZVM2OfTFdhpkcTpHETlEjyGHUEnmtEUdfp0J2XZfnzPmJPU1oeDojFoIDHLNNIx/E1BbsIbGQtwdnf6cVf8PKU0aHjlsnjtzWiEzZzS9AT3po49zTutUIB0p1IKD92kAuKXAxTMdKUdTQA760neloPrQA3GXzT6RaUdKAFooo70ALSGlpDQAlOFNp45oAWilpKYCCnCm0ooACO/pSA5p3So2Own06ikAyf7lRxfKme5NSTEPDuWmDjHsKYx5OB709PlXcajUb2z2FKT5km0H5R1oAkTklj07VIn3x9aYPSnp94fWkIwg5gnx0jcDd7cU2cMMhSNw6GpJkLcdOBz+FVd0ijbwSv6ipv0L8xDISpDNlh94CsLUGH2Z5gwB3ZH4Vo3jsybo2wQOeKwNQuIoLNgzBmAPU+tSxo8j8RHzb4lj1cn61jyn59oXAHp3rV1SRn1Dj5ueKzLhltoSWGXJ/KuUqRR2tkucAU0HLZ7D9aieZpXC9R+lDvtUk/QCrMgcgsTn3Y/wBKW1QTvIcZPFVpWIQL07n3rS0NSyTYHUgE1a3JZmXkflXDJ2HSq9bWuwKJPNQd8H2rFoe5QUUUUgDFSxUwdaenD0CZPFjzOfWus0yMtANn3sHnPUelcmg/0lMdCRXYacFjQLg7d2OnFA0XhJkWwIxul6KPu4Fd94fhNyspCZIO09gAK87JZLgKox852j3r1vw1a/YtNkDZ3ugPI6cVcRmlckjS97HJYYx2roNNiEen26Yx8g4+tc9jzrlbfqq9R711ioFQL6AAVshDwKcOKRRTqBCUtIOtKaADijFN708c0AGMCkanUzqaAHClpo606gAoo4z1ooAWkPSlpDQAg608U2nigBaQ0tFMBtKKDSUgHkEY96Y4BFOLZAHpTetMCpA/yujdieKQPvbAGKglkEZl/vbtqj1NKr7AFH3u5oGW5G8qMKBy1SRJ5cYz1PJqGP8AfTGU/cXge5qctuNIB1OX7wplG794qjqTQIzJuxz2H8qpS4HPWrBlO7aWHQdvaq0i7eC3HuagszbpmRiyEBOhz2ri9am3+asYypy2cdxXXXjRqkgwTkYJ9647W1a3hdeqBd+f6VM9i0eaX0pF3IqgZzyfSsO/laaTaM4zzWrftumkII2nnNYczk5ZRgHisIinsLGAoJPrimyOA24Dp0pIgByT2zUUjZbp0q1uZjHYk8mug8Mqrzywsf4dwA7mueP3q1vDs/k6svXLAgY9acdxM6TWdLE1nMyAKQu76muDNen6nIbqyRoBlWXDH3rzS4QxXEiHqrEU5bgiOiilHUVIxV5OKeOADj2pg9qlA7560CZZyA8LduhrptOJ8pcEnB3E1zIAIjzyC9dbpkGbVTuPLhQAO9A0a+m2Ul5r9jGoOHlycdgB1r1wKyqSMBCQBj+6K4LwhAs3iOS6Cf6mFvlH8BJx/KvQrSIMyu2WwMKp6A1rBaDZY061xdiUjPcmugHIqpa2/lw98scmriitSSRRxQelC9BQaQAKGOKUU16AGgZqUAYpiVIemaAI3OKUDio2OWBqUdOhp2Fcb/FT6j/5aYqU8DpikAmATRSBhnrSbvnA9aAH4oIpaOpoAAKdRRTGFIaWkNAAaSlpKQBTHfaRUmRVS7O1c56U0BmXkqx3krk52EbR/tEcU+ENIwQHk/ePpVC5lFzqyIDwgDEep7GtKIiNcd+/vSYy/uCqEX7op6mqqMTyakaUIPU+lAEzy7B157U+BdpDN94npUMURJEsgyf4Vqyv3wT1oAxpAG7c4H8qqy8I2R2ParLdQN3YVBIAQcioKOe1F3AXCMVHJ46Vx+uXe+0aMEGSTIOa7i+mjSJ45HCAD7xrzjUIjO7z87BkI3973rORaOC1RBB8i88cVz0hOfU10Gr583gg7eK5+4Y7iM+9ZR3JmIh+frnimH7zUIcNmhuGNWZiuhVQ3altpmt7hJVJBU9RWm9iZrEFAcgZFY5BUkHqKBnp1mqy6T9pVhuEZMidvrXmty3mXEj/AN5ia2bDXpbbSprQt94YXIrEflqbYhvaikFOA5pDFxjFTwKCcGmBcp05xVyxTeSG9KBXJhblVjHvniuu0cMtmJ2I2RNkA/xGsIwgxwqPvZPHrXVtAIPDNtEi4lnlPzY6j0oRSOy+Hlqz6NLeuNrXExA967yxi82UuB+5U4HvjvWJ4d04QabbWirtW3Uficc11lsoWIYHFdEVoSyyMU9RzTVGKeKYC+ooxS+h/OjvQAAH1prDNPpKAGp1p8h/dn6U0DBolP7lvpQIx9Phe7We5e5nC+ayIit8oAq99j+Qf6RP/wB9VBoYxpCE/wATuf8Ax40axdT2enS3MEiKYlLYZc7q115rGOijdkc1rsOWmvTzjiSnJaPtOy4vNnqXyf1rMu7vU99jEjtK00bSyCNQpAx0BNOk1K4XR7aHzFku5suWcEBFB7479qvlZDkuxpC1kllAXUroHGR8q0zZOXUfb7nj/pmP1NUJ/EAtzYm2tzLDcRtJMQclAOpH41Zs9RuJPDcmpNtE2GKccYzgUuWSVwUostn7UhyNRYEf89IRzT2fUUbPmWTY7HKk1Um10JIY2ticCPIcbTuY4puo6sLa/nDQ5htwm4AcsW7j6Ucsm9g9pC2jNBb27QZmsWZe7QuH/TrT4tUtZG2mQxsOqyqUP61CdRsCsgMhjVWXkfxEjPGKsJGlzEjCVZ4T/eAIIqGu6Li30ZZDBhlSCPUdKWs1rOKPPlebbP2MTfKfwNAmv4AdvlXij+4dj/l0pcqexfO1ujRpKo2+rW08vlOzQzd45l2n/wCvV2k4tblKSewGqV822AseAKu5qpeRrNbyxtwGQjPpxSRRzNgF8+4uCdzyvj6AdBWvGc1yXh2SaJPsdw26eORkb35611sSM3yr17mkyiwHPReW9KtQW5X55OW7D0ot4FjXJ5NT7ucUCHZ/Onp95aYBT0+8KAMV/wA+B/Kq8gODhjVh+30H8qhfpUFGVf2sVxHtlUNjkZrkNYgMcUsWwOpyVxwR7V2lyBzxXO6omY2IHzc44qZIpM8gvrQvc3COuCi7sVyMy5uGzwBXo1xGJb++yNv7roeprib2xkjuH3KcMM1hsxy1RkZ5p33hmpJLd1UOR8pOPxqNDtfB6VZkdfoqedaKo6leKxde0x7O487bhH7ehrV8NOwkA3cKcYrV8T/Z2sXbaB2OfX2p9APPKcoJ6UrxvHjcpGemaapIPFIBSuKePuE0hbcOlSD/AFROO2KYhI2+UZFaWncu3HfNZIbA9u1aOnybZhuP8JJoE9DejQPdwKBja2RXeaDa/wBq6xbQlf8AR7NOM9C3UmuF00edLBJzgjPHrXr3gvS2W183G0upB9896cVdlo7Wyi8vcxGM1pRjjGPpVWFcJg8mri/KQPaugklApRSU6gBaSjNBNIBaM0mc0maAHVHMfkxTs02TlfxoEZ+n+eumQiNosZb7wP8AeNSPDcTDbJJFtPUCPOfzpLFo1sIwZEG3cOXHqasLd2oO03UOf98cVq73ehkrWRWdY4GzPflCq7ugXC1YyFyEu4ywAyJFBwD0/OsjWLS1v7pJv7Qt41VPLI3Z3AnkUv2FWlMq6hauHK71zjAUjH8qycql9jqjSoOKfPqXDbR20gZ5reAHIXCAdeo5q2sLND5aS28kZ/gKDB/KiVYL1UCSwttlVzlh0FU10qYLKyybmKuUCtnaxbIxRKck9jOFOm46uxLc2P2hpDNaxu7gKzLJjp0x6VEdOgggZpbaUjeJJJPM3MSOmc9q07aBoYEQ5JUYJPUnuabfEfZGH94hfzNXGbMpQWpkLYQwSma2lKyGbzVSdSoAIwRmpJDc2Xh2TJUTF8BlbjBPr6+9a1zKlvbPJIpZEHQDNVUS1m3i3l8sggOhHykntg0/adxKg+W8UVE1Y21jOZP9IeKQRRgEEyHGcZ71a/tCyENvPI3lmYZUAdPXOKjn0xSqD7FAxjyY9vABPU49aqG0MaiO0+aTa8flTfKVVjng98VXusz9+JuPFFOo8yNJAem4ZqpZKE8+NNxRZSFBOcCrUKeRbxqT/q0AJ+gqpprN9iWQnBkZnP4ms+hsviRdPyR5P3m6A9hWbfziKBiT2q+7FuT1rG1OMXF1FAThCNzfSpRoYfh/TVe9vNQLOzSykDPRQPSushRUHAwKhgjVEVUUKijAA7VMW7DpQMmL+lOSoAanXigCQU9PvD60ynr94UCMZ+v4D+VQvU0g5/AfyqFzUFlOfkVg6kuVIrfnHymsa9XOc0mUeeapaGC+aQDO9SuDVK40hbsrCABI8GY+xLDtW54iBjgaReGU7h+HNXk06PUILa5RjG/lh42UdM9qxki0zx/ULCW3Lo6lc/eVuxrPazY/wjdXq+veHWuombrLj5iB96vNNRs7uwmaN0ZQOgPpUpkyiR2c0trMqo+GB+XNdlpmnJqy/bbhxIYzjyR/CfcV560jbgxzkVuaXrrQSAszLJ0aRTgkVotNzM63UPD0V6uyRFVhlnIH3QBwK4jWNBm0xxjLKRXplhr638CRzwKsZABljHGBzzTdZSznDTAK8EYG4Z5dj0Aoa7DsePDKnkVIMhTjmtPWNOnhujJKgXf82wfwjtWcoZDz0pEMhPcVZsz+8J9BT/KSYdg1WrCzEkhwfagNzrPDFo8stui4BBABYete96XZLa2sSRLwFAH5V554G0I/Y7lpIzv2rs45BFer20WIkHXaBmtaaKY+JchQPrVgKM0nl4JIPP8AKpFXAxkn61qSAHrTgKMYApRSAQikxS96KAEx+dFLikoAKY6kjj60+kNAFF9JspJN7WsO7r92npptugKrHGEPVdgINWqUVXM+4uVdit/Z1uduI41K/dKoARTn0y2lA82NHI/iKDNWR608UuZhyopSaTayrtkijYdvlxj8qYdGt8DauwjoY2KmtEUtNTa6i5F2M0adNESYrm5B7HzM4/A0yWPUcKJLiKWNSGG6LByPpWriijmYuRGXPfSSW7RXVlOgfq8PzrVR0kvG3Qyws6SCQrna2B90Y9a3iqnqPy4qpcabb3BDSRJI46M3UfiKTUZbmlOpOn8Oo2wVw905WRVaTKq/UHHNLcTRG3RrmBwrNt5HKH1z2qv5V7aN/o8jEdopjlMezdR+NQXs8k/lJcH7E4OQjkNHKRyBnsaOVpe6LnjOfv6IszyMljK8Fws0JHljd95SeOD3qzHH5UMcY6KoWqawssNnBLt3vIZpNpyOOavE5NF3ZXFypTdthax7ls6yo/6ZH+da/aseYZ1w+0P9aCi6DtWkDZqNmzT060gLCjipQcCogcVIpzQBKKkX7w+tMHSnp94fWgRkS8nHsP5VVLZyDwRWi8KnByeQP5VA8CdeahlozphkGsi7HWuheBCp5NZ11axsOrUDPOfFgI06Yjrjit7Rbcw6RZxN1ESg/lVbxJYxSW4Us+C69x6109tZxKqgFsACoaBGbPAOuMjvWHrHhm01aDY6ANjhx1rtXtI9uctUC2UQdkBbaRuxms3FF3PAtc8GXWnOxjRmQen865d7eSNypBBHrX0/d6XbTRFXDEVxniHwnpU1oZGiYPkjcpA/pU3aE4pnkVjez27fK5HbAPFdRp9wWPnXEfmBeQFJxn6VXk0C0S38wPNuDY+8P8Ku6fZLGoxLKQD0JH+FFxWsQXkTanIbiaPbnn0AHYVz2o2JimULlmIzgCvWbDS7eS1bzC7bU3DJHX8qoaloNmXgjJkxMcucjJx2zjpVpCaueZW+mzyneEKqMbm7A12fh7w5cXEsE7QEwq4xx97nk13kfhvTlltrMRsIAFOwEck9zxXb6ZollbWapGjABhjmqSFaxDoOni1Z0iyc88j15rookxn64NLFaxLJgAj6VYESgkZOD61stCCMLyPanYqcRLtPXpQYlBI5p3Agoqby196PKXPei4ENJU3lr70eWvvQBFSGp/KX3pDEvvSuBDSGp/KXnrTWjX3ouMgpR0qTy196Xyl96LgNHSnAVIsSkd6cIl96BEdFS+WPejYPemBHSVN5a+9Hlj3ouBDRUnlj3pfLX3oAiPzHgVBJbRvuyi5bhgwyD+FXTEu3vSNEu1etFwsZVtp0drOZEDrxgLuyg+melWivFWGQe9NaNR60277gkloiuelY0p/4nEh9IwP1reaNfesJ4l/tibk/cFJsZMDmpo/WkSFfU1MIlA6mgYgOTViNeaZHCuepq2sS470CGCnKfnFPEa570ojG4detIR//2Q==', '2020-2025', 'Nữ', 'Kinh', 'Không', '', '206327412', NULL, 'Khu vực 3', 'DCT120', 'Đại học chính quy', '', '', '', '', '', '', '', '', 'DHSG', 'ĐH Sài Gòn', NULL, 3.19);
INSERT INTO `user` (`userId`, `fullname`, `dateOfBirth`, `placeOfBirth`, `phone`, `email`, `isStudent`, `class`, `stillStudy`, `firstAcademicYear`, `lastAcademicYear`, `isActive`, `createDate`, `lastModifyDate`, `facultyId`, `majorId`, `accountId`, `createUserId`, `lastModifyUserId`, `avatar`, `nien_khoa`, `sex`, `dan_toc`, `ton_giao`, `quoc_tich`, `cccd`, `ho_khau_thuong_tru`, `khu_vuc`, `khoi`, `bac_he_dao_tao`, `ma_cvht`, `ho_ten_cvht`, `email_cvht`, `dien_thoai_cvht`, `ma_cvht_ng2`, `ho_ten_cvht_ng2`, `email_cvht_ng2`, `dien_thoai_cvht_ng2`, `ma_truong`, `ten_truong`, `hoc_vi`, `GPA`) VALUES
('3121410092', 'Lê Viết Chương', '2003-07-05 07:00:00', 'Quảng Nam', '0373827715', 'chuongle.nt1@gmail.com', 1, 'DCT1213', 1, 2021, 2025, 1, '2024-09-26 00:38:54.967000', '2024-10-16 22:56:19.910000', 'CNTT', 'KTPM', 'af70a02b-a9f5-48d8-b11e-fcf384e0249c', NULL, NULL, '/9j/4AAQSkZJRgABAQEAYABgAAD/2wBDAAgGBgcGBQgHBwcJCQgKDBQNDAsLDBkSEw8UHRofHh0aHBwgJC4nICIsIxwcKDcpLDAxNDQ0Hyc5PTgyPC4zNDL/2wBDAQkJCQwLDBgNDRgyIRwhMjIyMjIyMjIyMjIyMjIyMjIyMjIyMjIyMjIyMjIyMjIyMjIyMjIyMjIyMjIyMjIyMjL/wAARCAHYAWIDASIAAhEBAxEB/8QAHwAAAQUBAQEBAQEAAAAAAAAAAAECAwQFBgcICQoL/8QAtRAAAgEDAwIEAwUFBAQAAAF9AQIDAAQRBRIhMUEGE1FhByJxFDKBkaEII0KxwRVS0fAkM2JyggkKFhcYGRolJicoKSo0NTY3ODk6Q0RFRkdISUpTVFVWV1hZWmNkZWZnaGlqc3R1dnd4eXqDhIWGh4iJipKTlJWWl5iZmqKjpKWmp6ipqrKztLW2t7i5usLDxMXGx8jJytLT1NXW19jZ2uHi4+Tl5ufo6erx8vP09fb3+Pn6/8QAHwEAAwEBAQEBAQEBAQAAAAAAAAECAwQFBgcICQoL/8QAtREAAgECBAQDBAcFBAQAAQJ3AAECAxEEBSExBhJBUQdhcRMiMoEIFEKRobHBCSMzUvAVYnLRChYkNOEl8RcYGRomJygpKjU2Nzg5OkNERUZHSElKU1RVVldYWVpjZGVmZ2hpanN0dXZ3eHl6goOEhYaHiImKkpOUlZaXmJmaoqOkpaanqKmqsrO0tba3uLm6wsPExcbHyMnK0tPU1dbX2Nna4uPk5ebn6Onq8vP09fb3+Pn6/9oADAMBAAIRAxEAPwC5NNJ5z/O3X1qPzpf77fnRN/rn+tNxX3KSsflzbuO86X++350vnS/32/OmUUWQrsf50n99vzpfOl/56N+dR4oosguyTzpf77fnR50v99vzplFFkK7JPOl/vt+dHnS/32/Oos0Zosgux5ml/vt+dHnSf89G/OmZpKLId2P86X/no350vnS/89G/Oo6KdkF2P86T++350edJ/wA9G/OmUhosgux/nS/89G/Ojzpf+ejfnUdFFkO7JPOl/wCejfnR50v/AD0b86joosguyTzpf+ejfnSefL/z0b86ZSGiyHdknnS/89G/Ojzpf+ejfnTKKLILsf50v/PRvzpPPl/56N+dM60Y4osgux/ny/8APRvzo86X/no351HRRZBdknnS/wDPRvzo8+X/AJ6N+dR0Zoshpsk8+X/no350hml/56N+dR5ozRZDuyTzpf8Ano350edL/fb86ZRRYLsk8+X/AJ6N+dHnS/8APRvzqKjNKyC7JfOl/wCejfnR50v/AD0b86jop2QXY/zpf+ejfnR50v8Az0b86ZRRZBdknnS/89G/Ok8+X/no350yilYV2P8APl/56N+dHnS/89G/OmUUWQXZL50v/PRvzoplFVZCuyab/XP9ajqWb/XP9ajqVsS9woooxTEGaKKKYC0UlFIApKWkoAKKKKACiim96YDqaaXNIaBhRRRTGJRSUUgDNFLSUAFFFFIAooooAKKKKdgCiikoKQUlLSUAFKMUlFAxaMelJSjpQIWiiigAooooAKKDSUgFooooAdRRRTJJ5v8AXP8AWmVJN/rn+tR1K2Je4mOaWiimISgcmlpAKACloopgJR2paSkMSiiigBDSUuaSmhhRRSE0xhmkzUc88NtGZJ5FjUDOWOK5y98ZWURZbcGUjuO9ZzqQh8TsdFDC1a3wRudMSAMk4qFrmJSQWzjrivPbvxNe3JOxhEp9OTWXJqFxn5rmVj/vGuOeY0o7anr0sjqSV5ux6mb6Id/1FJ/aNuOrY9TXlP2+Ufxt+Jo/tC4zxKwz71l/alPsb/2B/ePW4rmGb/VyK30NTHrXjgv7hG3JO4b1DVet/FWs2vC3RdPRxmnHNKTeqM6nD9T7El8z1WiuEs/Hhyou4z7kDiuytL23vrdZ7eRXQjnB6V2069Or8DueVicDXw/8RaFmjIpvFFbHILRSUtACUtFFIBKKKKYBSjpSUuaAFopM+1FMBaKDSc0gCiiikAUtJS0AOooopkk83+uf60ypJv8AXP8AWo6lbEvcKKKKYgooooAKSlpKADmiiimMSiikzSASikJxUU9zHb27TzOEjUZYk9Kd7Fxi5OyJGIALEgAdSTwK5jVvGVnZForMfaJhxu/hFc/4k8WnUN1tbEx2wPPq9crJOGY7F2j0rx8Xmaj7tP7z6fL8kTXPiPuL+paxealN5l5MWBOQg4A/Cqn2sKuFT86rblPXrSEivEnXnJ3bPpYUYRXKlZE5umY5OPwpPPb1qvUiso7ZqOdsvlSJFlYdDwSDik3tnJNNLjtTS1F2Fh/mY6CkLseKYKWpux2QpJ9asWGqXWmSbreQqCeVzward6a1XCrKnLmi7MUoRmuWSujpYvHF+n3o0bHqa1LX4g/OBcWh299jdK4M0Kea645liE/iOKplWFmtYHs2na/p2pqPs9woc9Y3ODWnnjNeHwt84IYq3ZgeRXW6P4qurFkhvMyxdm7gV6mGzONR2qKx4OMyJw96i7+TPQ6KrWmoWt9H5lrMsg9O4/CrNeqmpK6PnpQlB2krMWiiimSJRS0lIApaSimMXFFFFDAM0lLSUhC5ooxRQA+iiimSTzf65/rTKfN/rn+tMqVsS9wooopiCiiimAUlLSUDEooooASkNLSHOcUDRFcTxW1u887hIkGWY15f4k8Qy6vcbEJS2Q4RM9fc1o+OdZae9GmxEiGE5cf3mrjiSa8PMcY2/ZQPsMny2NOCr1N3t5DGB3EHOe9NIp5OTzTCa8OTPokJiilDjo3SniF2YLGpcscAKMk1JRHkUZ9KTqaAKAHUUfjRQAtLScmnBcngUCALnmmkEnirJAWLAOWJ6elM3pEnHLd6AKpGDzScZpWOSfekpXKsPU4PWtCKTzItrc/0rNqeCTa1aQlYicbl63vbrS7pbi3kIKnPsfrXpWgeIYNatxyEuFHzJ6+4rzT7y9Mg9qW1lksblLm3YqynPBr0sHjJUZWfwnlY/L4YqHaS2Z7JRWTomsxatbBgQJgPmX1rVzX0cZKSuj4mrSlSm4SWqHUUUUzMSiiimhhRS4oxTAKSilpAJS0UCkIfRRRTJJ5v9c/1plPm/wBc/wBaZUrYl7hRRSd6oQc5ooooGFFFFACfSilpKAEqK4mW3glnc4WNC5P0qU1h+LJzD4buQDjzCEzUTlyxcjfDU/aVYw7s8rurhru7muJDlpHLfnUGaVsdPSoz1r46pJuTbP0qEUlZAx5ph5PNONNNY3NENNOjleJ1eN2VlOVZTgg+1NpKm5VicOjg7uG9R3pCBng5qHmjmi4WJgKXFRZPrRuPrRcLE36U9JwgZSiurDkH+h7VWBJ4qVEycCncViTLSHgYHYCmtGd2O5q1BH82BySa0YNPAcuwJbt7e9G4WMUwNjkVC0ZB6YrtY9FMkAYAlu+O4qvP4dkaNiqD5e1IvkZyGKepwat3Nk8LMCpGKp45oTJaL0cqBRk/lS7wWzkfWqHQ1IrkVqpmbgbOnX0mn3SzQk4z8wzXqGn3kd/Zx3CEHI+YDsa8hicY4OTXVeE9SFpf/Z5GPkz8AnoDXtZbimn7OWzPAzjAqrD2kd0d+KKTpRXuHx4oFGKM0daoYtJilooEJSUtLSASig0UgH0UUUySeb/XP9aZT5v9c/1plStiXuFJS0VQhKDS0lABRS0lAxKKWkpAIelcV8Qrzba2lmpGXJkb+ldrXl/je6Fx4hkUcCFBHXHmE+Sg7dT2Mkpe0xab6anLmmmnGm18o9z7tDaaadSYzUloSkpSOKD165qShtKKMUYpALRRR+FAxwqxEMnFQZyfwq5ZwtLJkD5R1NFwUWzb0u03lQqkkjtXQaZpclzdOFQnyzk8dhUOi26W1p9qkyEOUViPvn2Fd/4e0kw2zSyR7ZZRkr/dHpS5tNDX2dtyGx0iMQu7ICemMVINFQrJ8vf074rfs7c7JTjqpAHvV62hBj4Gd3OamN2KUrHleseFxMjOkfzjr6V5vqVg9pOyMuCDX0jNpwaNhjjdmvN/HPh35DdRJjacEAdKLtbi0keTUCnOpVip6g0ytEYliHO7irqXDW7pJyNpBGKzUcowNTNPvXGK3pzcXdGU4KSsz2ixukvrC3u0+7KgIqeuY8CXLTeH2jb/AJYzFV57EZrp6+xoz9pTU+5+d4uj7GvKn2YtH0ooAxWpzC0UUUgCiiigBKXFFFIB1FFFMknm/wBc/wBaZT5v9c/1plStiXuFFFFMQlLSUtMAoopKACilpKBkckgijeVvuopY/hXi2p3RvL+4uCc+Y5b8K9V8TTtb6DdyIcHYRx714+QeBXi5vPSMD6vh2ilGVX5DKSnMpAzTK8Fn1CCkzjoaU02pLQU2lo7VJQUUUVIwpwGabUyL360DFVOa17JdzpBEhdiRkKOSag03T2vrkLkrGPvEDn8K9O0XwwLSBHijETHn5jlmHqT2rKcuhvTg92S+GvD07TQXN64byxiKAfdi/wATXoa24iticD5RgAVmadG8ZVfJYYHUdDW9bxO+3euEXsf4qqCuhVZEcEAES8YLckVahiKAgDoMCrCxjjinqnzcVtGBySmVmt/3fTmsHXNNWe2fK5B611m32qrcwB1ORxjpTlC6FGdmfLXijTTYatInY88Vg969X+KeifZtl2i4QnGfSvKiDms4bWNZ73G80UtFaozZ33w5nOy/gJ67XHNdzXnvw7gdr68uMfu1jCk9smvQhX1uXtvDxufCZ0ksZK3l+QopabTq7TyQooopAFFFFArhRRRSAdRRRTJJ5v8AXP8AWmU+b/XP9aZUrYT3CiiimIKKKKACiiigApDS0UAZfiCA3Ph+9iVdzeWSB9K8dYEEEcV7oyggg8gjBHrXnnifwy1nI15bKTbseQOq15eZYeVRKceh9JkWNhTvRn12OLbrzTSpzxVl0IOCMc0nktwBg9xivnnE+uUiqelIRU7x7WwR2zTXRQTtOV7ZrNmiZDjNJipcd6COKkpMixRin4oCknikUhYo97YrpbHQwlg15cKyooyPf0qLQtOikYSTn5BzXa6VaDXtRjkYFLK2IO3tIR04rCc+iOulSVuZlvwp4X8q2gmkUrNJ+8l44XPRfyrvo7VVA7ADGKdZ2yRxKFGMdfrV5Ux2pJdSZSvoPs4lVu3Aq9VBZBGck4xWPqXjGw00lS5kcdkraM0tzCUJSeh1asSKmQjGK8xf4m4YiPTHcdiGrS0jx8mo3CxiznR+4OK1jUiZyoTR6Bxio3FVYrxZo9+Nue3pThcKx9q0bMLM5fxxog1bQLiLGZApZeK+aZ4mimeNgQykgg19d3aCSJgRkEYr5m8c6aumeKruFVwjnzF/GsXpL1Nou8TmKMUuKKtEs9V8GWsVv4at5Y/vXGXc+pBIroKyPDERi8L6cjDB8st+ZJrXr7TDq1KK8j86x0nLEzfmxRS0UVscgUUUUhXCiiigQUUUUgHUUUUxFib/AFz/AO9UdSzD98/1qPFSthPcSinUhpiEpR9KWigApKWigQmOaMUtFIY2mSRpLG0bqGRhggipMUhFA02tTzTxJpH2C/IVMROpZGFWfDOhQ6zLIpU5RNze1dZ4gsftulSbTiSL5lP86s/DC0QS3zgZG0AcZ9K+dzGj7Od1sz7jJ8V9YpJS3WhwWteFL6ykYG3cqV3AqM5rn/skg3eYm3PqMV9N3FnHJ8zICwGAfSvPvEfhNZcvCNmP+Wa/xfSvKlJJantxi27I8fMIDdM/QdaY0XHTHPGa7C98LXNvGW2pGueS56fjUNv4b8xl3Stk8thCcVDnE1VORypgPAx1q5baW0nJBA9cV2UPhyzhQNIr7hn76EZq+mkKqhlTP9a5p1ex2U8Ot2cxBYTLsiiJ3NxkdPrXo/h+2ihghihB2pjc399qy7bTAj7thXjGR6V1mk2vlhVUcDpXPzOTN5WjE3LcEj0qdgVFS28OQOKsvbZWupRbRwuavYwblTIGUkiuevNFt5yxccZrqbyPYc1kzEdM1z1G0zop6oxF0SzAwYQR2yKt22kW0EokT5HHIK1cUwqfncD61o28VnL0k59cGlBybKnohsHmfKS5IzxWzCjNHg1XjtE25jcMBVyDg4rupyfU4ai7EqglNp5xXh3xisDDq9ldBeJYypwPQ17tgV5j8ZLVZNJsZCDkTFQfqK1krmMWeEkVp6Hos+s36wxo3kg/vJOyitLQvC02rXPmTZis0PzOeC3sK9JtraCzgWG2hWKNRwqivWwOXuo1Opt+Z4mZ5vDDp06esvyHpGkUSRRjEaKFUegFOpaWvo0fGNtu7CiiigQUUUUiQooooAKKKKAHUUUU7CLM3+uf60ypJh++f61H2qVsS9wooooEFFFFABRRS0AJRS0UAJR2opD0oBM6O/8AD9teaUY7T92dmA3fPvWJ8P8AT5dNutStpvvq2Ca6DSY3/tIzIxWKW1QyLnIZh3q3p9osGoXsoHErAjivj61Wbm4yd9T9Nw1ClTpRlBWukXyuRyO1Yuqxny2Krk4roNvFQzQK/wB4A1yzjc64Ss7nlWqXr2EoWOxa5u5fuNMfkHpXN63J4jtfs82ou8UVz91YCAOB04717XPZQlT5kKMP9pc1k6joVrfWbW8wPknkoeQp7Y9KiKUdzWTc9jxeLWNURmb7XdFsYQhweT0yD1rsr7T9W0SK2uZJUuvNRTIUAVlOOhFbdv4M0e0mWVI3eReQzsTituLTo3ZWaLeRzluaiq4y0SNKXNB3bKenW0F9Yw3sKkRyrkAjofeti1t/LwAAM1YjtNqgBQB6AYFWEh29qzjTsxzqFu3HAq2elQ268dKsFa7YrQ45PUyL+38wE1xWvXU8F4mm6fA0166hixOFjX1zXo0sQYcise+sFY7niWTjHI5rlrUne6OqhWS0Z414vk1zw3cW6HUHMd1DvWSEADfnkZPPFZWi+KfE8mo21nYardm6uJhGqth1wfY165f6JYahCILy0SaIHcqyc7T6j0o0PwjoukXpu7GxSG427RISWK+uM9KUOXaxU3Le5SPiPWdFulsvEumpPGzBY7+wHX6rXWWN1HcKGjk3r2yMEfWrcVrCeWRXb1IzVpbWLIIQKfat1Td7pnPKrG1raigfLXEfEnT21DQrVFBytyvQevFd5twvtWbqdutxAqsOBIGrWWiMYvU5rTPDdppNmsuoyReTBF8xcYVQB3rM1SO0E0M9jkWtzEJUUjpzius8Q2yXvhvUInj34i3Y9cVy2qr5Y0+IdFtEx+NepldepPEcsndWPFz3C0I4P2kY2lcz6KKK+lPiwooopAFFFFIkKKKKACiiigB1FFFUSWpv9c/1plPm/wBc/wBaaMd849qzWxL3EopTjPGce9JTASiiigAoopDQAvY0UmaSgdh1FJS0AddpjAaVBKf+eQUn6VYsZVlkkZTkcVQ0j99oCrn7pdf1/wDr1JoybDI2eDxzXx2KXLiJLzP07Lmp4GEvJG8BS7c0idKk7VibEDxZHSq5s15PrV44NJik4plKTRn/AGJQeFFSpaqtWiKbU8qQ+dkfljgdhSlRTjQBuqrIVyaEcVORUcQqYitUtDKT1I8cVE6gjBFTVFIec0mCKb2aMegoSzQdMirPenris+SJpzyGxwKoqcKKQYxTx0rRIyk2MYcVnXr+Xbs/UKcmtF+lZ96nmW7oO9KexVP4kVIbhbmOVD0aMg/lXKa8Nt7Amc7LZF/nXQ6WD++44ANc74g/5DUo/uog/wDHa78lTdbmfY8riVqOGUV3Myiik59a+oPhhaKKKBhRSGlFIVgopaSmIKKKKB2HUUUUXJLU+fOf61H+NSTH98/1qOoWxD3ClpKKYBRSUUDFpD+VA9KMUAIKWjFJQAtFFLQB0Hhu4zHPan+E+avuDwa2GVbctJjKMe3Y1xtndNY3cVyvPln5h6r3Fd46xSWwwN0bgMpHcHpXzmaUHGrzrqfb8PYxToexe8fyFTa6DvU+6qsfy8AnA6VKCa8w90mzS0xelPHNADaaxwKlxTStKwyuMs3tU4ZBxkVQv7g2kLuoBYDKg8AmuJtdS8bT6msrJZLZbsspUY2/zrNzUXY1hSc1dHpSEetTbgR1rn4tTDLkkK3dc1ZS9ZkOwqXx8m48Z9/arVVESos1G56VWMhN28JTG1A4b1zXIxzeM0vlkurixWHzP9VGmQV+vWuzhJkQFu9OM1LYU6TgtyP5t3QbcdTTxxUnl03aRV2M7ig8Uoemc0UIkcxyOtUJ5WacwRjkryfSrhNQxxKHaTHzGhq44tR1KcSJCn2deP4pHPYVwl9cfbL+4uB92RyV+nQfpXW+JbwWVj9mjOJrrIPsnc/j0ri/pXu5Rh+SLqPqfKcQYxVaiox6b+olFFFeyfOBRRRSAKWkopgLSUUUgCiiigaHUUUVQizMP37/AFplSzD98/1qOs1sZvcKKKKAGjOelLS0lAXCilxSYphcKSlooASloop2GFdFoWsxxxLY3bbQpxDIemP7p/xrnaT27VhXoRrQ5ZHRhcVUwtRVKZ6Iww1KAc9sfrXHaTq1xaXUMLyF7VmCFG5257iuz6Nj0r5nFYWWHlZ9T7vLswhjIOSVmtx4FSAUxaeK5bHoXHCg0maaWpgQ3MCyrggYxVD7DHGOFxWizZFMIz71lJJs2jJrQypLRG7DFWbOBACMfSnSLjgc1ParkdOaiMdTSTfKS/ZkznmrMQ2jFMHHanqa6Ekjlk2yYimkUocUpI7VdjMhI5ptSNUZ60rAhrcGmSzQ20DzTOEiQZZj/nrVXV702GmzXIClwAEDdCxNcJeajeX5H2qdpADkL0UfQV3YTBSr+9sjycxzSGF9xK8hdUv31K/kunBUN8qL/dUdBVOiivpIQUIqK2R8ZOcpycpbsSilxSVRAUUUUAFFHaigAooooAKKXFJQMdRRRTJLsw/fP9aZt5qWX/XP9aZWa2Mm9RuBSECnN7U2mIMUYpcUYoC4lNNOo60DuMopdpz2oK0yhKKKKYBSUUUDDHGPWu60u7F3p0E38WNr/wC8ODXC5re8M3gSeSzY8S/PH9R1rzsyo+0o3W6PYyTFewxKi9paHWA06oQ1O318wz7xIc7YFVZJ8HuadJJWNqNlPfAxpMYlI+8vWs5S7G1OKb1Ll3q9rYW5muZVQDpk8n6VzN944gcfuLhYo84JH3jTY/B0O8m9nkuPdmzxV/8A4R7RVXZ9jiY+rdahczO2nCjHfUx08V7mUi+bafepP+EoVCJGvieMjB6Vpr4d0kcDT4v1qxFo2mQgKtnCPbbQoS7m7nR7Edh47tDtium3Aj/WL1H1ro7fUrW8hEttOk0Z6FTms1dP0+RAhs4CB22Cmv4espE2wRfZsnO6ElTWic0cVWNF7KxuRzgnqKshsisCy06Wwk2+c8qdi5ya2Y24q4Sb3OOpCKehMTxUZ60pPFJySAOprQxehy/jC5xHbWgPLEyMPp0rk60tdvBe6vPKvKKfLT6D/wCvWZX1eDp+zopH5/mFf2+JlNbAaSlorqOMMUUUUAFJS0lAC5pKKKAClpKXNIYUlLSUAOooopkl+b/XP9aZUkwPnN9aZj3rJbGDeomKTBp2KKYXEGPxpGo6U3NAxM0ZpO9JVFD8+9IetJSU7AGDngUUuT60lAxKWkooGFTWbGO/t3U4IlXn8aip8H/H1AT/AM9V/mKiovcZVN2mmegdGI96DmlkBEh+tNzxXxc9z9Rh8KGEZpu3A4p9FYM2RWm4rMuY2fOAcjmtsx7uKjNtuPIFS0+htCfKctJ9rU7hnHseakgN5I4JVtvpmukFmnXFSLZp2GPcVKhI2eIVipa54/lWnF93pTFtQOlThePpW0E1uclSSkJ1pyijFKK1Rgx1Zuu3rWOkzSR58xsRqfTPetHNY3ilc6C59JU/nXThUnWin3ODMJSjhpuO9jhscetNNPpp619cj89TEpaKKYxMUUtJQAlFBopAFFFFABRRRQMWiiigBaKKKZJpy4858etM70+bPnP9aiz7GsVsc73FHemnGaXJo5piG+2KaalJ/PvTGpopMipKcaSqTLEopaSmMKKKKACkpaKAEFSQjNzD/wBdF/mKjFS2wzeW4x1lUfqKifwsuHxo9Dl+8frUB4PNWX+8frULrk9K+Jk9T9Sp/Chg5pRUeSOlL5gI6VDNCUdaU/Wo9/y+9RtLjqam40ifeBTlkzVEzc09JOetLmKcTRVqfmqqTDHFSCX8a1TMmiQ0maY0g4pF5Oaq5DRKoJrM8RoX8P3QHba35GtVQcUjojoySgNGwKsD3BrajPkmpdjlxdJ1aMoLqjy6kq9qlg2m6jLanlR80beqHp/hVKvr4TU4qS6n51ODhJxluhuMUU6kPWrJQlFFJTGFJS0UAJRRRSAKKKKAFpKKKBjqKKKZJpy/69/rUeP0p8xPnt9aZkg+tYrY53uIT0pM80dqO4NMA/GgjK9aPWgEd6Yxm3imkVJxSY5oGMxSYp5xjikxVJjuMope9FMoSiijGaACui8L2AZ5NRmX5I/kiz3bufwrN0jSpdWvhCmRGvMr/wB0f412WoiKxk0ewgURxyzlQo9Aua8rMcWoRdOO7PcybAOvVVSS91fiWKY44qQjmmnrXzLPuloVnTHIqB19M5q4VqNlBrNmiKDSOhPGfaojOOhNaDRqeoqpNbqV49elJlorCcc8jGOKcLhfpUbWpJzT0tO/pU3L0J45zwBmrSCR+nHrSQW4HJFXUUKOKuNzKTQkce0c9fWpgopBSitUYseKR+ValqOZ9kMjngKpJqrk2uZ+vaO2q6ZHPbrm6gXKj++vcVwJBBIIII4IPUV6vpzb7GFh3QEVjeIPDMeobrq02x3WOVxhZPr7+9e1gcZ7Nck9vyPlc1y51JOrS36o4CkNPdHjkaN0KSKcMrDkGm17qaauj5lpp2YmKQ06kNMENooopjEopaKQxKKKKBBRRRQMdRRRTJNOb/XP9ajp0v8Arm+tJ0JxWK2OZ7hj2H0NMOehp5OQaaVO0MenrTTBCYGODQwAHWkGc0Z4xTGAHPWgHj3pfam0FAaSloFMBpptSojyyLHGjPI3RVGSa6Kw8HXM+HvZPs6f3F5b/wCtWNXEU6SvNnTQw1Wu7U43OY5JAAJJ6ADJrc0vwve3zK86tbQHuw+Y/Qdq7Sx0Wx09R9ngUP3duWP41oKuDXl1szlJWpqx7uGyRJ3rO/kVNP0230y1FvbptUcknksfUmuS8a3Jt/GPhJc/L5srEfgBXdV518Tk8vVPDt1g/JK4LDt0NeRUk3q9z6XCU4wmoxWh1ucikNVrK4E9ujZ6j1qwa5z0GrCNUZFPPpTSKloERlaiccE1ORUb4FQ0WmVqkQDPSmMp7DNOj7571JZaTpipFNRIDUyjitEYsfSikFFWSOrN16bytFvMHDGMqp9zWgWwK5zxLcM1kbdeXlZUH4kUpPQqnG8jqdJUpplqjfeWFAfyq9ioLVdsSr/dUCrFdi0R5s9ZMw9Z8N2urt5xYw3OMeYnf6jvXGal4fv9MYmSIyw9pYxkfiOor06mkV10MZVpaJ3R5WKyyjX95aM8eAH+NLXpt7oGm3+TNbKrn/lpH8prnL3wTMhLWNyJR/clGD+depSzGlLSWh4dbKsRT1jqvI5PFJVu70+7sWIuraSLHcrkfmOKq9ea74zjJXizz5RlF2krDaKdikxVCuJRRRQMKSlooAWilxRTJNKUbbh8+tMJ5q1dJtmcEYOeh61VNc8XdHM3qJzT8gxHgbgf0pgGTQQQ3vVNXAbx2ptPZcYPrTapFINxPeilVGeQRopdz0CjJNblh4S1G7O6cC1i9W5Y/hWVSvTpK83Y3o4arWdqcbmCT0x1PQDqa3NL8LX1+Fkm/wBFgPdh8x+g7V12m+H7DTPmjj8ybvLJyfw9K1q8qvmcpaUlbzPoMJkaXvV38ihp+kWemR7LaIBj95zyzfjV7FLigV5bk5O7PfhTjCPLFWQlHelpKRYVxfxJthLpVjcFSRDcYOB03CuzrI8T2xu/Dl7EoBYJuXI7ilLY1oy5aiZzWgXYMSxjpgHHp7V0AbcoOa4rR5MIpPDdv8a6u3l3KGzn29a5kenUjrctdaMHFJn8KX8aDIaeDTG9KeTUbdaljRHjmlC4pSaM81NiyVBmpR0qFW9KkDVSM2SUhIxSbsVGze9VcVhJXAWuXuz9t8QafbE/KZwzY9ua2b+48uI4NY+gIbnxSshwViiZj7HoKUdZJGsfdg5HfwjA+tS0xBhafXazxxMUhx2wadTcAdABnk4FAhtLSHrS1QrCFQy7WAZT2I4rGvPCulXhJEBgc/xQnH6dK26KcZyg7xdjKpQp1FaaucPd+B7hMtZ3aSgdEkG1vzHFc7e6be6eQLq1ki/2iMr+Yr1mkZQ6lHUMp6qwyK7aeY1o/FqeZWyejPWGjPHSKbXot/4Q027JeENaSHvH938q5q98I6paBmjVLqMd4uG/I16dLMKNTRuzPIrZbiKXS68jn6KcyMjlHUq46qwwR+FNrsTT2OF6aMdRS4oqiTq9UszCVMjKRIcoEOcH0OfUd6x3QhiOOO1attqYif7PcsWtt2H7/L/PirupeHLtH+0wqs0EhyDHxgHpkV5EKzoy5KnyNp4R14Orh1e266r/AIBzO0+tLt4zmtG00i8vrgxQQnj7zt91f8a6/TPCllabXnH2iYc5YcA+wrStjadJb3Y8HlmIxTulZd2cRZ6RfXzAQWzsp6SN8q/nXRWfghRhr26Zv9iIYH512gUKm0AAduKiIIry6mY1Z6LRH0mHyPD0tZ+8ynZ6daaeoS1tlj45YDn8TVv60UVxttu7PVhTjBWirIKWkxS0FoSilxRxSGFIaKMUxMaabIgkiaNh8rKVP40+k7YoEeZyWjWN/JARjYcYJzxWzaSY61e8SWH71LxehGx+PyNZ0I2nFc0lZnqwnzwTNUNnnmn5GKqo/H0qYHIpCaHE0w06mZ4pMEJQPSk5xRUljwcU4HNRg04UIlofuqGWTANPJqnctkEE9PShgkZmoTM3CYOTzn071oeDbbEt5csoydsYPt1rMnBLH0rrPD1v9n0iPjl2L1pRjedxYmXLSt3NYUtFFdZ5IUhoo7UwENNGc9KdRQAUUUUwCiiigQlGKWikBR1DS7PU49l3AsmOj9GH0Nchqfgy6gzJYP8AaI+vltw4/oa72kxW9HEVaT9xnHiMDRr/ABLXueTnTb4HBsrgEdf3Zor1vt1ort/tWf8AKjzf7Dj/ADnlrAvcmNAzO7YCqMk16V4bhvrbTlg1B1Yj/VgclV9Ce9Q6ZolrpWTGu+duXlPU/T0Fai5HQ1yY3FKuuWK0R1ZTl0sJL2snq+nQs+SqD92oX2ApuPUU+Ny3B61JjNebd9T6LkjJXiV8cc01hxUzpxmosZ700zGUbENFOYYNNrRGYUUUUwDNHWm0ucdqLBcU8UUwydcfnUbSNjimk2K5MSB1IH1qH7TBnHnxg+m4VRuEaUckmsO9suoK8euK0jTv1GjprqFbu1ki671wCK5dYSpKN95Tg4rd0affbLauw8yHgH+8vanXmnJMzSINsh5PoaxnC7N6NXk0ZjD5WIqdduflzj3pHhaNirjDU1Rg4rBxsdl7rQmppGRingccjFBQetS0BCQfSk5qbZxmm7T6VNhpkYp1OC54707y8d6dgbIW4qlLkg1fZfSnW1h9pfc2REDyR3pqLbsgc1FXZQstLe7cs3EXc+tdTGixxpGowqjAFIkaqoVQAo6AVLiuuEFBHn1qrqPyIZbnynC7ckikW4Zv4R+dMmGZfpTeVGQpY+grVJWMSx5vtTg+RUGOetPWlZAS0tMHWnUhC0UUUAFFFFABRRRQAUUUhoAlHSikHSipESH71KKafv0o5NQaInibpVmqinB4qdG6Z6mspHTSlpYkqFxg1NTXXIpJmk43RWbpUZqRuKjrVHIxKQ9aXFJiqJYlITS0h5pkjTzTKfTaYiMr7VBNAsiEYHrVumletUpAYU8LxNiCRopcbkcDof8ACtTT71riJUnCJcgfMFPDe4pZ4A/OBkDis8RIZIzIvzRnKt3FW0pIq5sSwRzKFcfj6VlXFnJAcj5l7GtWCUSLzwakKhgQRwa55RvuawquD8jDjJYfMpFSbeKtzWwRsr92ozGQe3PPFZONjqU1LVEG2jaMc1KRz06UmKVirkOzmlxxT8UbSTgUWC4kVv5z47d601QKoVRgDimwxiOMDuetSV0QjZHFVqOTt0ACgnAzQzBRyahZy30q0rmQw8nNLijFLVAFPFNpwFDAcBTqQUtSIKKKKACiiigAooooAKKKM0APoooqQHt96lFI3WgGptoUh+eaerVFmlBqWiyyknHNSg1U704ORwec1DibQqdyWSPcCR1qs3Bq2jbh9KjkiH3l696Iu245wurorUUUVqcw2kpxptAhDSU40lMQ2jrS0YxTEMI9qryQBgcAdMVapMfrTTaAzwTE2MmrsU4cYbg0jxq3JxUAiKn6Vekirl/blcH0qpJD5ZyvSlWR1GM5qXzFPBHWsnEqMnHYonHX3pM4PBqaeLbll5FVsis2rHXGSkrhVi3i3Hew4HSo4YzI+OcDrV/btGB2qooyqztogqHzd0sig/KgGfrUpzt9Peq5CrkL36n1rVHMHWnCkUd6diqAKKWlxQAlPHSm08UgCloopCCiiikAUUUUwCiiigBD1pM4FBpCeKBD93FFNoosBO/3qaDzTn6/hUR4NQtiieimqcilpFIeppfbtTKXNTYZKjHPFWe1UgacHPqahxNYVLaMWWMq2R3qGpixJGc8eveo2GG6cVaIla90NptONNNUZhRRS00IbRTqTFAhpFNqSmkUwGmkIGKXFNJxTAbsxRszTgadTuBHjFVpbYscx9fSrhFAGKHqVGTjsNhj8qILnp1NDybR0yaVjnpUZGaEgbvqRlmY8mlVadtFOAxVXEAFLSgZoxikAlKBThRSEGBS0Z4pCwDBT1IyBSHYWiiigQUUlFMBaKKKACkpe1JQAU00pNNJzQhC0UUUxk7Hn8KjenM3z/lTW6VCQMdGakqCE8mps0mNMdRSdqKRVxwPI5x6igntSUZpWC4ufb8qXPFMPSj6Giw7i0hpc8UnamIb3paO9FMkKKKQ0AFIaWkNAhKbinUUwGlab8wqTtSHAouA3k9aO1KDmlp3ATHFNIp4zgZOTTaEAzFAp2KQdaoYUUrfdOKYCcc9aAH5ozTCaY7ELxRYCrqeoyWawiGMu0kgQsBwtV54RZ3BuHv2EsrZCuePwFTPEssbwuWCucnB70yHT4ZboSsxZo12ru52j2rKcJX0OylUpwh5lm1uJQoFwQST8pA61czUOVLbNv3OhqUdK0SsjklLmdx1FFFIkUUUdqSmAUUUlAAelRsaeTUTHmmgJO1FA6UUCHucPR1FE33/AMqaGIpdBsRfll+tT1XP38+9WB0pSAWlzSUYqChc0ZpKKAClpKWmAuaDnGPem0tIAxQevtgUZozQHQKKSimSFJS0lMBKKO9BoAM4qN2pxqPGaaQD4qkpkXAqSk9wG004p1NNNAN5oxS0UwCoyQOpA/GpKq/Juk3AFt/GaaAfuT++PzppZSPvCm7VEiqQMsCRgcU8FCdpAz9KoLlaRlXkHP0FRYD/ADKWXP4Ve8tD3pwjXFF0GpUgBD9Gx71dEg9DTdqg96XC4pMLMUyexpRJnoKYMHoKVcfNgdKVkBIDmlpqmlNIQdaKTrxSGmMKhblqmNVyfmpoZOOlFIOlFBJNL978qhzUsijdnvxUJpR2KA+uasq2VFVSeKmhOUHNKS0ETUU2ioAXNLTaKYDhRTRmlpAOopKKACjtRRRYdxaSlo60BYSg0dqKYhppKdSdqAGkUzBFSGmmmgFj6U/8aYlOzSYBTTTqaaaASiiimAVQYE3zqT8hGR9avZquyB5pV7lQRTjoJmc7zCRfvKV7Vb5IQ4wSaguLSaSRWEzjBq3DCUUb2LEDAJrRtWG3clwOuKcKT3yKQgbs7hUDHYOKOB3FI2CPvAVGVTvJQBJRn3pnmICOc0b09/yoESJ92nc01DxmnE0hCUUUUANqvnMnHrViqaSqJip45qolFwdO1FHGKKQrEz9fyqu9TOfm/CoX6UkMZmpYT1FVS3NTQNlqqS0At5ozTc80tZiFo70lFIY6lptBNAhc0U3NLmgB1LTRS5oAWjNNzzS5oGL1opmdrfWl+bzN287duNvbPrSAU9KSiimIO1RtT6jemgHR06o4+9Poe4BSGlpKAEpvIp9GKYhO1RtEGbcc5xipaKAIfJX3/Ol8lPSpaKLsCLykHal2r6CnY5pKYBtGOgpMD0FOzxikoGGKMe1FGaACiiigQlFJRQAGseEl7lif7xrXNZlum13z/eJq4lIv54oqHzKKYF587vwqNlJFFFZoCo6kN0p0LESr70UVp0AvAH0p+D6UUViIMH0owfSiii4Bg0YPpRRRcAwfSgA+lFFFwFxS4NFFIAwfSkwfSiikAmDmlGfSiimAYNLg+lFFACEH0qJwfSiimgEiBwalwfSiim9wDB9KaQaKKQCYNHPpRRTEHPpRz6UUUALRg0UUgDB9KaAc9KKKYAQc9KMH0ooouMMH0owfSiii4CYNJg0UUwDB9KTBx0oooAQg4rPPy596KKtDQc470UUVRR//2Q==', '2021-2026', 'Nam', 'Kinh', 'Không', '', '049203006974', NULL, 'Khu vực 2 nông thôn', 'DCT121', 'Đại học chính quy', '11556', 'Huỳnh Nguyễn Khắc Huy', 'hnkhuy@sgu.edu.vn', '0938915136', '', '', '', '', 'DHSG', 'ĐH Sài Gòn', NULL, 2.41);
INSERT INTO `user` (`userId`, `fullname`, `dateOfBirth`, `placeOfBirth`, `phone`, `email`, `isStudent`, `class`, `stillStudy`, `firstAcademicYear`, `lastAcademicYear`, `isActive`, `createDate`, `lastModifyDate`, `facultyId`, `majorId`, `accountId`, `createUserId`, `lastModifyUserId`, `avatar`, `nien_khoa`, `sex`, `dan_toc`, `ton_giao`, `quoc_tich`, `cccd`, `ho_khau_thuong_tru`, `khu_vuc`, `khoi`, `bac_he_dao_tao`, `ma_cvht`, `ho_ten_cvht`, `email_cvht`, `dien_thoai_cvht`, `ma_cvht_ng2`, `ho_ten_cvht_ng2`, `email_cvht_ng2`, `dien_thoai_cvht_ng2`, `ma_truong`, `ten_truong`, `hoc_vi`, `GPA`) VALUES
('3121410146', 'Nguyễn Thành Đạt', '2003-05-16 07:00:00', 'Quảng Ngãi', '0961198450', 'datnguyenthanh1605@gmail.com', 1, 'DCT1218', 1, 2021, 2025, 1, '2024-09-26 00:33:00.902000', '2024-10-16 22:56:19.931990', 'CNTT', 'KTPM', 'a2446627-9558-49e1-925b-5648992b1faf', NULL, NULL, '/9j/4AAQSkZJRgABAQEAYABgAAD/2wBDABALDA4MChAODQ4SERATGCgaGBYWGDEjJR0oOjM9PDkzODdASFxOQERXRTc4UG1RV19iZ2hnPk1xeXBkeFxlZ2P/2wBDARESEhgVGC8aGi9jQjhCY2NjY2NjY2NjY2NjY2NjY2NjY2NjY2NjY2NjY2NjY2NjY2NjY2NjY2NjY2NjY2NjY2P/wAARCAHXAWIDASIAAhEBAxEB/8QAHwAAAQUBAQEBAQEAAAAAAAAAAAECAwQFBgcICQoL/8QAtRAAAgEDAwIEAwUFBAQAAAF9AQIDAAQRBRIhMUEGE1FhByJxFDKBkaEII0KxwRVS0fAkM2JyggkKFhcYGRolJicoKSo0NTY3ODk6Q0RFRkdISUpTVFVWV1hZWmNkZWZnaGlqc3R1dnd4eXqDhIWGh4iJipKTlJWWl5iZmqKjpKWmp6ipqrKztLW2t7i5usLDxMXGx8jJytLT1NXW19jZ2uHi4+Tl5ufo6erx8vP09fb3+Pn6/8QAHwEAAwEBAQEBAQEBAQAAAAAAAAECAwQFBgcICQoL/8QAtREAAgECBAQDBAcFBAQAAQJ3AAECAxEEBSExBhJBUQdhcRMiMoEIFEKRobHBCSMzUvAVYnLRChYkNOEl8RcYGRomJygpKjU2Nzg5OkNERUZHSElKU1RVVldYWVpjZGVmZ2hpanN0dXZ3eHl6goOEhYaHiImKkpOUlZaXmJmaoqOkpaanqKmqsrO0tba3uLm6wsPExcbHyMnK0tPU1dbX2Nna4uPk5ebn6Onq8vP09fb3+Pn6/9oADAMBAAIRAxEAPwAuJ5RPIBK/3j3qP7RN/wA9X/Oi4/4+JP8AeNR176SsfNtu5J9om/56v+dH2ib/AJ6v+dR0U7IV2SfaJv8Anq/50faJv+er/nUdFFkF2SfaJv8Anq/50faJv+er/nUdFFkF2SfaJv8Anq/50faJv+er/nUdFFkF2SfaJv8Anq/50faJv+er/nUdFFkF2SfaJv8Anq/50faJv+er/nUdFFkF2SfaJv8Anq/50faJv+er/nUdFFkF2SfaJv8Anq/50faJv+er/nUdFFkF2SefN/z1f86PPm/56v8AnULSKvUio/tMefvCpbiikpPYtefN/wA9X/Ojz5v+er/nVT7VGP4qX7VEf4qXPArkn2LXnzf89X/Ojz5v+er/AJ1U+1RdmqRZFfoc01KL2E4yW5P583/PV/zo+0Tf89X/ADqPNFVZE3ZJ9om/56v+dH2ib/nq/wCdR0UWQrsk+0Tf89X/ADo+0Tf89X/Oo6KLILsk+0Tf89X/ADo+0Tf89X/Oo6KLILsk+0Tf89X/ADo+0Tf89X/Oo6KLILsk+0Tf89X/ADo+0Tf89X/Oo6KLILsk+0Tf89X/ADo+0Tf89X/Oo6KLILsk+0Tf89X/ADo+0Tf89X/Oo6KLILsk+0Tf89X/ADo+0Tf89X/Oo6KLILsk+0Tf89X/ADo+0Tf89X/Oo6KLILssieXA/eP+dFRjoKKdkTdiXH/HxJ/vGo6kuP8Aj4k/3jUdJbFPcKKKKBBRRRQAUUUUAFFFFABRRRQAUUUUAFNZ1XqarXd2sKnB5rHmvHkJG41zVcRGGiOujhZVNXsbEt9GnAOapzakSPlrLaQn603Oa45YqcjvhhIRLL3buetR+cxPWoqK53Ns6VCK2RIZWJzmgyNng1HSildj5UPErepqVLp0PDYqvigUKTQOKZfXUHHep01Qg8ismlya1Vea6mMsPTfQ6GG9STvg1ZDAjiuYSQqc5rRtb0rgMa6qWKvpI462DtrE16KbG4dcg06u9O55zVgooooEFFFFABRRRQAUUUUAFFFFABRRRQAUUUUASjoKKB0FFUSJcf8AHxJ/vGo6kuP+PiT/AHjUdSti3uFFFFAgooooAKKKKACiiigAooooAKhuZhDESTU3asXVLjc+0HgVjXqckLnRh6XtJ2KNxMZJCSai6ng0E5oArxm7u57qSSshMHrQKXFOxzSGNxmlxmnAU4KMc0AM2kc0oFTLET05qQQF+QKVx2Ku00FcHpV77GTjC/rQ1o5OADleDRcLFDGKKsPAQTgHAqArTuIbzTlbHSk9qTpTA1NPu9rBWPFbAIIyK5ZWKkHNbNhdhwEY16GGr/ZkeZi8P9uJoUUUV3nmhRRRQIKKKKACiiigAooooAKKKKACiiigCUdBRQOgoqiRLj/j4k/3jUdSXH/HxJ/vGo6lbFvcKKKKBBRRRQAUUUUAFFFFABRRRQBDdSCKFmrnJXLsWz3rW1iXCBKxhzXl4ud5W7HsYKnaHN3FI4pQOcUoOODVi3gaY/KuB6muM7iAJk8c1Klq7j5VNatvpy8F8k1p29rGvRazlUsWoXMCPSbhjgITnvUh0u5X/lkf511MaAdBUoFYuqzX2SOZttLkJBMbVfh09lbIU/l0rbRcHpUmKl1GylTRjSWjO6sw5H4VFPbbIsBeM81vbRnpSFARjHBpc4chyjWrYLMME9Paqs9qcYRfqa66SzRhwPwqvJZJt2gYrRVCHA4qWFkOO9QkEHBrqJ9JPOAD6VjXdi8RJxj3raM0zJxaM/kVLBKY3BBpjDFNFaJ2IaurHS2kwmiBzzU9YulzFZdpPBrar2aFTnhc8LEU/ZzsFFFFbHOFFFFABRRRQAUUUUAFFFFABRRRQBKOgooHQUVRIlx/x8Sf7xqOpLj/AI+JP941HUrYt7hRRRQIKKKKACiiigAooooAKKKKBmDq7ZuMelUFGat6mc3TVVUHIrxKzvNnv0FamixbQmSTp0rXt02jAqtYJhMnrWlGntXLOR1RRPCuTV2JarwirkYrnkzZIlVeKlVKRBU6rWZoNCU7bUgWlx7UARBaXbUu2gqaAIGFRuCRVkrUbrQBUdcjpVS4gSRcMua0GFROnHFUmQ0cfqtiLd8rkqazCK63VYQ8We/9K5uaAoT3xXXCV0c8o2ZFbOUlU+9dJGdyA+1cyo2yYro7Y5gX6V6mCe6PJx62ZLRRRXoHmBRRRQAUUUUAFFFFABRRRQAUUUUASjoKKB0FFUSJcf8AHxJ/vGo6kuP+PiT/AHjUdSti3uFFFFAgooooAKKKKACiiigAoPSikPQ0DRzl581y/wBajRckAVLcLm4f60+JOgrwaj95n0VP4UaFmMLjFaEQrPtxgDmtCHmuWZ0wLcQq3GKrR1ajrBmyLMa1YQCqynFTKw9akonFOApq9KcDQAowKUrkZqMse1KHNACMKjYcVITk01ulICu4qFulWH6VA4+WmgM28GV9qyJ7bqduR1zmtu5GVIPSs6VcZ78VvB6GE1qYEsWyXpxmty1/1C1SuoDjJx1q9bjEK/SvYwOtzx8fskSUUUV6R5QUUUUAFFFFABRRRQAUUUUAFFFFAEo6CigdBRVEiXH/AB8Sf7xqOpLj/j4k/wB41HUrYt7hRRRQIKKKKACiiigAooooAKD0oooGYMygTvx3pyDac5ouhi4cY701clhivAq6SZ9FS1gi9BWhDVGPjAq5CcVzSOqJej6VZQntVaLmrSKaxZqiZCTT7a32zvKxZs8AHoKdEnIq2i1Nhij2FGOKlVQoo25oAhIpKlKYNOWIEZNFguQUxj2q08IxkGoWixzRYLkDVBIeKml+UZNVpGBXIORSsBWmBYYqlKoxx1FXWaqlyvG4dD1rWJElczpxk496sRjCCoZcbhjvU6fdFe3gNmeHmD1QtFFFeieWFFFFABRRRQAUUUUAFFFFABRRRQBKOgooHQUVRIlx/wAfEn+8ajqS4/4+JP8AeNR1K2Le4UUUUCCiiigAooooAKKKKACiiigDHvxi5amwLgZqTU+LnPsKZEPkFeHiFabPoMM700WQcEVYWZYxzyT0FUi3HHWkjgkcliTk1ynWaQ1OOEgHJI7CpRr3HywH8aoQ2EzHhQM9yKvx6MzDLSfpUtRKVyeDXmyMw/L7Vs22oLMoZRgVh/2aU528j0qaN/IbBUis5W6Fq/U6FZwRUqSgisSG5JPWrscuRWZZceUdaq3N04TCmo5ZcDrVKW5J4FNCIrzU78HZFJgAcnHWqA1u7RtrNu+tXvKMp+bjNTDS4ZE5XIrRNENMoDVTKMSdT3Hanx3ZjAU8g1M2lQqcKDimPYLt+UZPrQ2gsxTJn6U1iGRlI7VGqMi7WHSndqkozXI3gVZXoKqkg3JGOhq2Ole9gV7jPn8wfvoKKKK7zzgooooAKKKKACiiigAooooAKKKKAJR0FFA6CiqJEuP+PiT/AHjUdSXH/HxJ/vGo6lbFvcKKKKBBRRRQAUUUUAFFFFABRRTZJFiXc2ce1JyUVdlRi5OyRQ1eM7UlHT7p/pVaE5jBrQM1vdo0JbaWGAG4NZ0KNGDEw+ZGINeTi4pvnjsz2cFJqPJJWaLMKA9RV2Lai8Gq0C0+XK157PRRZbUFiHGOO56VCPEIRsDe2f7q1TgtTNMHmPyg5xTdRspI7ppYBujc5BU/dNCS6g2zZTWWeUp5cgZRllkTGB61ZaVLiPcBg1X8M24guJby+ViXTYsYyx+pq7DBEmosqxMltIDt3dm9PYVEkuhcW+pUhZg/BratE8xOTWCOJiB2bit2xfYmPWsmaIju1K5FUdwj+Zqv3DAk1FdwJJbRkKfm4O2hAzFu9UaIbwp2A44702HXpUt2ma1kaEMF3lzwTVrUbaG408wRqVkjbcvHB9qx49Iv5NkDwtFGzZLN0A9a3SjYxblc2I9U3kDLKxH3ZB1+hq3FdCQYxg9waj1S2tHt441BZkUAEdeKpWsUsaDJJx2NRJLoXG/U0ZgGQmqpOKuKhMQOKpycHFShmRG4a7cA/wAXFaNZVojPescHarE5rXCORnY2K9/ByUYas+fxsZSqaIbRRRXceeFFFFAgooooAKKKKACiiigAooooAlHQUUDoKKokS4/4+JP941HUlx/x8Sf7xqOpWxb3CiiigQUUUUAFFFFABRRRQAqLvdV9Tiql7kyNtPyqcAVdiO2VD6EVUvOJWH+0a8vMJO8V0PXy2MbSfUz5Yt4z0NNRpHdjIcsDjNWmGe1QKAJHPvXn3drHpWV7ly3HFW/K3jpmq1tWlCvFYyZtFEKwEfwjFTLDgf6sfjVpF4p4XFRcuxEiygcvtHotRTStjapwB3qywLVTuTj5e5oAhhQs+a27SItGDWXAOQBW3bqVQDFKQ0Vp0xmmRswXg1blAzyKqgBXx2qRkZthIdykq2asqtz5QVjuUdM1MEBUMtTxsAuCKq4jNMJxyo/Kk8kelajAFaqyLg0mMqvwmKzZxzx61pSjiqMgoRLGaRp6fZzcMMku386vzWjzcbygHQCpdHAaAIwyqknj61buRsdSOlaKbWpLgmrHPXETxNhxyOM+tQ1patjzDx6Vm19FhZudJNnzOLgoVWkFFFFdJyhRRRQAUUUUAFFFFABRRRQBKOgooHQUVRIlx/x8Sf7xqOpLj/j4k/3jUdSti3uFFFFAgooooAKKKKACiiigAqpeE/aFP9/qat1Ddx+ZDx95eRXLi6XtKem6OzB1vZ1NdmVJWwCBVeIFXbPfmpnbKK9R5BIxXiHvF61NasHSse2bBrVgbgVlM1iXV6U8DNRoc1ZjXPFZGhE42pmsm7cpIpbv0rfaLKEnoBmsRVW8uzIOUXhP8aaEyfT13nOK3IlOBWbahYCFJ6mtmGSNVB60MCvMpAyRVCQgtWrPIjnANU7i3GzKjkdKkY63HyYNTY9KS3UMqmpygyKAIwfWopQDUzjFV2NIZUnGBVB6vXB4qjJ0piZYsrZozFcKxG7ORmtS4w9sW/u0kEKw2yBwBkdKZduEs2AIG44qkruwm7K5k6nKHkAFUafK++Qt+VMr6ihT9nTUT5TEVPaVHIKKKK2MAooooAKKKKACiiigAooooAlHQUUDoKKokS4/4+JP941HUlx/x8Sf7xqOpWxb3CiiigQUUUUAFFFFABRRRQAUUUUAZ9whic4Hynmq5C8EcGtSaISoR3rPeMofm614uKo+zldbM97CV/aQs90PgOCK1Ld+lZCHacVoW79K4ZI74s14j0q3GwGKz4Xq2j1gzZEurOU0uXYTuIxxWBpdyFTZkbh71vM+8YPIqnJYWjtloVye44ppiZkT396l0xdU2KeAOuK0bfWGkAAjfce2KswWUStkIPbPNacMCqB8oH0FNtAjHnOpzAPC0UPtJyTUlrqM0kXl3KhZhxgd/pWrPArrg9Krw6fAknmBfnHc1Iy9brtiUd8VKTioeR0pXkzikAjmq0hFSs+arStSGVZ2qo/JA96muGqos6JMrP8AdB5qkrktmu4iSJfLyc9yelU9QuCVC5x6AVPJJEIsqcg81lStvkJr0sDh3KfM9kebj8Qow5VuxlFFFe6fPhRRRQAUUUUAFFFFABRRRQAUUUUASjoKKB0FFUSJcf8AHxJ/vGo6kuP+PiT/AHjUdSti3uFFFFAgooooAKKKKACiiigAooooAKbKu+NlxyRxTqKGrqzGm07ozHGG6VZt2ptymDkCmRNg189XhyScT6WhU54KRrQPVpHrNhercb1xtHUmXd2B1pu7PJNQXEyxQFyazJdU2nCMMnv1oUbjubn2pI+rAfWr6TO6AoAR6g1x/nBhuY5Jqxa3BCMoYhT2zVOA0dStyhbYXUt7GpB61yhmUdOCKsQ6zLAdsp3J6k8ipcBnSFuKhkbBrPh1eCSVVVwc1clbcMis2rAIWqGRs0pbioZGwKAKl02AaybhjIQgPU81evJOKpQLuk3HtXfg6fPURxYyryU2WUyqBcnFLRRX0SSWx8023uFFFFAgooooAKKKKACiiigAooooAKKKKAJR0FFA6CiqJEuP+PiT/eNR1Jcf8fEn+8ajqVsW9wooooEFFFFABRRRQAUUUUAFFFFABRRRQBFOm5DVIZDYNaRGRVSeAr84GV6fSvNx1LaaPVy+rvBj4mq5E4I4NZiPtOKuRPXkSR7EWWpFSaJkkGQRWaIY4ztEakduKvhvlpgQdO1JOxY63aIrtZB78VbjtoSfljX8qrxxL24qcLIPuvj8KOYtMkkjhjGdq/lVWRIyfljUn/dq0Fdvvc1KkQUZA5qXIbZXttMh/wBa6KJPUDGKvA4XFNBwMU1mwKzbuIHbFVZpOKdJJVOV6pIlsr3BLtSxLtWgDLZp9fQYKjyQ5nuz57HV/aT5VsgoooruPPCiiigAooooAKKKKACiiigAooooAKKKKAJR0FFA6CiqJEuP+PiT/eNR1Jcf8fEn+8ajqVsW9wooooEFFFFABRRRQAUUUUAFFFFABRRRQAUjdCMZB6j1paKUoqSsyoScJKSKU0JQ7l5X1pYXzSyytDO3GVbqp700qmPMiOV9PSvnqsOWTifS0p88FIto1Tx8mqcbZxVmJq52jdMuxJmrKQk9qigbgVdjcAc1kzRDBCQOlIy7ateYu3iq0jA1OoyJjxULtgU525qtNKqLknFUkJsZK+OtU3cu20UPI0r4XmpBCEXOck9c1tGyeplLVDUHFOpRG6IrMPlYZBFJX01NpxVj5aompu4UUUVZmFFFFABRRRQAUUUUAFFFFABRRRQAUUUUASjoKKB0FFUSJcf8fEn+8ajqS4/4+JP941HUrYt7hRRRQIKKKKACiiigAooooAKKKKACiiigApGYIpY9BS1G2XfA6L/OoqT5ItmlOHPJRKErFpCX4JOcelMUlTwaYZPMuJP9k4qQCvAnLmk2z6OnFRikiRJO+cVajmqgRTlcg9azaNEzegmAXr0qws2Oc5rn47orwelTrfDHFZOBakbyzjbyaY86jvWI2odKja7lnOyIEfSlyD5jSnvVQE55qjmW4bPYnvUkFoQd0p3N71ehh9qNEG5DBbiMZ71JIny1bCACopFzxSuOxQtHeTUPsbtlShKg9qfJGY5CjDkVAz/Z9csZezNtJrf16z2EToOD1r2sFX0UWeLjqH20YlFFFemeSFFFFABRRRQAUUUUAFFFFABRRRQAUUUUASjoKKB0FFUSJcf8fEn+8ajqS4/4+JP941HUrYt7hRRRQIKKKKACiiigAooooAKKKKACiiigBGbapJqRbSb7G1wFO0Dcaqu3myCNeg5Y+1djbRA6DKrYAZcHPpXn4ur9lHqYKlb32eaW5JnlPq2augZqpbqTKzDjJNX1XNeVJnrJDcU3bUwQmgoe1TcqxARSbTVtLdnbGKu21gAQW5PoaTdhpGdbWMlwwxwPU1sQWSQJhQM9zVlE2jAAxTyvqaycrlpEKoKnjXjpSqgHNSgHHAqShu3A96ikWrDDionHFIDE1KMtPaBRlvOGP613V7AtxpwHUFBg/hXHxoZ/EFrEOiKzH8eK7TT2M2kwE9fLAP1HFdtFtK5y1UnocPJGYnKN2plbeqWJkeQxj5l+Ye/rWJyOoIr3aNVVI+Z8/XounK3QKKKK2MAooooEFFFFABRRRQAUUUUAFFFFAEo6CigdBRVEiXH/AB8Sf7xqOpLj/j4k/wB41HUrYt7hRRRQIKKKKACiiigAoooHJwOTQMKKsQ2U033V47mr0Ojrt3zSbVHJJ4rKdeEd2bQw9SeyMpVZzhQSfaluIJIow0nygnAFdHaWS5/cRjaP45DgH6DrVG/iWS7fDiQxfKCBgbj2A9q4qmLb0id1LBJayMW2QFgQBhmxXYSqW0yKFfvSyBf0Jrlo4xHOiejV1kYzcWEfoHfH0GP61xN33PQSS0R5/DamNtrDkGraQe1XNRi8rVJ1xj5zSonFcsnqdEUQpbZ7VMtovUiplFSqOKzuXYhWLaMAAipVBHY08LTwvpUtjGAfWnqhbtinhaeopDFRAvPWlJp/0pjdaQDTUbjNS4zUF84t7WSQ/wAK8ZpoCn4fYz69dTAcAbFz2wRXW6V8i3UH/PKdgPofmH865bwtEYkgnb/l4aT+n+FdRbkprFyvaWNZB+GQf6V2wVkcstyG6TF2vowIqmbCG4Z42T5lPUdcVpX64ZG9HH61Ayss4KMULjG4DOCOnFaxk47GcoqSszIm0Vgx2qWH+zwR+FUJbCVCdnz46joR+FdhHIHcRTqI5u3o/up/pTbqyjlwWX5h0YHBH410wxU47nJPBwlscOQQcEYNJXTXWllwd8fmjsyjDD8O9ZUukuAWgcOB2PBFdsMTCW+hw1MLOG2pnUU+SN4jiRCv1pldCdzlaa3CiiigQUUUUAFFFFAEo6CigdBRVEiXH/HxJ/vGo6kuP+PiT/eNR1K2Le4UUUUCCiiporaWZgFQ80pSUVdlRi5OyRDU8FpPcH93GSPU9K19O023X55WDsDjHXBrYjMSLhI64qmMS0id9LBN6zZhwaCxwZpBz2FacGl20I+WPJ9TUlncyz+bKVAjLkR49Bxn86sFnc8muKdac92d8KFOGyI/3ERKKpZ1AOxR0zUIXewkljG4H5VJyF/+vTbQhpbqbP3pdo+ijH+NOkk2IzngKCfyrI2sU/tfkafcXJOXaRtvuc4FQWtsY9iPyyr5kh9WNV7XdeXVtb9Y4F8x/djzWnAplM838LtgfQcUCMR1H9oYx05rpLPLanF/s27H8yKwvL36q2OigfnXQWAC6i24YKwKOT6k/wCFAzH8SWoS/E6jG4Dd9aqQpkcV02qWwuMKQPnUqPqOR/WsCNdjYbgjg1zVVZm8HdETqQeKegyKWUgmnQjNYmgoWpAvFPWLipBHSGQinCnmI03aR1oAUCmsuTingjbTfMUNnNAEipgVi+JptlskK9XPStoTLjmucu86jr8UQAKq4H4Dk1cFdky0R0FvbCy0zT2IwYmUN/wIEH+dah+XU7aTPDq6foD/AEqvrDKmmyR4+/gKPxFWZ02G1butwB+akV2I5mS6iuYGI7DP5VDOuYt4/hw1XLhN8TL6giq0Z32Sk/3OfypiJlEd1D5cqg4/yCKjlaWxiaR38+FBk7h84/HvVaJzHdKoOA8SsPqOD/Srtwv2qymi7shH6UASRssqbtjL7MMGobq1jl+bG1x0ccEU+yl86yhk7sgJ+tSSIzxMobaSCAR2NAGTPZOwO5FmX1UYP5VjXGmK5YwZVh1UjBH4V0+m3DXNnG8mN+35vqOD+tOuoIZF3SHYyDIfoRW0K0obMxqUITWqOFlhkiOHXHvUddhc2RPFxErL/wA9UH8xWRd6IR80JGD0x0Nd9PFRlpI82rg5R1jqY1FSywSwttdCKirqTT2ONxa3CiiimSSjoKKB0FFUSJcf8fEn+8ajqS4/4+JP940xVLHip6GjV2IBk1ZhtS6lnYKoGTmrtpYhY9zLlj61NPbDbBCFwJZAD9Bya4a2LS0gd9HBN6zI7OzgWNZHQsTyAau3DGC0kdcLhflAGOe1TrEdw4Apt3HvubSI/daQsfooz/PFefKcpPVnpRpxgrRQ+ytvLgjjH8Iwfc1auR5FnNL02oSPr2qxFGAOlV9TO6GKL/nrMi8emcn+VQWOtrcW9nFGP4UAP9abcyiC2ll/uKWq24JFZuq8WLKOsjon5sKAG20Zgs4oz94LlvqeTVHW7jydOk9XIQfjWo/JIFc/qn+na1a2K/cXLNTAvabbNZ6LNdPxLKu4evPAFTySJbWix9kUDjuatSyxSyG28ouiKG9gR0zVMj7YkiWz5JbbJLjj3AoEUZrldNjcoQ96wJPdYz/U1hStNcRi4ldnkYBmYnmuoOgRLG5Mrk4P8qxltvLtogw4ZBzSGavhzVGvIFs5nzNAwKlurLjp9RRrdu0V0JI/uSfzrnbJDDcMWyGZz07dhXUWyxXFklm7GORDlGY5D/jUTjzIuLszKjhZuSasxxFSKna1kgfbIhU1MqjbyK5WrHQhiHHeplYd6gZCGyDx6UDINSMlcioXelJ9agEgl3bD0OD9aAELEt1pSnpSxx/vATVplAGQKBlFlYDJqvplm0N4LxxgzMwX/dx1rVa13xCSQ7Y8/i30qWGJ523CPHZF/uj1Nb04dTGciKYtc3Vuj8IXBPoFXk/yqebWrCRVCSkFJVb5l6jPOKy9cuZrexureL7zcGRR0X0/Gs7y8D8K6EYneK6Sxq6MGVuQQeDVGLjTyfZv5muf0bU/7OnEc7kWzkD2Rj3rooyp099pBX5sH15piI7hCk1jJj1jP4r/APWq5Ceah1EbbaFv7kyH9cf1qbbtc0AR6YNsMkX/ADyldR9M5H86sucGq1qdt9dp/eKuPxGP6VO45oAoadlIJMf8srhx+Gc/1qxqOHsZ/wDrmT+lR2Y23t9F6ssg/Ff/AK1F3xp9yPSMigC7EcxIT3UVTvYVgikuYsrsUsyjo2Pb+tXY+I1+gqtqZxp1zj/nk38qAKzJa3Sqki8sARkdazLzQhktCc+x61uKm2ONwBjaM/lSX0pisZJkCllAPP1rSFWUNmZzpQnujjZ7GWE4Kn6HrVXocGu9ntIZVAccH1rF1DRRuyqkj1HUV208Z0kefVwVtYGCOgoqz/Z1wOAYyP8Aeorr9vT7nH9XqdivIhku3RepY1pW9molhhx1y7/QdP1qe204xySSyLl3OQPQGrFuu3UJgeSEUfTrXBia9/diejhcPy+/JallYsLxzUUqbr+0X03t+mP61oRLnioNmdYfHSOAfqf/AK1cJ3g3yvUcY83VhjpDD+rH/AVPOuMGq1gf9LvGPd1X8l/+vQBqr6VTuhv1GyT0LyH8Bj+tWozmoI/3mryntFCq/iST/QUAWjwtZWofPcWkXZpdx/4CCa1mGRWTN8+rRj/nnEW/EnH9KAHXUgt4HlY4Ciuc028t4dQuLi4DvOUGxVHXJ9e1bmq2c14qRo4WPOWJqHTNNggv7ghd7IEXc3rjNABa21zdyGa7/do2P3acbvTNXtMQKtwAAAJ2wB+FWwBiqtiMSXY7Cc/yFAFthxg96y7G3jubGFJF7Y+mCa1Dzis/TRi0XnozD/x40AYuraW9jcqwO6N/ut7+lPjQrHnf8p6ZNdNcwx3dkyS9BznuMVm3GhrJasqSbiRlD0wexoArx6pLDDtmCyxDruGcVOu2RP3ed3XGc5HtUsNhFJaLIg3hhh1bqD3FVYrdrYKoY4X7re1TKNyouwuaO9TNH53zJgP3XsfpUGCDgjFcsotHRGVwOKj4HanPSAVBQgYCrNrG1ySQPkXqe2fSoUgknbbGpIH3j0wPrVpbiT7N5kSKEUmOCNO5/vGtqcL6sznO2iI3kgeIXV7c7IC2EQ8E4OMY7Vesx9pcTbGjiUYRSevvismXS5HFrJdOXc3CDBOcDOf6V0iqFGB0rpRzlPV40k0942UEOyrj6sKo6jogIMlqPqn+FaGpcwxD1mj/APQhVymB51qcRWAq4IO9QQfrXV6NdrPpvl4UyQ4Tb6jsad4h06K7tVOAkplQB/8AgQ61Qs7W5sdSWFxtSY4Ldjjng0Abeqf8eLE/wsh/8eFTuOc1Bqn/ACDpfw/mKtkZoApfc1WI/wDPSJl/Ig/1q29Vrobbqzf/AKaFfzU/4VZk6UAUh+71lD2mhI/FT/gaXURi0ugO8ZNF4PLls5v7ku0/Rhj/AAqS+TdBIP7yMP0oAspzGv0FQ3y7rG4HrG38qfbNutom9UB/SnTDdC6+qkUAR2hD2UJ7GNf5VW1FD/ZtynohI/CpdLbdplsf+mY/lViWMSRsh/iBFACIRJCp6hlBqC+Yw2jSKclCDj156U3T3LadAW67Mflx/SlvyWt44x1kkVf1z/SgBxghyc4/SirBRCclV/KincmxmyN5Slh94oP5VQtTuv529lH6VPJP5rN8jKgUAE8buP5VWtG/0qf6r/Kk9xrY2oeoplqA2oXrehRPyX/69Og5xTdN+Y3T/wB64b9MD+lIY+4Ss+0+Wa6/66/0Fa0oytZMIxdXftIP/QRQBowsM1Hpx8xrqb/npMQPovH9KiMvlRPIeNqlvyFSaQNmnQKfvbAT9TzQBck4Q1kQfPqV25/h2IPyz/WtaTpisrT/AJ/Pm/56zMR9Bx/SgC23QCqthj7RdnuZiPyAq2fvVU0sbreST+/M7frQBex6VU07J+1f9fD/ANKtr1qtpg3RzuP4riQ/rQBb4PFZ1mMC4UdBO4/WtEiqNiMteA9rhv5CgC5Ecoy+oxSaW2/Tbdic/IBSRcPTdHOLAJ/zzd0/JjTAdB+4v5oT92X96n8m/p+dTyQRy/fUH3qC9Gya2nH8Em1vowx/PFW6AMdrI296Io3xFKCYw38LDqP6/nT2hMhZHGJl6H+97Vdv42e3LoMyRESL9R/9bIpzxpcxq6nBIyrVMopjTsYrDHBFESedJsU4A6n0FWbuCSVx5Y/eE4YenvUkVuka+Sg81/4gDxn/AGj/AErFUtTV1NCURh4vs8Pyxnhm9fp61bjiSGNUjUKqjA9qppERqybmyyQHPpyR0H4VoVukYlK9GbmyT/pqW/JTVyqdwc6paL6LIf5CrtMCpf8AW1HrOv8AU1bqne83FmP+m2f/AB01coAp6p/x7L/11T/0IVaZFcAMobBzyKqaqcWqe8sf/oQq7QBU1T/kHTfQfzFW6qar/wAg2f8A3f61aHQUAVNSO2GKT+5Mh/XH9asvzVfVF3abcAdQhI/DmrEbb41f1ANAFfUkLadNt+8q7x9Rz/SpHIkhVx0YA/nUrqHRlPQjFVbBi+mQk9QgH5cUAP0//jyiHoMflxViq9icRyJ/dc/rz/WrFAFPR/8AkGQj+7lfyJq5VLSeLaRP7s0g/wDHjVxmwKAKOn8WYT+67j/x41LdH/SLRDgZcnP0BqLThm3B/vOzfmxqW6t1upkR/uqpOR1B7Ee9AFqiqgTUFGBLA2OMlTk0UAVb2PIgbsy7T+VZMbeXfMf76j9OK37hN1iPZQf0rm55Al+hP3cGh7iWx0dqc4o0jmx3/wB+R2/8eNRWz4i3+i5qbSBjSrb3TP580hlpxlayIOZrtvWcj8gBWzWNZjMMrZ6zyH/x6gBL840+4/65mrlq2xEHYKKpah/yD5/9yrUR+79KALF1OIoZJTyEQt+Qqrp0JisIFb72wE/U81HqrY02Zf7wC/mQKvDGAPTigBjHaC3oM1W0gH+zYc/xLu/M5qa8Oyznb0jY/pRYJ5dlAh6iNR+lMCwByKqaP/x6MfWVz/48augVU0X/AJBsR9Sx/wDHjQBcfFZ9iMXF9/13P/oIrQYfNVCw/wBffZ/5+D/IUgLIGGqLS/le9iP8NwT+BAP9as4qtZcapfgdP3Z/HbTAvHByrDI96jEw+1GAjnZvB9RnFS4qlN8usWpH8UTqfwwaALtV7RXhEsTKdiNlD6g84/DpT7iby9iD78h2rUoGBigCsFkuGkDqYkzjj7zfjU8cSRIEjUKo7Cn0UAU4Pn1K6b+4qIP1P9auVSs+b6+/31/9BFXaAKTc6zH/ALMDH/x4VdqmR/xOAfS3P/oVXKAKd3zfWQ/2m/8AQTVyqV2cX1j7uw/8dNXaAKOr/wDHrH/12j/9CFXqo6v/AMeJb+7Ih/8AHhV6gCpqgzps/wDuZqypyoPtUd2u+zmT1Rh+lFo/mWcL/wB5FP6UAOnTzIJE/vKR+lRac2/T7c/9Mx/KrB6VU0r/AJBsH+7/AFoAuVS0wYtGT+7I6/8Ajxq7VLS+baQ+s0n/AKEaAJIBtnkHrg1ZqIjbOD68VLQBR03hrxPS4Y/mAaku3Ijbb1xgfU0y3Hl6jeL/AHwkg/LB/lTiDJcKOy/N/hQBJbRCKNVHRRgVNQBgYqmkj2s3lTsWidv3ch7E/wAJ/oaALtFFFAGdeymPTdqf6yRRGn1PFc9qsBgWNOfk+Td/Kt6JvtF9FH/DboHP+8RgfpmqviK3zb7wKb3EtiGxut+lysT8yRsD+VbWnDbp9uvpEv8AKuOsp9lteRk9YiQa7K0b9zGP9kfyqRljoM1kafzp0bd2LN+bGtSY7YXPopP6Vm2a7dNth/0zFAEOo8afP/uVYj4Cj0qrqJzalP77qv8A48Ktjg5oAh1XP2QL/ekRf/HhV0HmqeoYb7Kn96df0BNWhQBDqx/4lswHVwEH4kCriKAoUdhiqGoHeltEP451/Tn+lX0OaACZ/KtpZP7qE/pUWmJ5Wn2yn/nmM/jzTNXYppdxj+Jdv5nFXEXCKvoAKYDiOQaztO5juH/vzuf1x/StHOKo6QudLiY9WLN+bGgC0Pu5qpp/zahft/00VfyUVbXoRVTTP+Pi+PrcH+QoA0aoSfNrkI/uQMfzIFX6oAZ1qQ/3bdR+bH/CgB0i+Zq0P/TKNm/M4q7VOE51S49o0H86uUAQ2s32i3WXGM54+hxU1VNM4tSB2kf/ANCNW6AKNh/x9X3r5w/9BFXqo2X/ACEL8f7aH/x0VeoAp5xrOPW3/wDZquVSk41mE/3oWH6irtAFK+4uLJv+m2PzU1dqlqfC2zf3bhP1OP61doApav8A8gyc+gB/IirgORmq+op5mnXK+sbfyqS2bfaxN/eQH9KAJGG5SPUVV0s506D2XH5Vbqnph/0Qr/ckdf8Ax40AWm+6fpVXSf8AkGW/+5VuqmlH/QVX+4zL+TGgC5VLSv8Aj1b/AK6yf+hGrlU9M4imX0nkH/j1AFmVSyHb94ciiGQSxhh+I9DUlUIWMd7dID0KuB9R/iKAHS/JqsR7SQsv5EH+pqeFQCW9arXbjzLabpsk2t9GGP54q5EPkoAfTJY0miaORQyMMEGo7i5W3Me8HY527+yntmpVPy80AUfsuoKNqXy7RwN0YJx7mir9FAGLo7cSyHrJIT+A4H8qvajEJ7GVcZO3IrNsG2wqB7/zrWhcOmG/Gm9xLY4LcUkcdMqVrtrN/kUewrhZmLPIxGPmbH0zxXY2Mn7pD7CkM0b1ttlO3pG38qgVPLtIV9I1H6U7Um/4lcxHdMU+4G1F+lAGTe8+QPWZauDk1SvP9faj/prn9DVxTQBFP89/Zp/dDv8Apj+tXFqipzq6g9oD+rVeFICrcc6jYp6F2/Jf/r1oR9cVnyDOsQf7MLn8yBV5eDmgCDVvmtY4/wDnpNGv/j3/ANar69aoaj80tin964B/IE1eXrTAbcNst5W/uoT+lQaWuzTLVf8Apkv8qdqTbNNuW/6ZN/KpLVdlrCn91FH6UAOAw/1qlpY5un9bl/6CrzDpVHR+beU+s8h/8eoA0apQjOrXR9I0H86u1Tt/+QleH2T+RoAbbHOqXnsE/lV6qNtkateD1VD+lXqAKemH/R5P+u0n/oRq5VPTf9XMPSd/51coAz7XjV74eojP6GtCs+DjW7sesUZ/nV+gCpPxqdofVZB/KrlUrs4vrE/7bD/x0/4VdoAo6wP9ALf3JEb/AMeFXqpauM6Xcey5/LmranKg+ooASVd8Tr6qRVfSm3aZbH/pmBVqqWj/APIOjX+6zL+TGgC9VOwwDdKO07frg1cqlZ8Xt8v+2rfmooAu1S0/5Wuk/uzt+uD/AFq7VK1+XUL1fUo35j/61AF2qen8G6HpcN/SrdVLHie9X/ptn81FAFysyTjVJ8d4k/ma06yrpzHqEzBC58lSFHUnJoAbdP5gW2z80p/JRyTWqgwgFZttbNG2+Zg08h+YjoP9kewrToAjuY1mgeJxlXGDVaynZ7UpJ/rYm8t/qO/4jmrMpqnKvk6hFIPu3C7G/wB4cg/lkUAaA6UUDpRQBy2nz/O0ZP3WIH51qzs8VlNKn8MbH9K56YPZ6gAf+Whyp9eM1uCcTaTcKDz5TfypvcS2OSvdolAXgbF/lXRabNm2j/3RXPaqoS8bHQqpH5CtLS5s2seTyOKQzor5t2lFQeXZV/NhVq7H7rPoaz2fzILSP+9cL+Q5/pWlcDdCwoAw7v8A4+LX/rof/QTVtTVO65ubb/fP/oJqyp5oAjiOdVmP92FB+prQHPNZ1sc6hdn0CD9K0U6YoAqg7taYZ+7bj9WNXRVKHB1i6PpFGP51czSAguvmv9PX0Z2/Jf8A69aK8is1znWLVfSJz+oFaA4NMCrrJxpNx7rj9auLwo+lUtZ/5Bzr/edB/wCPCr1ACHqKz9FH+gK3rI5/8eNaBqlo3/ILhPruP/jxoAvVUtv+Qhef8A/9Bq2KqWv/ACEL3/eT/wBBoASD/kKXX+6n9au1Th41S4HrGh/nVygCnp3S5HpO9XKpacfmux6XDfyFXKAM9ONflA726n/x41oVnj5df/3rb+TVoA0AUtR4msW9JwPzBq9VDVThbVvS5Sr1AEF+u6wuF9Y2/lTrRt9pC3qin9KdcDdbyj1Qj9Kh0xt2mWx/6ZL/ACoAtVR0viO4T+7cOP1z/Wr1UtP4nvV9J8/mooAu1Sh+XVrof3o0b+Yq7VIcayw/vW4P5Mf8aALlU0+TWJR/z0hU/kSP61cqlJxrEPvC4/UUAXap2vGoXq/7SN+a/wD1qt9KprhNYf8A6awg/ipx/WgC9WZKcay//XuP/QjWkTgZrKc7tVlb0hUfqaALUZzIDVmWRYomkc4VQSTVO1YGYp3xn8KmvWHlrFgHzW2YPp3/AEoAN28Ag5BGRUOpgi2DqMtCRIMe3X9M03SyfsyxsctExjP4Hj9MValKliG+6Rg0ASqwdQynIIyKKxI49UjiRI0GxQAuT2ooFcg1S3E9xaoOGVDJn8AKrW0jReZC4xuUjH4VrRRNJcSysOkaIv0xk/rVa6td3I+8Kb3COxz2rgPBZzDq8IB+o4punTbUx6HNLeqwg8lusMrKPoeaqWzlTjHQ4pDOpspDJf2Kg8ASP+mP61vSN8h+lcro0u7UIj/dib+Yroy+5aAMmc5voB6B2/lVlcGqs/Gpx/8AXNv5irCnmgBlmM3d4wP/AC0A/JRV9c1nWDZlu/8Arsf5Cr4bigCG2OdUvT6CMfpVvPNUbJs398f9tR/46Ku5pAV+uuJ7W5/Vq0c1mRnOtP8A7NuP/QjWl2pgVdX5tol/vTxj/wAeFX6o6n9y1HrcJ/Or1ADW6H6VT0b/AJBNvn+7/U1cf7h+hqpo/wDyCbb/AHKALoqpa8aje/VD/wCO1bHWqlt/yEr3/gH8qAFj/wCQpN7xL/M1bqqv/ISb3iH8zVqgClYcT3o/6b5/8dFXKp2XF3fD/poD/wCOirlAGdNxrtufW3cfqKvg8VQuuNbsz6xyD+VXaAKmsf8AHpGw/hnjP/jwrQrP1gf8S/6SIf8Ax4VoUAIwypHrVPRznSrf2XH5GrtUdGP/ABLYx6M4/wDHjQBeqjZ8ajfr/tI35r/9artUrfjV7weqRn+dAF6qLca3H727f+hCr1UZf+Q1b+8L/wAxQBdJxVGY/wDE3t/+uL/zFXW6VQmONUgH/TJ/5igC3uqlI+dYhA/hgcn8SKsk1QjJk1G6k7IFiH5ZP86Qy+0nFZ8R3XFzJ2LhfyH/ANerOcDmqVu37nd/fYt+ZpgXdNhWKWVwSzSHJJ/l9KJG87Uj/dt0x/wJv/rfzqO2u4oY3kkYKq0y0Z3Q4H7yVjI5/u56fpQIIZxa6hdIUdlk2yLtGeSMH+VXIczuXZSEHY96oW07x6cbkAtvlyWbspbHH4VsqoVcDoKAHUU3cKKAuYxvDE1uR0MgjYeoI/xq7KityK5ueZjDKO6MHX8Dmt+3nWeNXz1GRVS3Ijsc5qcBZLqZR0uCPyAFYittk68Hiuyu7Erp88a5kLs0nT1riJuCeaks2NMm8u+iJ/iBX8a6lJMqMVwNlfDztrDDRtwfWuutroGNaAFuB/xM1x2iP86mU81Su5fLv4pCDtkjKA+4Of5VLDMGOM80AOsjtuLxf+moP5gVdzWcuY9TYZ4liDfiDj+tXENAEVoduoXg9Sjfp/8AWq+Dms+341S5x/cT+tXh1oAhtznWLn2iQfzrTQ81mWnOqXp9BGP0NaScmkMr6kf3liPW4H8jV+s+/J+16evrMT+SmtCgQyXiJ/8AdNVdJ40q1/65irNwcW8p9EP8qr6YNum2oP8AzyX+VAFvuKqW3/ITvf8Atn/I1aqra86lff8AAB/47TAUsRq6rjhoT/OrlUgwbWSp/hg4/E1czzigCvbwtHdXMhIIkYEY7YGKsUgIPSloAzbsg6zY/wC5Jj8hV6s67JXWbHPTEn8hWlnNAFTWP+QXIfQqf/HhV6qGsEHR7n2X+tXlOUH0oAdVDR+LNh6TSD/x41eqjpPEdyPS4kH60AXqpR8a3P7wIf1NXqodNeP+1bfyb/69AF6qE5/4nVp/1yk/pV+qFzxq1kfVZB+gNAF1ulUJzjVbb3jkH8qvMeKz5z/xNbb/AK5Sf0pDLRqnZ/fuj6zn+Qq0TVG0fidv70zEfyoAlvZBHayMOu3A+tUpSYoAifewFX60+9kLtFF2Lbm+g/8Ar1CG8yTPZOPxoAGtrdF869uNsCY2r6kfzrRiJlG1U8qE/wAPdvrWdc26SQytjczRnBPOOO1aNk/mW8Un95Af0oAm1GMf2TOqgAKmQB2xzUxm3xqV53AGo55EeM25PMikY9u9EKLEir2UAflQBOqfKKKeDwKKok5C4g8uViOUbrU+jzEWqKeqZT8jirs8IYD3ArMtAYrm4UfdEp/kKqRMdjoYpMgVxWsW6x31xhRtErY/Hn+tddCfkzXN64Abm5Pfep/Nags53yFS4Rkb+LJBrrdMffbqCeV4NcdcMUuVLE7cg10WmT+XcPGeh5FAGtqSg2gk7xyK364P86QxKrkHtSXTeZp1wP8AYJ/LmnXLjy45OzAGgBrjbe2xyT8rj+VXI2w5HY1QEga8h9o2P8quxncRQAlp811dvn/loFH4AVeFZ+lndA7f3pXP61fU0AQWJze35/6aKPyUVpR9RWXppzJeN1zcN+gFacfWkMgu+dUsB6eY36VfBrPm+bWrQf3YZD/Krw60ARag2zT7lvSJv5UtqAtnAPSNR+lRat/yCrr/AK5mp0GIUX0UfyoEPqpY83l+3/TUD8lFWelVNMO6W+P/AE8H+QoAJFK65C46PCyn8DV5hn2IqB0zqETeiN/SrNMCCGfzLiaEgZi28jvkVNVG341i8HrHGf5ir9AGRf5XV9PJ6ZkH47avg8VU1Zf9L05scicj81NW14WgCpq4zpF1j/nmTV6Fg0SH1Ufyqpfjdp10PWJv5VLZOGsrc+san9KQy1VLTOt4PS5f+lXB0qlYcXd+v/TYH81FMRfrPfjXoz627Af99Cr9ULjA1u0PrFIP5UAXjWfeHGo2H+8//oNXHf0rOvmzf2H++3/oNIZfZ6oStnVIfaJ/5irRaqhIOpk/3Yf5tQBYZsDJ7c1SteLVD/eG78zmprt9lrMw6hDUTAx2nH8KcflQBVLb3klHOTsX8P8A69IBjbEh+Y/5zUgURRKv91f1qgL5becODvKtmTHp3oA1o8Zx2HFLpu6O18ts/u3ZBnuAeKhluEjMbDAWRwoJ96lEjzcR/d9aAEklC6xDz96Fx+RBq8j96zLqApLazE/MkwH4Nwa0lGKBlkScDiimDoKKogoKS4GB2FUrGMyfaHxndO36cUUVUiY7FxyYVwBXM6lI0s1wxGA0gA/AYooqCzJuYBKhGPxq1EziOCXvgAmiigDeg3Sw4I4df50W0bz6QgP3kBXP0OKKKAKCO8d1GT6Mv+fyrVtXZj0oooAm0dWNhGcdS38zV8Rt6UUUhlbSkbZc8f8ALw/860okb0oooAgKn+24+Olu3/oQq9g0UUxFTVwTpVwP9irYUhQMdqKKAGlWz0qppQOLsnqbl/6UUUAWWz9rj9Njf0qeiigClECNYuD6xJ/NquUUUAUNVUmSxIHS5X+Rq0yHsKKKAIbiNvs03H8DfyqLSwzaZaNjrEv8qKKAL6jAqnZDF/fj1dT/AOOiiigC7WfdAnWLMgf8s5P6UUUATur46frWfcK76raJj7iO/wDIUUUDLZR/SqkSs1/cnH3VRf0JoopAF6jfZWGPvEL+Zp1yjC3fjtiiigCrdpJ9nnKj5ghxz7VgaNbKkXnTHcu0N9c0UUDNWeM3VlKXXEYXKr9OhrahibYvy9hRRQBDexsxtkx96df0yat+W3pRRQBMI2wOKKKKdyT/2Q==', '2021-2026', 'Nam', 'Kinh', 'Không', '', '051203000442', NULL, 'Khu vực 3', 'DCT121', 'Đại học chính quy', '11383', 'Trịnh Tấn Đạt', 'trinhtandat@sgu.edu.vn', '0968761522', '', '', '', '', 'DHSG', 'ĐH Sài Gòn', NULL, 2.71);
INSERT INTO `user` (`userId`, `fullname`, `dateOfBirth`, `placeOfBirth`, `phone`, `email`, `isStudent`, `class`, `stillStudy`, `firstAcademicYear`, `lastAcademicYear`, `isActive`, `createDate`, `lastModifyDate`, `facultyId`, `majorId`, `accountId`, `createUserId`, `lastModifyUserId`, `avatar`, `nien_khoa`, `sex`, `dan_toc`, `ton_giao`, `quoc_tich`, `cccd`, `ho_khau_thuong_tru`, `khu_vuc`, `khoi`, `bac_he_dao_tao`, `ma_cvht`, `ho_ten_cvht`, `email_cvht`, `dien_thoai_cvht`, `ma_cvht_ng2`, `ho_ten_cvht_ng2`, `email_cvht_ng2`, `dien_thoai_cvht_ng2`, `ma_truong`, `ten_truong`, `hoc_vi`, `GPA`) VALUES
('admin', 'Quản trị hệ thống', '1990-01-01 00:00:00', 'TP. Hồ Chí Minh', '0900900900', 'admin@gmail.com', 0, NULL, NULL, NULL, NULL, 1, '2024-09-08 17:02:32.951101', '2024-10-10 21:57:54.314880', NULL, NULL, '032646b8-5249-11ef-89f2-1aa268f50191', NULL, NULL, NULL, NULL, NULL, NULL, NULL, NULL, NULL, NULL, NULL, NULL, NULL, NULL, NULL, NULL, NULL, NULL, NULL, NULL, NULL, NULL, NULL, NULL, NULL);

INSERT INTO `user_register_subject` (`id`, `registerDate`, `lastModifyDate`, `userId`, `subjectId`, `semesterId`) VALUES
('4cba5aaa-9790-4822-8597-1bf1c4b514bf', '2024-10-12 13:29:53', '2024-10-12 13:29:53.063370', '3120410003', '841324', '20243');
INSERT INTO `user_register_subject` (`id`, `registerDate`, `lastModifyDate`, `userId`, `subjectId`, `semesterId`) VALUES
('98cb0dfa-e10d-464d-a96b-abc22a7d92d5', '2024-10-12 13:32:38', '2024-10-12 13:32:38.435669', '3120410003', '841417', '20243');



/*!40101 SET SQL_MODE=@OLD_SQL_MODE */;
/*!40014 SET FOREIGN_KEY_CHECKS=@OLD_FOREIGN_KEY_CHECKS */;
/*!40014 SET UNIQUE_CHECKS=@OLD_UNIQUE_CHECKS */;
/*!40101 SET CHARACTER_SET_CLIENT=@OLD_CHARACTER_SET_CLIENT */;
/*!40101 SET CHARACTER_SET_RESULTS=@OLD_CHARACTER_SET_RESULTS */;
/*!40101 SET COLLATION_CONNECTION=@OLD_COLLATION_CONNECTION */;
/*!40111 SET SQL_NOTES=@OLD_SQL_NOTES */;